TimeUS,I,Status,GMS,GWk,NSats,HDop,Lat,Lng,Alt,Spd,GCrs,VZ,Yaw,U,t_s
2346826855,0,3,397453399,2382,12,0.87,41.6066891,-86.3560426,231.6,0.08011242747306824,65.67442321777344,-0.003000000026077032,0.0,0,2346.827
2346826870,1,3,397453399,2382,12,0.87,41.6066991,-86.3560505,230.97,0.010295630432665348,150.94540405273438,0.026000000536441803,0.0,1,2346.827
2347027350,0,3,397453599,2382,12,0.87,41.6066892,-86.3560425,231.6,0.11845674365758896,348.3106384277344,-0.12000000476837158,0.0,0,2347.027
2347027363,1,3,397453599,2382,12,0.87,41.606699,-86.3560505,230.96,0.0010000000474974513,90.0,-0.010000000707805157,0.0,1,2347.027
2347227012,0,3,397453799,2382,12,0.87,41.6066893,-86.3560425,231.59,0.0720069482922554,0.7957234978675842,-0.003000000026077032,0.0,0,2347.227
2347227026,1,3,397453799,2382,12,0.87,41.606699,-86.3560504,230.95000000000002,0.024413112550973892,124.99201965332031,-0.01900000125169754,0.0,1,2347.227
2347427054,0,3,397453999,2382,12,0.87,41.6066893,-86.3560425,231.53,0.05408326908946037,266.8201904296875,-0.021000001579523087,0.0,0,2347.427
2347427068,1,3,397453999,2382,12,0.87,41.606699,-86.3560504,230.97,0.012529964558780193,61.3895378112793,0.04800000041723251,0.0,1,2347.427
2347627033,0,3,397454199,2382,12,0.87,41.6066895,-86.3560425,231.55,0.11216060072183609,31.13897132873535,-0.03200000151991844,0.0,0,2347.627
2347646999,1,3,397454199,2382,12,0.87,41.606699,-86.3560504,230.97,0.03848376125097275,114.5671615600586,0.021000001579523087,0.0,1,2347.647
2347826998,0,3,397454399,2382,12,0.87,41.6066897,-86.35604239999999,231.52,0.0778203085064888,244.093505859375,-0.18400001525878906,0.0,0,2347.827
2347827012,1,3,397454399,2382,12,0.87,41.6066991,-86.3560504,230.99,0.051623642444610596,328.4652099609375,0.009000000543892384,0.0,1,2347.827
2348026951,0,3,397454599,2382,12,0.87,41.6066897,-86.3560426,231.49,0.095294289290905,241.82142639160156,0.01100000087171793,0.0,0,2348.027
2348026965,1,3,397454599,2382,12,0.87,41.6066991,-86.3560505,231.0,0.03862641751766205,338.74951171875,-0.03200000151991844,0.0,1,2348.027
2348226961,0,3,397454799,2382,12,0.87,41.60669,-86.35604269999999,231.49,0.11806778609752655,333.8689880371094,0.07300000637769699,0.0,0,2348.227
2348226974,1,3,397454799,2382,12,0.87,41.6066992,-86.35605059999999,231.01,0.016763055697083473,287.3540344238281,-0.020000001415610313,0.0,1,2348.227
2348427036,0,3,397454999,2382,12,0.87,41.6066901,-86.3560428,231.38,0.07017834484577179,212.7843017578125,0.0430000014603138,0.0,0,2348.427
2348427049,1,3,397454999,2382,12,0.87,41.6066992,-86.35605059999999,231.02,0.019235385581851006,171.02737426757812,-0.013000000268220901,0.0,1,2348.427
2348626972,0,3,397455199,2382,12,0.87,41.60669,-86.3560428,231.31,0.14567087590694427,171.31362915039062,-0.039000000804662704,0.0,0,2348.627
2348626986,1,3,397455199,2382,12,0.87,41.6066991,-86.35605059999999,231.03,0.019798990339040756,135.0,-0.01600000075995922,0.0,1,2348.627
2348826981,0,3,397455399,2382,12,0.87,41.6066899,-86.3560425,231.32,0.2021484673023224,62.92791748046875,-0.015000000596046448,0.0,0,2348.827
2348826994,1,3,397455399,2382,12,0.87,41.6066991,-86.35605059999999,231.05,0.010295630432665348,330.9454040527344,-0.015000000596046448,0.0,1,2348.827
2349026935,0,3,397455599,2382,12,0.87,41.60669,-86.35604239999999,231.27,0.09800510853528976,8.21277904510498,0.13300000131130219,0.0,0,2349.027
2349026976,1,3,397455599,2382,12,0.87,41.6066992,-86.35605059999999,231.05,0.01649242267012596,14.036242485046387,-0.0010000000474974513,0.0,1,2349.027
2349226991,0,3,397455799,2382,12,0.87,41.60669,-86.3560423,231.19,0.14921796321868896,149.82647705078125,0.058000002056360245,0.0,0,2349.227
2349227005,1,3,397455799,2382,12,0.87,41.6066991,-86.35605059999999,231.04,0.08500000834465027,154.9423828125,0.021000001579523087,0.0,1,2349.227
2349426996,0,3,397455999,2382,12,0.87,41.60669,-86.35604239999999,231.20000000000002,0.04792702943086624,66.6444320678711,-0.004000000189989805,0.0,0,2349.427
2349427009,1,3,397455999,2382,12,0.87,41.6066991,-86.3560505,231.05,0.021023796871304512,25.346174240112305,-0.012000000104308128,0.0,1,2349.427
2349626989,0,3,397456199,2382,12,0.87,41.60669,-86.3560425,231.20000000000002,0.07209022343158722,203.72039794921875,0.020000001415610313,0.0,0,2349.627
2349627002,1,3,397456199,2382,12,0.87,41.6066991,-86.3560505,231.06,0.02973213791847229,160.34616088867188,0.027000000700354576,0.0,1,2349.627
2349827036,0,3,397456399,2382,12,0.87,41.6066898,-86.3560428,231.13,0.05028916522860527,287.3540344238281,-0.1210000067949295,0.0,0,2349.827
2349827049,1,3,397456399,2382,12,0.87,41.6066991,-86.35605059999999,231.07,0.03361547365784645,300.3791198730469,0.017000000923871994,0.0,1,2349.827
2350027071,0,3,397456599,2382,12,0.87,41.6066897,-86.35604289999999,231.12,0.13961733877658844,155.4541473388672,-0.03500000014901161,0.0,0,2350.027
2350027085,1,3,397456599,2382,12,0.87,41.606699,-86.35605059999999,231.1,0.09621331095695496,142.17723083496094,-0.11800000816583633,0.0,1,2350.027
2350226999,0,3,397456799,2382,12,0.87,41.606689599999996,-86.35604289999999,231.20000000000002,0.09640021622180939,126.98875427246094,-0.2980000078678131,0.0,0,2350.227
2350227054,1,3,397456799,2382,12,0.87,41.6066989,-86.3560504,231.14000000000001,0.057688821107149124,146.30992126464844,-0.2540000081062317,0.0,1,2350.227
2350427006,0,3,397456999,2382,12,0.87,41.6066899,-86.3560426,231.29,0.014142136089503765,98.13009643554688,-0.6040000319480896,0.0,0,2350.427
2350427021,1,3,397456999,2382,12,0.87,41.6066989,-86.3560504,231.25,0.05721888318657875,185.01312255859375,-0.6040000319480896,0.0,1,2350.427
2350626961,0,3,397457199,2382,12,0.87,41.6066901,-86.3560425,231.42000000000002,0.17886868119239807,168.06182861328125,-0.9350000619888306,0.0,0,2350.627
2350647022,1,3,397457199,2382,12,0.87,41.606698699999995,-86.35605029999999,231.42000000000002,0.12536348402500153,146.056396484375,-0.9320000410079956,0.0,1,2350.647
2350826966,0,3,397457399,2382,12,0.87,41.6066899,-86.3560421,231.61,0.2330321967601776,140.57220458984375,-1.2610000371932983,0.0,0,2350.827
2350826980,1,3,397457399,2382,12,0.87,41.6066985,-86.3560502,231.65,0.1903785765171051,170.93348693847656,-1.2690000534057617,0.0,1,2350.827
2351027051,0,3,397457599,2382,12,0.87,41.6066895,-86.3560418,231.88,0.25324299931526184,136.6000213623047,-1.3890000581741333,0.0,0,2351.027
2351027064,1,3,397457599,2382,12,0.87,41.606698099999996,-86.35605,231.96,0.29843592643737793,149.82647705078125,-1.4950001239776611,0.0,1,2351.027
2351227104,0,3,397457799,2382,12,0.87,41.606688999999996,-86.35604149999999,232.14000000000001,0.4740675091743469,152.89442443847656,-1.5810000896453857,0.0,0,2351.227
2351227117,1,3,397457799,2382,12,0.87,41.606697499999996,-86.35604959999999,232.27,0.4041200578212738,155.5912322998047,-1.8230000734329224,0.0,1,2351.227
2351427064,0,3,397457999,2382,12,0.87,41.6066885,-86.35604099999999,232.47,0.3331816494464874,153.05039978027344,-1.9860000610351562,0.0,0,2351.427
2351447041,1,3,397457999,2382,12,0.87,41.606696899999996,-86.3560493,232.66,0.4042932391166687,173.89456176757812,-2.0180001258850098,0.0,1,2351.447
2351627079,0,3,397458199,2382,12,0.87,41.6066879,-86.3560406,232.82,0.44254040718078613,157.5494384765625,-2.0980000495910645,0.0,0,2351.627
2351627092,1,3,397458199,2382,12,0.87,41.606696199999995,-86.356049,233.06,0.4280432462692261,154.3927764892578,-2.2280001640319824,0.0,1,2351.627
2351827003,0,3,397458399,2382,12,0.87,41.6066875,-86.3560401,233.32,0.3478505611419678,145.30484008789062,-2.328000068664551,0.0,0,2351.827
2351827077,1,3,397458399,2382,12,0.87,41.6066955,-86.3560486,233.53,0.3581075370311737,164.45018005371094,-2.25600004196167,0.0,1,2351.827
2352027151,0,3,397458599,2382,12,0.87,41.606687,-86.3560396,233.82,0.47019678354263306,139.39869689941406,-2.2160000801086426,0.0,0,2352.027
2352047064,1,3,397458599,2382,12,0.87,41.6066949,-86.35604819999999,233.97,0.46100977063179016,148.48204040527344,-2.1450002193450928,0.0,1,2352.047
2352226994,0,3,397458799,2382,12,0.87,41.6066867,-86.3560388,234.29,0.34505942463874817,129.8268280029297,-2.1750001907348633,0.0,0,2352.227
2352227007,1,3,397458799,2382,12,0.87,41.6066942,-86.3560478,234.4,0.3163621425628662,169.4359588623047,-1.999000072479248,0.0,1,2352.227
2352427037,0,3,397458999,2382,12,0.87,41.6066867,-86.3560382,234.69,0.25019991397857666,129.16050720214844,-1.9610000848770142,0.0,0,2352.427
2352447088,1,3,397458999,2382,12,0.87,41.606693799999995,-86.3560476,234.8,0.23354871571063995,147.05841064453125,-1.8720000982284546,0.0,1,2352.447
2352627039,0,3,397459199,2382,12,0.87,41.6066867,-86.3560376,235.01,0.18420098721981049,96.54627990722656,-1.8070000410079956,0.0,0,2352.627
2352647147,1,3,397459199,2382,12,0.87,41.6066935,-86.3560474,235.12,0.12461942434310913,162.72825622558594,-1.6700000762939453,0.0,1,2352.647
2352827071,0,3,397459399,2382,12,0.87,41.606687,-86.3560371,235.28,0.22910697758197784,88.24913787841797,-1.5000001192092896,0.0,0,2352.827
2352847162,1,3,397459399,2382,12,0.87,41.6066935,-86.35604719999999,235.42000000000002,0.17181386053562164,65.224853515625,-1.4280000925064087,0.0,1,2352.847
2353027076,0,3,397459599,2382,12,0.87,41.6066873,-86.3560365,235.54,0.284964919090271,81.72772216796875,-1.321000099182129,0.0,0,2353.027
2353046987,1,3,397459599,2382,12,0.87,41.6066936,-86.3560468,235.66,0.1151043102145195,60.316856384277344,-1.2020000219345093,0.0,1,2353.047
2353227124,0,3,397459799,2382,12,0.87,41.6066876,-86.356036,235.76,0.16980578005313873,37.342288970947266,-1.1380000114440918,0.0,0,2353.227
2353247078,1,3,397459799,2382,12,0.87,41.6066937,-86.3560467,235.92000000000002,0.028792360797524452,290.3231506347656,-1.0660001039505005,0.0,1,2353.247
2353427101,0,3,397459999,2382,12,0.87,41.606688299999995,-86.3560356,236.14000000000001,0.3414630591869354,55.37913131713867,-1.0870000123977661,0.0,0,2353.427
2353427118,1,3,397459999,2382,12,0.87,41.606693799999995,-86.35604649999999,236.18,0.24641633033752441,63.22697448730469,-1.0080000162124634,0.0,1,2353.427
2353627058,0,3,397460199,2382,12,0.87,41.6066888,-86.35603549999999,236.29,0.11774549633264542,290.89776611328125,-1.1190000772476196,0.0,0,2353.627
2353627071,1,3,397460199,2382,12,0.87,41.606693899999996,-86.3560462,236.36,0.04904080182313919,50.79279327392578,-0.9110000729560852,0.0,1,2353.627
2353827072,0,3,397460399,2382,12,0.87,41.606688999999996,-86.3560354,236.45000000000002,0.313600093126297,104.21348571777344,-0.9050000309944153,0.0,0,2353.827
2353847089,1,3,397460399,2382,12,0.87,41.6066941,-86.3560459,236.59,0.18195055425167084,50.79921340942383,-0.812000036239624,0.0,1,2353.847
2354046771,0,3,397460599,2382,12,0.87,41.6066891,-86.3560347,236.67000000000002,0.3516603410243988,101.98095703125,-0.7860000133514404,0.0,0,2354.047
2354046857,1,3,397460599,2382,12,0.87,41.6066943,-86.3560455,236.84,0.21408644318580627,71.48041534423828,-0.9180000424385071,0.0,1,2354.047
2354227028,0,3,397460799,2382,12,0.87,41.6066893,-86.3560341,236.86,0.26457706093788147,100.67285919189453,-0.7940000295639038,0.0,0,2354.227
2354227091,1,3,397460799,2382,12,0.87,41.6066943,-86.3560451,237.02,0.20066142082214355,130.7561492919922,-0.7610000371932983,0.0,1,2354.227
2354427128,0,3,397460999,2382,12,0.87,41.6066894,-86.3560334,237.02,0.34461572766304016,114.33386993408203,-0.5330000519752502,0.0,0,2354.427
2354446789,1,3,397460999,2382,12,0.87,41.606694,-86.35604479999999,237.18,0.14818908274173737,158.62937927246094,-0.7000000476837158,0.0,1,2354.447
2354627099,1,3,397461199,2382,12,0.87,41.6066941,-86.3560445,237.34,0.20444315671920776,51.95295715332031,-0.6030000448226929,0.0,1,2354.627
2354646778,0,3,397461199,2382,12,0.87,41.606689599999996,-86.3560327,237.15,0.279594361782074,97.8113021850586,-0.5840000510215759,0.0,0,2354.647
2354827208,0,3,397461399,2382,12,0.87,41.6066898,-86.35603259999999,237.25,0.18004444241523743,268.72698974609375,-0.4300000071525574,0.0,0,2354.827
2354827225,1,3,397461399,2382,12,0.87,41.6066942,-86.3560444,237.4,0.06181424483656883,279.3099365234375,-0.41700002551078796,0.0,1,2354.827
2355027163,0,3,397461599,2382,12,0.87,41.6066901,-86.35603309999999,237.32,0.22043593227863312,258.4861755371094,-0.30800002813339233,0.0,0,2355.027
2355027176,1,3,397461599,2382,12,0.87,41.606694,-86.35604459999999,237.44,0.23152539134025574,211.21841430664062,-0.320000022649765,0.0,1,2355.027
2355227082,0,3,397461799,2382,12,0.87,41.6066903,-86.3560335,237.4,0.1437532603740692,281.2317810058594,-0.15900000929832458,0.0,0,2355.227
2355227098,1,3,397461799,2382,12,0.87,41.606693799999995,-86.3560449,237.48000000000002,0.14176036417484283,253.6104736328125,-0.04800000041723251,0.0,1,2355.227
2355427142,0,3,397461999,2382,12,0.87,41.6066905,-86.3560339,237.4,0.2052949219942093,266.92852783203125,0.07100000232458115,0.0,0,2355.427
2355427157,1,3,397461999,2382,12,0.87,41.606693799999995,-86.3560452,237.49,0.0817435011267662,277.73358154296875,0.2290000170469284,0.0,1,2355.427
2355627015,0,3,397462199,2382,12,0.87,41.6066906,-86.35603429999999,237.35,0.1685764044523239,277.8417053222656,0.1290000081062317,0.0,0,2355.627
2355646845,1,3,397462199,2382,12,0.87,41.606693799999995,-86.3560455,237.46,0.1504792422056198,265.42608642578125,0.2720000147819519,0.0,1,2355.647
2355827076,0,3,397462399,2382,12,0.87,41.6066909,-86.35603449999999,237.3,0.08302409946918488,260.99151611328125,0.18900001049041748,0.0,0,2355.827
2355827089,1,3,397462399,2382,12,0.87,41.6066937,-86.35604579999999,237.41,0.1881621778011322,240.02850341796875,0.2980000078678131,0.0,1,2355.827
2356027115,1,3,397462599,2382,12,0.87,41.6066936,-86.3560461,237.37,0.0360138900578022,268.40887451171875,0.1990000158548355,0.0,1,2356.027
2356046780,0,3,397462599,2382,12,0.87,41.6066912,-86.35603449999999,237.24,0.04992995411157608,212.7352294921875,0.0650000050663948,0.0,0,2356.047
2356227157,0,3,397462799,2382,12,0.87,41.6066911,-86.35603429999999,237.20000000000002,0.11562439054250717,95.95712280273438,0.02200000174343586,0.0,0,2356.227
2356227170,1,3,397462799,2382,12,0.87,41.6066936,-86.3560461,237.33,0.01077033020555973,68.1985855102539,0.12300000339746475,0.0,1,2356.227
2356427131,0,3,397462999,2382,12,0.87,41.606691,-86.356034,237.17000000000002,0.07502666115760803,111.09233093261719,-0.1420000046491623,0.0,0,2356.427
2356427145,1,3,397462999,2382,12,0.87,41.6066936,-86.3560462,237.34,0.05745433270931244,238.52316284179688,0.05700000375509262,0.0,1,2356.427
2356627189,0,3,397463199,2382,12,0.87,41.6066909,-86.3560337,237.13,0.09167878329753876,103.88465881347656,-0.18900001049041748,0.0,0,2356.627
2356646811,1,3,397463199,2382,12,0.87,41.6066936,-86.3560464,237.35,0.09741663187742233,252.68106079101562,-0.16600000858306885,0.0,1,2356.647
2356827104,0,3,397463399,2382,12,0.87,41.6066909,-86.3560335,237.17000000000002,0.24713559448719025,156.1316680908203,-0.27900001406669617,0.0,0,2356.827
2356827118,1,3,397463399,2382,12,0.87,41.6066936,-86.3560466,237.42000000000002,0.04522167891263962,305.0958251953125,-0.3150000274181366,0.0,1,2356.827
2357027043,0,3,397463599,2382,12,0.87,41.6066907,-86.35603359999999,237.27,0.22588714957237244,221.9495086669922,-0.4790000319480896,0.0,0,2357.027
2357027112,1,3,397463599,2382,12,0.87,41.606693199999995,-86.3560469,237.48000000000002,0.5311591029167175,204.5867919921875,-0.40300002694129944,0.0,1,2357.027
2357227084,0,3,397463799,2382,12,0.87,41.6066907,-86.35603379999999,237.48000000000002,0.18170581758022308,185.05169677734375,-0.4000000059604645,0.0,0,2357.227
2357227099,1,3,397463799,2382,12,0.87,41.606692699999996,-86.3560471,237.6,0.17805898189544678,160.64920043945312,-0.45600003004074097,0.0,1,2357.227
2357427060,0,3,397463999,2382,12,0.87,41.6066909,-86.3560344,237.66,0.386870801448822,264.36309814453125,-0.503000020980835,0.0,0,2357.427
2357446791,1,3,397463999,2382,12,0.87,41.6066924,-86.3560474,237.8,0.3862149715423584,233.634521484375,-0.5890000462532043,0.0,1,2357.447
2357627143,0,3,397464199,2382,13,0.87,41.6066906,-86.35603499999999,237.74,0.4535835385322571,199.7133026123047,-0.815000057220459,0.0,0,2357.627
2357627156,1,3,397464199,2382,13,0.87,41.6066918,-86.3560483,238.02,0.6288060545921326,219.3855743408203,-0.7500000596046448,0.0,1,2357.627
2357827189,0,3,397464399,2382,13,0.79,41.6066898,-86.35603549999999,237.88,0.7057003974914551,204.53131103515625,-0.8630000352859497,0.0,0,2357.827
2357846796,1,3,397464399,2382,13,0.87,41.606690799999996,-86.3560493,238.17000000000002,0.8024188280105591,212.06593322753906,-0.956000030040741,0.0,1,2357.847
2358027142,0,3,397464599,2382,13,0.79,41.6066885,-86.35603619999999,238.0,1.0685416460037231,198.2145233154297,-0.9150000214576721,0.0,0,2358.027
2358027155,1,3,397464599,2382,13,0.87,41.6066892,-86.3560502,238.38,1.1011067628860474,198.53367614746094,-1.0250000953674316,0.0,1,2358.027
2358227161,0,3,397464799,2382,13,0.79,41.606686499999995,-86.35603689999999,238.14000000000001,1.2932331562042236,191.77914428710938,-1.0700000524520874,0.0,0,2358.227
2358227176,1,3,397464799,2382,13,0.87,41.6066873,-86.3560512,238.54,1.211783766746521,204.57701110839844,-0.9800000190734863,0.0,1,2358.227
2358427146,0,3,397464999,2382,13,0.79,41.6066842,-86.3560376,238.31,1.39460289478302,194.36508178710938,-1.0420000553131104,0.0,0,2358.427
2358427162,1,3,397464999,2382,13,0.87,41.6066849,-86.3560523,238.81,1.6134881973266602,194.79417419433594,-1.1299999952316284,0.0,1,2358.427
2358627050,0,3,397465199,2382,13,0.79,41.6066818,-86.35603859999999,238.54,1.622998833656311,195.36349487304688,-1.2710000276565552,0.0,0,2358.627
2358627063,1,3,397465199,2382,13,0.87,41.6066818,-86.3560533,239.11,1.8855379819869995,193.5572052001953,-1.3560000658035278,0.0,1,2358.627
2358827044,0,3,397465399,2382,13,0.79,41.606679,-86.3560396,238.8,1.7798411846160889,192.88845825195312,-1.2630000114440918,0.0,0,2358.827
2358827057,1,3,397465399,2382,13,0.87,41.6066785,-86.3560545,239.34,1.9066771268844604,197.74124145507812,-1.2890000343322754,0.0,1,2358.827
2359027080,0,3,397465599,2382,13,0.79,41.6066761,-86.3560407,239.09,1.7796485424041748,196.08248901367188,-1.3850001096725464,0.0,0,2359.027
2359027100,1,3,397465599,2382,13,0.87,41.606674999999996,-86.35605559999999,239.58,2.0858047008514404,191.89715576171875,-1.3550000190734863,0.0,1,2359.027
2359227116,0,3,397465799,2382,13,0.79,41.6066729,-86.35604169999999,239.39000000000001,2.099426031112671,191.4009246826172,-1.40500009059906,0.0,0,2359.227
2359246796,1,3,397465799,2382,13,0.79,41.6066712,-86.3560566,239.85,2.1816418170928955,190.93910217285156,-1.4030001163482666,0.0,1,2359.247
2359427085,0,3,397465999,2382,13,0.79,41.6066694,-86.35604269999999,239.69,2.1316003799438477,189.55955505371094,-1.4900001287460327,0.0,0,2359.427
2359427140,1,3,397465999,2382,13,0.79,41.6066672,-86.3560576,240.1,2.1751956939697266,192.20883178710938,-1.4300000667572021,0.0,1,2359.427
2359646775,0,3,397466199,2382,13,0.79,41.606665799999995,-86.3560438,240.0,2.1721534729003906,193.1725616455078,-1.5130001306533813,0.0,0,2359.647
2359646789,1,3,397466199,2382,13,0.79,41.6066633,-86.3560586,240.42000000000002,2.244602680206299,190.91445922851562,-1.5180001258850098,0.0,1,2359.647
2359827041,0,3,397466399,2382,13,0.79,41.606662299999996,-86.356045,240.33,2.174635887145996,192.75172424316406,-1.5210000276565552,0.0,0,2359.827
2359846835,1,3,397466399,2382,13,0.79,41.606659199999996,-86.3560596,240.75,2.3510549068450928,191.1092071533203,-1.6710001230239868,0.0,1,2359.847
2360027064,0,3,397466599,2382,13,0.79,41.606658599999996,-86.3560462,240.64000000000001,2.152432441711426,192.91281127929688,-1.749000072479248,0.0,0,2360.027
2360046870,1,3,397466599,2382,13,0.79,41.606654899999995,-86.3560605,241.15,2.3494770526885986,189.08546447753906,-1.7450001239776611,0.0,1,2360.047
2360246811,0,3,397466799,2382,13,0.79,41.606654899999995,-86.3560473,240.98000000000002,2.217052698135376,190.63076782226562,-1.7080000638961792,0.0,0,2360.247
2360246829,1,3,397466799,2382,13,0.79,41.6066508,-86.3560614,241.51,2.3280797004699707,192.0242919921875,-1.8660000562667847,0.0,1,2360.247
2360426995,0,3,397466999,2382,13,0.79,41.606651,-86.35604839999999,241.34,2.248159646987915,192.48458862304688,-1.683000087738037,0.0,0,2360.427
2360427039,1,3,397466999,2382,13,0.79,41.6066466,-86.3560626,241.85,2.3324804306030273,193.18426513671875,-1.8020000457763672,0.0,1,2360.427
2360646786,0,3,397467199,2382,13,0.79,41.606647099999996,-86.3560497,241.65,2.289525032043457,192.87081909179688,-1.7570000886917114,0.0,0,2360.647
2360646799,1,3,397467199,2382,13,0.79,41.6066425,-86.3560638,242.20000000000002,2.3889031410217285,191.12649536132812,-1.777000069618225,0.0,1,2360.647
2360827099,0,3,397467399,2382,13,0.79,41.606643,-86.3560511,241.98000000000002,2.3673481941223145,194.78176879882812,-1.6950000524520874,0.0,0,2360.827
2360846784,1,3,397467399,2382,13,0.79,41.6066383,-86.356065,242.58,2.4007086753845215,194.9913787841797,-1.8510000705718994,0.0,1,2360.847
2361046768,0,3,397467599,2382,13,0.79,41.6066387,-86.3560528,242.37,2.5309603214263916,196.7165985107422,-1.7740000486373901,0.0,0,2361.047
2361046781,1,3,397467599,2382,13,0.79,41.606634,-86.3560667,242.94,2.5260324478149414,198.3201904296875,-1.8480000495910645,0.0,1,2361.047
2361246706,0,3,397467799,2382,13,0.79,41.606634199999995,-86.3560547,242.81,2.7199723720550537,197.4357147216797,-1.9800001382827759,0.0,0,2361.247
2361246803,1,3,397467799,2382,13,0.79,41.6066295,-86.3560682,243.32,2.6529176235198975,192.0977783203125,-1.8360000848770142,0.0,1,2361.247
2361427057,0,3,397467999,2382,13,0.79,41.6066293,-86.3560567,243.19,2.810523271560669,194.25379943847656,-1.9040000438690186,0.0,0,2361.427
2361427074,1,3,397467999,2382,13,0.79,41.6066248,-86.3560698,243.68,2.7220876216888428,196.12466430664062,-1.8990000486373901,0.0,1,2361.427
2361627022,0,3,397468199,2382,13,0.79,41.6066244,-86.3560586,243.61,2.7904906272888184,196.1033477783203,-1.9560000896453857,0.0,0,2361.627
2361627094,1,3,397468199,2382,13,0.79,41.6066201,-86.3560715,244.07,2.7649452686309814,195.76039123535156,-1.9210001230239868,0.0,1,2361.627
2361827047,0,3,397468399,2382,13,0.79,41.606619599999995,-86.3560607,244.0,2.8097705841064453,197.1387176513672,-1.977000117301941,0.0,0,2361.827
2361846865,1,3,397468399,2382,13,0.79,41.6066152,-86.35607329999999,244.45000000000002,2.8163259029388428,195.71905517578125,-1.9310001134872437,0.0,1,2361.847
2362027085,0,3,397468599,2382,13,0.79,41.606614799999996,-86.3560629,244.44,2.8686933517456055,196.60934448242188,-1.8720000982284546,0.0,0,2362.027
2362046810,1,3,397468599,2382,13,0.79,41.6066104,-86.3560753,244.81,2.846057176589966,198.56228637695312,-1.8690000772476196,0.0,1,2362.047
2362227111,0,3,397468799,2382,13,0.79,41.606609899999995,-86.3560651,244.88,2.8186042308807373,198.04283142089844,-1.715000033378601,0.0,0,2362.227
2362246778,1,3,397468799,2382,13,0.79,41.6066055,-86.35607739999999,245.16,2.863208293914795,197.4793701171875,-1.8060001134872437,0.0,1,2362.247
2362427104,0,3,397468999,2382,13,0.79,41.606605099999996,-86.3560675,245.29,2.83310866355896,200.7122802734375,-1.7390000820159912,0.0,0,2362.427
2362446800,1,3,397468999,2382,13,0.79,41.6066006,-86.35607929999999,245.56,2.8244783878326416,197.00430297851562,-1.8700001239776611,0.0,1,2362.447
2362627162,0,3,397469199,2382,13,0.79,41.6066005,-86.3560701,245.63,2.7006170749664307,202.557861328125,-1.718000054359436,0.0,0,2362.627
2362646783,1,3,397469199,2382,13,0.79,41.6065957,-86.3560813,245.97,2.756319999694824,197.13330078125,-1.814000129699707,0.0,1,2362.647
2362827139,0,3,397469399,2382,13,0.79,41.606595999999996,-86.35607279999999,245.97,2.7068185806274414,204.09359741210938,-1.7450001239776611,0.0,0,2362.827
2362846806,1,3,397469399,2382,13,0.79,41.606591099999996,-86.3560834,246.29,2.6094226837158203,202.082763671875,-1.6660001277923584,0.0,1,2362.847
2363027080,0,3,397469599,2382,13,0.79,41.6065916,-86.3560755,246.22,2.670914888381958,203.35916137695312,-1.4780000448226929,0.0,0,2363.027
2363027095,1,3,397469599,2382,13,0.79,41.6065866,-86.3560856,246.68,2.5761635303497314,201.97488403320312,-1.7130000591278076,0.0,1,2363.027
2363227039,0,3,397469799,2382,13,0.79,41.606587499999996,-86.3560782,246.49,2.441471815109253,205.3160400390625,-1.4100000858306885,0.0,0,2363.227
2363246840,1,3,397469799,2382,13,0.79,41.6065824,-86.3560878,247.02,2.336430072784424,201.6238250732422,-1.5760000944137573,0.0,1,2363.247
2363427060,0,3,397469999,2382,12,0.79,41.6065836,-86.35608069999999,246.84,2.2577555179595947,203.658447265625,-1.2410000562667847,0.0,0,2363.427
2363446780,1,3,397469999,2382,13,0.79,41.6065786,-86.35608979999999,247.38,2.2015762329101562,204.01535034179688,-1.5480000972747803,0.0,1,2363.447
2363627104,0,3,397470199,2382,12,0.79,41.606580199999996,-86.3560832,247.17000000000002,2.038900375366211,208.31219482421875,-1.2570000886917114,0.0,0,2363.627
2363646827,1,3,397470199,2382,13,0.79,41.6065751,-86.3560918,247.71,2.0401875972747803,204.86929321289062,-1.5180001258850098,0.0,1,2363.647
2363827322,0,3,397470399,2382,12,0.87,41.6065772,-86.3560854,247.35,1.7526049613952637,207.82249450683594,-1.1610000133514404,0.0,0,2363.827
2363846801,1,3,397470399,2382,13,0.79,41.606572199999995,-86.35609409999999,247.92000000000002,1.6890957355499268,215.79794311523438,-1.3240001201629639,0.0,1,2363.847
2364027138,0,3,397470599,2382,12,0.87,41.606574699999996,-86.3560881,247.6,1.7740378379821777,226.5074462890625,-1.1290000677108765,0.0,0,2364.027
2364046781,1,3,397470599,2382,13,0.79,41.6065699,-86.35609649999999,248.15,1.6039842367172241,223.00418090820312,-1.1680001020431519,0.0,1,2364.047
2364227088,0,3,397470799,2382,12,0.87,41.6065726,-86.35609079999999,247.86,1.3356961011886597,215.3083038330078,-0.9000000357627869,0.0,0,2364.227
2364246808,1,3,397470799,2382,13,0.79,41.606567899999995,-86.3560986,248.44,1.1870770454406738,214.0113525390625,-1.1150000095367432,0.0,1,2364.247
2364427184,0,3,397470999,2382,12,0.87,41.6065708,-86.3560928,248.07,1.0496022701263428,216.7498016357422,-0.9080000519752502,0.0,0,2364.427
2364427197,1,3,397470999,2382,13,0.79,41.6065664,-86.3561003,248.6,1.0682780742645264,229.5557861328125,-0.9660000205039978,0.0,1,2364.427
2364646791,0,3,397471199,2382,12,0.87,41.6065696,-86.3560945,248.21,0.7568461298942566,237.73785400390625,-0.6180000305175781,0.0,0,2364.647
2364646838,1,3,397471199,2382,13,0.79,41.6065652,-86.35610179999999,248.75,0.7910910844802856,216.00074768066406,-0.6940000057220459,0.0,1,2364.647
2364827032,0,3,397471399,2382,12,0.87,41.6065688,-86.3560962,248.38,0.716762900352478,235.40090942382812,-0.6260000467300415,0.0,0,2364.827
2364846792,1,3,397471399,2382,13,0.79,41.606564299999995,-86.3561029,248.84,0.6415123343467712,236.1860809326172,-0.5820000171661377,0.0,1,2364.847
2365027074,0,3,397471599,2382,12,0.87,41.6065681,-86.3560976,248.56,0.5772495269775391,228.30052185058594,-0.39900001883506775,0.0,0,2365.027
2365046761,1,3,397471599,2382,13,0.79,41.606563799999996,-86.3561039,249.02,0.3508276343345642,254.45840454101562,-0.49000000953674316,0.0,1,2365.047
2365227191,0,3,397471799,2382,12,0.87,41.606567299999995,-86.3560988,248.75,0.4680277705192566,229.3323211669922,-0.41700002551078796,0.0,0,2365.227
2365246820,1,3,397471799,2382,13,0.79,41.6065634,-86.3561045,249.22,0.3443835377693176,242.69090270996094,-0.6610000133514404,0.0,1,2365.247
2365427081,0,3,397471999,2382,12,0.87,41.6065669,-86.3560995,248.81,0.26284027099609375,234.13290405273438,-0.34300002455711365,0.0,0,2365.427
2365446813,1,3,397471999,2382,13,0.79,41.606563099999995,-86.3561051,249.29,0.33470138907432556,246.95877075195312,-0.4540000259876251,0.0,1,2365.447
2365627224,0,3,397472199,2382,12,0.87,41.6065666,-86.35609989999999,248.9,0.17042595148086548,205.3621826171875,-0.4580000340938568,0.0,0,2365.627
2365646787,1,3,397472199,2382,13,0.79,41.6065626,-86.3561053,249.4,0.3348865509033203,170.20013427734375,-0.2939999997615814,0.0,1,2365.647
2365827111,0,3,397472399,2382,12,0.87,41.606566099999995,-86.35610009999999,248.99,0.2784115672111511,185.77203369140625,-0.10400000214576721,0.0,0,2365.827
2365827126,1,3,397472399,2382,13,0.79,41.6065622,-86.3561053,249.44,0.0817435085773468,284.8862609863281,-0.1420000046491623,0.0,1,2365.827
2366027133,0,3,397472599,2382,13,0.87,41.606565599999996,-86.35610009999999,249.01000000000002,0.10430724173784256,184.39871215820312,-0.11000000685453415,0.0,0,2366.027
2366046799,1,3,397472599,2382,13,0.79,41.606562,-86.3561052,249.49,0.2283199578523636,161.88246154785156,-0.04400000348687172,0.0,1,2366.047
2366227078,0,3,397472799,2382,13,0.87,41.6065652,-86.3561,248.97,0.15152888000011444,163.11965942382812,0.007000000216066837,0.0,0,2366.227
2366246823,1,3,397472799,2382,13,0.79,41.6065616,-86.35610489999999,249.5,0.17181678116321564,159.56103515625,0.05300000309944153,0.0,1,2366.247
2366427152,0,3,397472999,2382,13,0.87,41.606564899999995,-86.3560996,248.88,0.16794344782829285,119.61791229248047,0.04100000113248825,0.0,0,2366.427
2366446824,1,3,397472999,2382,13,0.79,41.6065612,-86.3561046,249.49,0.21029742062091827,155.26290893554688,0.10000000149011612,0.0,1,2366.447
2366627057,0,3,397473199,2382,13,0.87,41.6065645,-86.3560992,248.79,0.08993887156248093,138.1548309326172,0.15300001204013824,0.0,0,2366.627
2366646797,1,3,397473199,2382,13,0.79,41.6065609,-86.3561043,249.45000000000002,0.18809041380882263,135.0,0.18000000715255737,0.0,1,2366.647
2366827115,0,3,397473399,2382,13,0.79,41.606564299999995,-86.35609889999999,248.75,0.15200001001358032,90.0,0.10700000822544098,0.0,0,2366.827
2366846807,1,3,397473399,2382,13,0.79,41.6065608,-86.3561039,249.41,0.08757283538579941,83.44305419921875,0.14900000393390656,0.0,1,2366.847
2367027101,0,3,397473599,2382,13,0.79,41.6065641,-86.3560985,248.69,0.11332255601882935,105.87593841552734,0.1300000101327896,0.0,0,2367.027
2367046814,1,3,397473599,2382,13,0.79,41.6065609,-86.3561036,249.37,0.1351480782032013,47.09890365600586,0.20200000703334808,0.0,1,2367.047
2367227085,0,3,397473799,2382,13,0.79,41.606564,-86.3560983,248.65,0.09947864711284637,30.17351722717285,0.08100000023841858,0.0,0,2367.227
2367227141,1,3,397473799,2382,13,0.79,41.6065609,-86.3561033,249.37,0.10423532128334045,28.040151596069336,0.12400000542402267,0.0,1,2367.227
2367446806,0,3,397473999,2382,13,0.79,41.606564,-86.3560981,248.62,0.1377534121274948,64.17900085449219,0.07200000435113907,0.0,0,2367.447
2367446819,1,3,397473999,2382,13,0.79,41.606561,-86.35610299999999,249.35,0.10553672909736633,12.587693214416504,0.07000000029802322,0.0,1,2367.447
2367627174,0,3,397474199,2382,13,0.79,41.6065639,-86.3560979,248.62,0.09980982542037964,52.3264045715332,-0.05300000309944153,0.0,0,2367.627
2367646752,1,3,397474199,2382,13,0.79,41.6065611,-86.3561027,249.36,0.18984204530715942,20.344099044799805,0.0430000014603138,0.0,1,2367.647
2367827068,0,3,397474399,2382,13,0.79,41.606564,-86.3560979,248.64000000000001,0.14001427590847015,359.1815490722656,-0.07300000637769699,0.0,0,2367.827
2367846857,1,3,397474399,2382,13,0.79,41.606561299999996,-86.3561024,249.37,0.1193314790725708,13.570433616638184,0.021000001579523087,0.0,1,2367.847
2368046821,0,3,397474599,2382,13,0.79,41.6065641,-86.3560979,248.66,0.11903782188892365,21.175737380981445,-0.10700000822544098,0.0,0,2368.047
2368046834,1,3,397474599,2382,13,0.79,41.606561299999996,-86.3561022,249.37,0.09305913001298904,8.652541160583496,0.023000001907348633,0.0,1,2368.047
2368227022,0,3,397474799,2382,13,0.79,41.6065642,-86.3560979,248.73000000000002,0.08840814232826233,37.64761734008789,-0.10600000619888306,0.0,0,2368.227
2368246808,1,3,397474799,2382,13,0.79,41.6065614,-86.35610199999999,249.38,0.09109336882829666,17.241456985473633,-0.03400000184774399,0.0,1,2368.247
2368427102,0,3,397474999,2382,13,0.79,41.6065642,-86.356098,248.76000000000002,0.10242071002721786,350.4457092285156,-0.15300001204013824,0.0,0,2368.427
2368427168,1,3,397474999,2382,13,0.79,41.6065614,-86.3561017,249.4,0.10607545077800751,2.1610794067382812,0.003000000026077032,0.0,1,2368.427
2368627091,0,3,397475199,2382,13,0.79,41.606564299999995,-86.35609819999999,248.82,0.0375765897333622,334.79888916015625,-0.04100000113248825,0.0,0,2368.627
2368646803,1,3,397475199,2382,13,0.79,41.6065614,-86.3561015,249.41,0.0868849828839302,348.0434265136719,0.027000000700354576,0.0,1,2368.647
2368827068,0,3,397475399,2382,13,0.79,41.6065642,-86.3560984,248.86,0.017117243260145187,6.709836483001709,-0.07300000637769699,0.0,0,2368.827
2368846813,1,3,397475399,2382,13,0.79,41.6065614,-86.3561014,249.43,0.04841487482190132,308.2901611328125,-0.0560000017285347,0.0,1,2368.847
2369027119,0,3,397475599,2382,13,0.79,41.6065642,-86.3560986,248.88,0.032557643949985504,349.3803405761719,-0.09600000083446503,0.0,0,2369.027
2369046811,1,3,397475599,2382,13,0.79,41.6065614,-86.35610129999999,249.43,0.12571795284748077,338.537109375,0.04800000041723251,0.0,1,2369.047
2369227103,0,3,397475799,2382,13,0.79,41.6065641,-86.35609869999999,248.92000000000002,0.017492856830358505,59.03623962402344,-0.029000001028180122,0.0,0,2369.227
2369246803,1,3,397475799,2382,13,0.79,41.6065615,-86.35610129999999,249.43,0.1060660183429718,351.8699035644531,0.09400000423192978,0.0,1,2369.247
2369427084,0,3,397475999,2382,13,0.79,41.6065641,-86.35609889999999,248.96,0.11764778196811676,332.1280517578125,0.09700000286102295,0.0,0,2369.427
2369446809,1,3,397475999,2382,13,0.79,41.6065616,-86.3561012,249.44,0.1578923761844635,345.6997375488281,0.06400000303983688,0.0,1,2369.447
2369627077,0,3,397476199,2382,13,0.79,41.6065642,-86.356099,248.97,0.16888459026813507,17.57664680480957,0.1380000114440918,0.0,0,2369.627
2369646826,1,3,397476199,2382,13,0.79,41.6065618,-86.3561012,249.44,0.12014991044998169,357.1376037597656,0.06400000303983688,0.0,1,2369.647
2369827104,0,3,397476399,2382,13,0.79,41.6065642,-86.3560991,248.98000000000002,0.09518928825855255,340.9940185546875,0.09100000560283661,0.0,0,2369.827
2369827120,1,3,397476399,2382,13,0.79,41.606561899999996,-86.3561012,249.44,0.10787029564380646,10.684911727905273,0.06200000271201134,0.0,1,2369.827
2370027155,0,3,397476599,2382,13,0.79,41.606564299999995,-86.3560993,248.97,0.12727922201156616,351.8699035644531,0.005000000353902578,0.0,0,2370.027
2370046806,1,3,397476599,2382,13,0.79,41.606562,-86.35610109999999,249.43,0.0655515119433403,21.476789474487305,0.04100000113248825,0.0,1,2370.047
2370227085,0,3,397476799,2382,13,0.79,41.606564399999996,-86.35609939999999,249.02,0.16602711379528046,18.980606079101562,0.11000000685453415,0.0,0,2370.227
2370246798,1,3,397476799,2382,13,0.79,41.6065622,-86.3561012,249.41,0.1533949226140976,349.8621826171875,0.05700000375509262,0.0,1,2370.247
2370427096,0,3,397476999,2382,13,0.79,41.6065645,-86.3560995,249.06,0.11810589581727982,2.4263358116149902,0.07800000160932541,0.0,0,2370.427
2370446777,1,3,397476999,2382,13,0.79,41.6065624,-86.35610129999999,249.42000000000002,0.1379057765007019,328.0386657714844,0.036000002175569534,0.0,1,2370.447
2370627171,0,3,397477199,2382,13,0.79,41.6065646,-86.3560998,249.08,0.13595956563949585,332.8695373535156,0.07400000095367432,0.0,0,2370.627
2370646824,1,3,397477199,2382,13,0.79,41.6065626,-86.3561015,249.42000000000002,0.041677337139844894,300.2564392089844,0.03400000184774399,0.0,1,2370.647
2370827127,0,3,397477399,2382,13,0.79,41.6065646,-86.35610009999999,249.06,0.11416216939687729,341.08892822265625,0.06100000441074371,0.0,0,2370.827
2370827149,1,3,397477399,2382,13,0.79,41.6065626,-86.3561017,249.42000000000002,0.05728001520037651,314.2926940917969,0.06000000238418579,0.0,1,2370.827
2371027126,0,3,397477599,2382,13,0.79,41.6065646,-86.3561003,249.07,0.040049970149993896,267.1376037597656,0.018000001087784767,0.0,0,2371.027
2371027141,1,3,397477599,2382,13,0.79,41.6065627,-86.3561019,249.42000000000002,0.05755867063999176,277.98931884765625,0.032999999821186066,0.0,1,2371.027
2371227011,0,3,397477799,2382,13,0.79,41.606564299999995,-86.3561005,249.09,0.06236185133457184,164.18080139160156,0.014000000432133675,0.0,0,2371.227
2371227060,1,3,397477799,2382,13,0.79,41.6065627,-86.3561022,249.43,0.06736468523740768,275.9644775390625,-0.014000000432133675,0.0,1,2371.227
2371427050,0,3,397477999,2382,13,0.79,41.6065641,-86.35610059999999,249.12,0.030463092029094696,293.1986083984375,0.1300000101327896,0.0,0,2371.427
2371427064,1,3,397477999,2382,13,0.79,41.6065627,-86.35610249999999,249.43,0.07100704312324524,270.80694580078125,-0.02500000037252903,0.0,1,2371.427
2371627076,0,3,397478199,2382,13,0.79,41.6065639,-86.3561008,249.15,0.04981967434287071,308.4801940917969,0.02200000174343586,0.0,0,2371.627
2371627089,1,3,397478199,2382,13,0.79,41.6065628,-86.3561029,249.42000000000002,0.0746525302529335,309.0194091796875,0.0690000057220459,0.0,1,2371.627
2371827128,0,3,397478399,2382,13,0.79,41.606563799999996,-86.35610109999999,249.19,0.08841380476951599,223.6251678466797,-0.04200000315904617,0.0,0,2371.827
2371827179,1,3,397478399,2382,13,0.79,41.6065629,-86.35610319999999,249.42000000000002,0.01702938787639141,220.23635864257812,0.021000001579523087,0.0,1,2371.827
2372027106,0,3,397478599,2382,13,0.79,41.6065635,-86.3561014,249.20000000000002,0.035227831453084946,235.40771484375,0.015000000596046448,0.0,0,2372.027
2372027166,1,3,397478599,2382,13,0.79,41.606563,-86.35610349999999,249.41,0.04404543340206146,309.47247314453125,0.07700000703334808,0.0,1,2372.027
2372227199,0,3,397478799,2382,13,0.79,41.6065634,-86.3561016,249.22,0.06800000369548798,331.9275207519531,0.006000000052154064,0.0,0,2372.227
2372227218,1,3,397478799,2382,13,0.79,41.6065632,-86.3561038,249.4,0.03982461616396904,28.495637893676758,0.07900000363588333,0.0,1,2372.227
2372427058,0,3,397478999,2382,13,0.79,41.6065633,-86.35610179999999,249.22,0.0403112918138504,43.994911193847656,-0.020000001415610313,0.0,0,2372.427
2372427071,1,3,397478999,2382,13,0.79,41.6065633,-86.356104,249.4,0.06324555724859238,71.56504821777344,0.0430000014603138,0.0,1,2372.427
2372627145,0,3,397479199,2382,13,0.79,41.606563099999995,-86.35610199999999,249.28,0.024413112550973892,304.9920349121094,-0.1120000034570694,0.0,0,2372.627
2372627159,1,3,397479199,2382,13,0.79,41.6065635,-86.3561041,249.4,0.06983552873134613,29.13429069519043,0.005000000353902578,0.0,1,2372.627
2372827123,0,3,397479399,2382,13,0.79,41.6065628,-86.3561022,249.33,0.05685068666934967,129.28941345214844,-0.0560000017285347,0.0,0,2372.827
2372827171,1,3,397479399,2382,13,0.79,41.6065636,-86.3561043,249.4,0.042059481143951416,61.60697937011719,-0.013000000268220901,0.0,1,2372.827
2373027150,0,3,397479599,2382,13,0.79,41.6065626,-86.3561022,249.38,0.07829432189464569,65.07152557373047,0.027000000700354576,0.0,0,2373.027
2373027165,1,3,397479599,2382,13,0.79,41.606563699999995,-86.35610439999999,249.39000000000001,0.06356886029243469,19.29004669189453,0.049000002443790436,0.0,1,2373.027
2373227081,0,3,397479799,2382,13,0.79,41.606562499999995,-86.3561022,249.43,0.07366139441728592,41.6981315612793,-0.0560000017285347,0.0,0,2373.227
2373227095,1,3,397479799,2382,13,0.79,41.6065639,-86.3561045,249.37,0.08981091529130936,37.76307678222656,0.07100000232458115,0.0,1,2373.227
2373427127,0,3,397479999,2382,13,0.79,41.6065623,-86.35610229999999,249.45000000000002,0.06161980703473091,138.2892303466797,0.013000000268220901,0.0,0,2373.427
2373427144,1,3,397479999,2382,13,0.79,41.6065639,-86.3561045,249.37,0.03500000014901161,90.0,0.036000002175569534,0.0,1,2373.427
2373627153,0,3,397480199,2382,13,0.79,41.6065621,-86.35610229999999,249.46,0.05232590436935425,45.0,0.02500000037252903,0.0,0,2373.627
2373646782,1,3,397480199,2382,13,0.79,41.6065639,-86.35610439999999,249.4,0.05675385892391205,104.28108978271484,-0.024000000208616257,0.0,1,2373.647
2373827166,0,3,397480399,2382,13,0.79,41.606561899999996,-86.3561024,249.5,0.0650000050663948,22.619861602783203,-0.11100000888109207,0.0,0,2373.827
2373827183,1,3,397480399,2382,13,0.79,41.606563799999996,-86.3561043,249.43,0.056293874979019165,167.69198608398438,-0.01100000087171793,0.0,1,2373.827
2374027071,0,3,397480599,2382,13,0.79,41.6065618,-86.3561024,249.54,0.0382099486887455,132.87889099121094,0.01100000087171793,0.0,0,2374.027
2374027089,1,3,397480599,2382,13,0.79,41.606563699999995,-86.3561043,249.44,0.01345362514257431,318.0127868652344,0.007000000216066837,0.0,1,2374.027
2374227171,0,3,397480799,2382,13,0.79,41.6065616,-86.3561024,249.59,0.04356604442000389,80.7538833618164,-0.03400000184774399,0.0,0,2374.227
2374246844,1,3,397480799,2382,13,0.79,41.6065636,-86.35610419999999,249.46,0.03584689646959305,112.98871612548828,0.023000001907348633,0.0,1,2374.247
2374427029,0,3,397480999,2382,13,0.79,41.6065615,-86.35610249999999,249.62,0.04973932355642319,149.82647705078125,0.007000000216066837,0.0,0,2374.427
2374446857,1,3,397480999,2382,13,0.79,41.6065635,-86.3561041,249.47,0.0402616448700428,165.61859130859375,0.014000000432133675,0.0,1,2374.447
2374646796,0,3,397481199,2382,13,0.79,41.606561299999996,-86.35610249999999,249.65,0.04393176734447479,78.17850494384766,0.005000000353902578,0.0,0,2374.647
2374646809,1,3,397481199,2382,13,0.79,41.6065634,-86.356104,249.48000000000002,0.027313001453876495,23.749494552612305,0.05000000074505806,0.0,1,2374.647
2374827084,0,3,397481399,2382,13,0.79,41.606561299999996,-86.3561024,249.65,0.10017984360456467,86.56636810302734,-0.015000000596046448,0.0,0,2374.827
2374827098,1,3,397481399,2382,13,0.79,41.6065633,-86.35610369999999,249.48000000000002,0.06705222278833389,107.35401916503906,-0.03400000184774399,0.0,1,2374.827
2375027154,0,3,397481599,2382,13,0.79,41.6065612,-86.35610229999999,249.67000000000002,0.05044799670577049,76.23921203613281,0.052000001072883606,0.0,0,2375.027
2375027174,1,3,397481599,2382,13,0.79,41.6065632,-86.3561034,249.5,0.09712878614664078,87.0492172241211,0.01100000087171793,0.0,1,2375.027
2375227170,0,3,397481799,2382,13,0.79,41.606561299999996,-86.35610229999999,249.67000000000002,0.04939635843038559,31.759475708007812,0.05400000140070915,0.0,0,2375.227
2375227184,1,3,397481799,2382,13,0.79,41.6065632,-86.35610299999999,249.53,0.06350591033697128,82.76306915283203,0.0,0.0,1,2375.227
2375427148,0,3,397481999,2382,13,0.79,41.606561299999996,-86.3561022,249.69,0.11704700440168381,70.01688385009766,0.02800000086426735,0.0,0,2375.427
2375427165,1,3,397481999,2382,13,0.79,41.606563099999995,-86.3561027,249.55,0.07184010744094849,73.83549499511719,0.023000001907348633,0.0,1,2375.427
2375627075,0,3,397482199,2382,13,0.79,41.606561299999996,-86.3561022,249.72,0.0150332972407341,183.81407165527344,-0.06300000101327896,0.0,0,2375.627
2375646782,1,3,397482199,2382,13,0.79,41.606563099999995,-86.3561024,249.57,0.08709191530942917,34.237457275390625,0.018000001087784767,0.0,1,2375.647
2375827045,0,3,397482399,2382,13,0.79,41.606561299999996,-86.3561022,249.78,0.050328921526670456,139.02825927734375,-0.08800000697374344,0.0,0,2375.827
2375827061,1,3,397482399,2382,13,0.79,41.606563099999995,-86.3561022,249.59,0.044654227793216705,55.95405960083008,0.018000001087784767,0.0,1,2375.827
2376027010,0,3,397482599,2382,13,0.79,41.606561299999996,-86.3561022,249.83,0.06797794252634048,26.188108444213867,-0.036000002175569534,0.0,0,2376.027
2376027025,1,3,397482599,2382,13,0.79,41.606563099999995,-86.35610199999999,249.62,0.022360682487487793,116.5650405883789,0.03400000184774399,0.0,1,2376.027
2376227083,0,3,397482799,2382,13,0.79,41.606561299999996,-86.3561022,249.88,0.037336308509111404,339.6235656738281,0.04400000348687172,0.0,0,2376.227
2376227098,1,3,397482799,2382,13,0.79,41.606563,-86.35610179999999,249.63,0.0298328697681427,50.440330505371094,-0.009000000543892384,0.0,1,2376.227
2376427176,0,3,397482999,2382,13,0.79,41.6065614,-86.35610229999999,249.89000000000001,0.05728001520037651,314.2926940917969,-0.03100000135600567,0.0,0,2376.427
2376427189,1,3,397482999,2382,13,0.79,41.606563099999995,-86.3561017,249.65,0.07106335461139679,357.58050537109375,0.04400000348687172,0.0,1,2376.427
2376627185,0,3,397483199,2382,13,0.79,41.6065615,-86.35610249999999,249.91,0.08709191530942917,267.3675537109375,-0.02200000174343586,0.0,0,2376.627
2376627198,1,3,397483199,2382,13,0.79,41.6065632,-86.3561017,249.65,0.01702938787639141,310.2363586425781,0.04100000113248825,0.0,1,2376.627
2376827208,0,3,397483399,2382,13,0.79,41.6065615,-86.3561028,249.94,0.09879272431135178,291.3706359863281,0.055000003427267075,0.0,0,2376.827
2376846823,1,3,397483399,2382,13,0.79,41.6065632,-86.3561017,249.65,0.019313208758831024,158.74948120117188,0.007000000216066837,0.0,1,2376.847
2377027059,0,3,397483599,2382,13,0.79,41.6065616,-86.3561029,249.94,0.019999999552965164,36.869895935058594,-0.08700000494718552,0.0,0,2377.027
2377027074,1,3,397483599,2382,13,0.79,41.6065632,-86.35610179999999,249.64000000000001,0.01345362514257431,228.01278686523438,0.05900000408291817,0.0,1,2377.027
2377227092,0,3,397483799,2382,13,0.79,41.6065616,-86.35610299999999,249.96,0.06395310908555984,260.0958251953125,-0.007000000216066837,0.0,0,2377.227
2377227107,1,3,397483799,2382,13,0.79,41.606563099999995,-86.3561019,249.66,0.0455411933362484,289.2306823730469,-0.003000000026077032,0.0,1,2377.227
2377446848,0,3,397483999,2382,13,0.79,41.6065616,-86.35610319999999,249.97,0.10165137052536011,285.4034423828125,0.009000000543892384,0.0,0,2377.447
2377446861,1,3,397483999,2382,13,0.79,41.606563099999995,-86.35610199999999,249.65,0.0865563377737999,310.3141174316406,0.020000001415610313,0.0,1,2377.447
2377646817,0,3,397484199,2382,13,0.79,41.6065616,-86.35610349999999,249.96,0.05950630456209183,294.8424072265625,-0.003000000026077032,0.0,0,2377.647
2377646831,1,3,397484199,2382,13,0.79,41.606563099999995,-86.3561022,249.66,0.08105553686618805,321.0090026855469,0.03400000184774399,0.0,1,2377.647
2377827127,0,3,397484399,2382,13,0.79,41.6065616,-86.3561038,249.96,0.1721917688846588,297.3091125488281,0.03700000047683716,0.0,0,2377.827
2377827171,1,3,397484399,2382,13,0.79,41.6065632,-86.3561024,249.65,0.08653323352336884,326.3099365234375,-0.01600000075995922,0.0,1,2377.827
2378027124,0,3,397484599,2382,13,0.79,41.6065617,-86.3561041,249.96,0.026019224897027016,267.79742431640625,0.020000001415610313,0.0,0,2378.027
2378027174,1,3,397484599,2382,13,0.79,41.6065634,-86.35610249999999,249.63,0.08500000089406967,323.1300964355469,0.027000000700354576,0.0,1,2378.027
2378227228,0,3,397484799,2382,13,0.79,41.6065617,-86.3561043,249.96,0.12657013535499573,328.5704345703125,0.058000002056360245,0.0,0,2378.227
2378227241,1,3,397484799,2382,13,0.79,41.6065635,-86.3561027,249.61,0.09660746157169342,334.2306823730469,-0.030000001192092896,0.0,1,2378.227
2378427152,0,3,397484999,2382,13,0.79,41.606561899999996,-86.3561043,249.94,0.08765843510627747,34.777828216552734,-0.017000000923871994,0.0,0,2378.427
2378427166,1,3,397484999,2382,13,0.79,41.606563699999995,-86.3561028,249.61,0.1047855019569397,336.3706359863281,0.03400000184774399,0.0,1,2378.427
2378627092,0,3,397485199,2382,13,0.79,41.606562,-86.3561043,249.93,0.06718631088733673,345.34326171875,0.06100000441074371,0.0,0,2378.627
2378627107,1,3,397485199,2382,13,0.79,41.606563799999996,-86.3561029,249.6,0.07427651435136795,316.6365661621094,0.06400000303983688,0.0,1,2378.627
2378846728,0,3,397485399,2382,13,0.79,41.606562,-86.3561043,249.91,0.03894868493080139,138.12213134765625,-0.018000001087784767,0.0,0,2378.847
2378846809,1,3,397485399,2382,13,0.79,41.6065639,-86.35610299999999,249.59,0.02088061533868313,16.699243545532227,0.030000001192092896,0.0,1,2378.847
2379027052,0,3,397485599,2382,13,0.79,41.6065621,-86.35610439999999,249.88,0.07849203795194626,314.48382568359375,-0.036000002175569534,0.0,0,2379.027
2379027066,1,3,397485599,2382,13,0.79,41.606564,-86.3561029,249.59,0.04016217216849327,18.886085510253906,0.0690000057220459,0.0,1,2379.027
2379227044,0,3,397485799,2382,13,0.79,41.6065621,-86.35610439999999,249.87,0.042438190430402756,55.56100845336914,0.11700000613927841,0.0,0,2379.227
2379227058,1,3,397485799,2382,13,0.79,41.6065641,-86.3561029,249.6,0.036055512726306915,303.6900634765625,0.021000001579523087,0.0,1,2379.227
2379427147,0,3,397485999,2382,13,0.79,41.6065622,-86.35610439999999,249.85,0.035227831453084946,325.40771484375,0.009000000543892384,0.0,0,2379.427
2379427161,1,3,397485999,2382,13,0.79,41.6065641,-86.3561029,249.62,0.01612451672554016,82.8749771118164,0.020000001415610313,0.0,1,2379.427
2379627141,0,3,397486199,2382,13,0.79,41.6065622,-86.3561043,249.82,0.03244996443390846,123.6900634765625,0.0430000014603138,0.0,0,2379.627
2379627183,1,3,397486199,2382,13,0.79,41.6065642,-86.3561029,249.63,0.03080584481358528,193.134033203125,-0.004000000189989805,0.0,1,2379.627
2379827135,0,3,397486399,2382,13,0.79,41.6065621,-86.3561043,249.82,0.017000000923871994,270.0,-0.010000000707805157,0.0,0,2379.827
2379827150,1,3,397486399,2382,13,0.79,41.6065641,-86.3561028,249.65,0.07003571093082428,189.86581420898438,-0.04700000211596489,0.0,1,2379.827
2380027201,0,3,397486599,2382,13,0.79,41.6065621,-86.3561043,249.83,0.07580237835645676,216.4163818359375,-0.06100000441074371,0.0,0,2380.027
2380027215,1,3,397486599,2382,13,0.79,41.6065641,-86.3561027,249.66,0.00854400359094143,20.55604362487793,0.049000002443790436,0.0,1,2380.027
2380227067,0,3,397486799,2382,13,0.79,41.606562,-86.3561043,249.82,0.07513321936130524,153.09390258789062,0.06200000271201134,0.0,0,2380.227
2380227081,1,3,397486799,2382,13,0.79,41.606564,-86.3561027,249.67000000000002,0.039051249623298645,230.19442749023438,-0.05400000140070915,0.0,1,2380.227
2380427037,0,3,397486999,2382,13,0.79,41.606561899999996,-86.35610419999999,249.78,0.017464250326156616,13.240519523620605,0.012000000104308128,0.0,0,2380.427
2380427140,1,3,397486999,2382,13,0.79,41.6065639,-86.3561026,249.69,0.03671512007713318,240.6422576904297,-0.026000000536441803,0.0,1,2380.427
2380627093,0,3,397487199,2382,13,0.79,41.6065618,-86.3561043,249.74,0.0766550749540329,262.504150390625,0.036000002175569534,0.0,0,2380.627
2380646753,1,3,397487199,2382,13,0.79,41.606563799999996,-86.3561026,249.70000000000002,0.08452810347080231,169.0888671875,-0.07400000095367432,0.0,1,2380.647
2380827032,0,3,397487399,2382,13,0.79,41.6065617,-86.35610439999999,249.72,0.06800735741853714,199.7671661376953,0.09300000220537186,0.0,0,2380.827
2380827091,1,3,397487399,2382,13,0.79,41.6065636,-86.3561024,249.69,0.01303840521723032,274.3987121582031,0.058000002056360245,0.0,1,2380.827
2381027131,0,3,397487599,2382,13,0.79,41.6065616,-86.3561045,249.69,0.014317821711301804,192.0947723388672,0.007000000216066837,0.0,0,2381.027
2381027145,1,3,397487599,2382,13,0.79,41.6065635,-86.3561024,249.70000000000002,0.023021729663014412,235.61965942382812,0.013000000268220901,0.0,1,2381.027
2381227122,0,3,397487799,2382,13,0.79,41.6065615,-86.3561045,249.65,0.04215447977185249,157.69378662109375,-0.036000002175569534,0.0,0,2381.227
2381227165,1,3,397487799,2382,13,0.79,41.6065635,-86.3561024,249.70000000000002,0.07242237776517868,305.4457092285156,0.006000000052154064,0.0,1,2381.227
2381427113,0,3,397487999,2382,13,0.79,41.6065614,-86.3561046,249.63,0.04827007278800011,219.95755004882812,0.01900000125169754,0.0,0,2381.427
2381446913,1,3,397487999,2382,13,0.79,41.6065634,-86.35610229999999,249.71,0.009000000543892384,270.0,0.036000002175569534,0.0,1,2381.447
2381627053,0,3,397488199,2382,13,0.79,41.6065612,-86.3561047,249.59,0.09908583015203476,222.5459747314453,0.046000003814697266,0.0,0,2381.627
2381646797,1,3,397488199,2382,13,0.79,41.6065633,-86.3561022,249.71,0.025495098903775215,228.17984008789062,0.04500000178813934,0.0,1,2381.647
2381827140,0,3,397488399,2382,13,0.79,41.6065611,-86.3561048,249.57,0.02500000037252903,270.0,-0.09400000423192978,0.0,0,2381.827
2381827155,1,3,397488399,2382,13,0.79,41.6065632,-86.3561021,249.69,0.011313709430396557,135.0,0.027000000700354576,0.0,1,2381.827
2382027036,0,3,397488599,2382,13,0.79,41.606561,-86.35610489999999,249.55,0.05787055194377899,288.1218566894531,-0.03200000151991844,0.0,0,2382.027
2382027049,1,3,397488599,2382,13,0.79,41.606563,-86.3561019,249.69,0.02640075795352459,127.30393981933594,0.10400000214576721,0.0,1,2382.027
2382227031,0,3,397488799,2382,13,0.79,41.606561,-86.356105,249.54,0.05100000277161598,0.0,-0.036000002175569534,0.0,0,2382.227
2382227058,1,3,397488799,2382,13,0.79,41.6065629,-86.35610179999999,249.69,0.02745906077325344,349.5085144042969,0.030000001192092896,0.0,1,2382.227
2382427168,0,3,397488999,2382,13,0.79,41.6065611,-86.356105,249.52,0.04876474291086197,298.1416015625,-0.024000000208616257,0.0,0,2382.427
2382446796,1,3,397488999,2382,13,0.79,41.6065628,-86.3561016,249.69,0.0213775597512722,190.78431701660156,0.0430000014603138,0.0,1,2382.447
2382627083,0,3,397489199,2382,13,0.79,41.6065611,-86.356105,249.49,0.01486606989055872,317.726318359375,-0.11300000548362732,0.0,0,2382.627
2382646785,1,3,397489199,2382,13,0.79,41.6065626,-86.3561014,249.71,0.009486833587288857,161.56504821777344,-0.02500000037252903,0.0,1,2382.647
2382827121,0,3,397489399,2382,13,0.79,41.6065612,-86.35610489999999,249.46,0.06720118969678879,143.47113037109375,-0.058000002056360245,0.0,0,2382.827
2382846810,1,3,397489399,2382,13,0.79,41.6065624,-86.35610129999999,249.73000000000002,0.046389658004045486,187.43141174316406,-0.04400000348687172,0.0,1,2382.847
2383027157,0,3,397489599,2382,13,0.79,41.6065612,-86.3561048,249.46,0.04712748900055885,72.71849822998047,-0.11700000613927841,0.0,0,2383.027
2383027174,1,3,397489599,2382,13,0.79,41.6065622,-86.35610109999999,249.74,0.08229824155569077,207.4991455078125,-0.12600000202655792,0.0,1,2383.027
2383227132,0,3,397489799,2382,13,0.79,41.6065611,-86.35610489999999,249.43,0.17755280435085297,237.65255737304688,-0.1469999998807907,0.0,0,2383.227
2383227145,1,3,397489799,2382,13,0.79,41.606561899999996,-86.356101,249.76000000000002,0.09542536735534668,218.1909637451172,-0.1469999998807907,0.0,1,2383.227
2383427219,0,3,397489999,2382,13,0.79,41.6065609,-86.3561052,249.45000000000002,0.14775656163692474,219.5076904296875,-0.28200000524520874,0.0,0,2383.427
2383427233,1,3,397489999,2382,13,0.79,41.6065617,-86.356101,249.79,0.10097524523735046,262.0303955078125,-0.26900002360343933,0.0,1,2383.427
2383627122,0,3,397490199,2382,13,0.79,41.6065609,-86.3561055,249.48000000000002,0.23283472657203674,283.9168701171875,-0.3320000171661377,0.0,0,2383.627
2383627139,1,3,397490199,2382,13,0.79,41.6065615,-86.356101,249.83,0.09507892280817032,202.2490234375,-0.26600000262260437,0.0,1,2383.627
2383827043,0,3,397490399,2382,13,0.79,41.6065608,-86.356106,249.52,0.21384340524673462,235.86407470703125,-0.35600000619888306,0.0,0,2383.827
2383827057,1,3,397490399,2382,13,0.79,41.6065612,-86.35610109999999,249.92000000000002,0.20200002193450928,258.5788269042969,-0.4390000104904175,0.0,1,2383.827
2384027092,0,3,397490599,2382,13,0.79,41.6065605,-86.3561067,249.64000000000001,0.49807730317115784,247.450927734375,-0.4350000321865082,0.0,0,2384.027
2384027106,1,3,397490599,2382,13,0.79,41.6065609,-86.3561017,250.01000000000002,0.4681079089641571,246.7210693359375,-0.5890000462532043,0.0,1,2384.027
2384227121,0,3,397490799,2382,13,0.79,41.6065602,-86.35610779999999,249.66,0.5257918238639832,258.9251708984375,-0.5540000200271606,0.0,0,2384.227
2384246797,1,3,397490799,2382,13,0.79,41.606560599999995,-86.3561026,250.09,0.40603697299957275,246.023193359375,-0.5460000038146973,0.0,1,2384.247
2384427081,0,3,397490999,2382,13,0.79,41.6065599,-86.35610899999999,249.73000000000002,0.5483356714248657,246.80142211914062,-0.7410000562667847,0.0,0,2384.427
2384446794,1,3,397490999,2382,13,0.79,41.606560099999996,-86.3561034,250.26000000000002,0.4888947010040283,251.26858520507812,-0.7570000290870667,0.0,1,2384.447
2384627134,0,3,397491199,2382,13,0.79,41.606559399999995,-86.35611039999999,249.81,0.731782078742981,246.48269653320312,-0.8600000143051147,0.0,0,2384.627
2384646806,1,3,397491199,2382,13,0.79,41.6065596,-86.3561046,250.4,0.7123293280601501,248.33302307128906,-0.7580000162124634,0.0,1,2384.647
2384827207,0,3,397491399,2382,13,0.79,41.606558799999995,-86.35611209999999,249.91,0.8729352951049805,247.07720947265625,-0.8330000638961792,0.0,0,2384.827
2384827224,1,3,397491399,2382,13,0.79,41.606559,-86.3561062,250.58,0.8323875069618225,246.26815795898438,-0.9980000257492065,0.0,1,2384.827
2385027090,0,3,397491599,2382,13,0.79,41.606558,-86.3561141,250.04,1.0413165092468262,242.302978515625,-1.0090000629425049,0.0,0,2385.027
2385027127,1,3,397491599,2382,13,0.79,41.606558199999995,-86.3561081,250.79,1.01263427734375,242.473388671875,-1.0940001010894775,0.0,1,2385.027
2385227034,0,3,397491799,2382,13,0.79,41.606557099999996,-86.3561165,250.20000000000002,1.1448864936828613,243.7706756591797,-1.0600000619888306,0.0,0,2385.227
2385227047,1,3,397491799,2382,13,0.79,41.6065572,-86.35611039999999,250.99,1.1418639421463013,245.25289916992188,-1.0140000581741333,0.0,1,2385.227
2385427235,0,3,397491999,2382,13,0.79,41.6065563,-86.3561192,250.36,1.2432043552398682,250.7926025390625,-1.152000069618225,0.0,0,2385.427
2385427248,1,3,397491999,2382,13,0.79,41.6065563,-86.3561129,251.20000000000002,1.2696949243545532,247.49468994140625,-1.097000002861023,0.0,1,2385.427
2385627121,0,3,397492199,2382,13,0.79,41.6065555,-86.3561221,250.56,1.3357791900634766,247.6011962890625,-1.100000023841858,0.0,0,2385.627
2385646792,1,3,397492199,2382,13,0.79,41.6065553,-86.35611569999999,251.43,1.2730566263198853,249.4439697265625,-1.1780000925064087,0.0,1,2385.647
2385827091,0,3,397492399,2382,13,0.79,41.6065545,-86.3561251,250.8,1.362212896347046,243.3973388671875,-1.1540000438690186,0.0,0,2385.827
2385827108,1,3,397492399,2382,13,0.79,41.6065542,-86.3561186,251.68,1.4503934383392334,244.03564453125,-1.1950000524520874,0.0,1,2385.827
2386027142,0,3,397492599,2382,13,0.79,41.606553399999996,-86.3561283,251.0,1.5592100620269775,245.60470581054688,-1.1480000019073486,0.0,0,2386.027
2386027157,1,3,397492599,2382,13,0.79,41.6065532,-86.3561217,251.9,1.3791002035140991,254.0489044189453,-1.1690000295639038,0.0,1,2386.027
2386227152,0,3,397492799,2382,13,0.79,41.6065523,-86.35613169999999,251.22,1.4939565658569336,248.6045379638672,-1.1420000791549683,0.0,0,2386.227
2386227170,1,3,397492799,2382,13,0.79,41.606552099999995,-86.35612479999999,252.20000000000002,1.5358816385269165,242.63412475585938,-1.2660000324249268,0.0,1,2386.227
2386427097,0,3,397492999,2382,13,0.79,41.6065513,-86.356135,251.43,1.4260610342025757,246.22109985351562,-1.1980000734329224,0.0,0,2386.427
2386446779,1,3,397492999,2382,13,0.79,41.606550899999995,-86.356128,252.4,1.4534679651260376,247.2103271484375,-1.124000072479248,0.0,1,2386.447
2386627034,0,3,397493199,2382,13,0.79,41.606550299999995,-86.35613839999999,251.69,1.5609742403030396,246.91708374023438,-1.1810001134872437,0.0,0,2386.627
2386646795,1,3,397493199,2382,13,0.79,41.606549799999996,-86.3561312,252.62,1.474316954612732,245.26014709472656,-1.1770000457763672,0.0,1,2386.647
2386827045,0,3,397493399,2382,13,0.79,41.606549199999996,-86.3561418,251.92000000000002,1.5054335594177246,248.120849609375,-0.9470000267028809,0.0,0,2386.827
2386827059,1,3,397493399,2382,13,0.79,41.606548599999996,-86.3561343,252.86,1.4494706392288208,241.93218994140625,-1.1190000772476196,0.0,1,2386.827
2387027110,0,3,397493599,2382,13,0.79,41.6065483,-86.356145,252.13,1.3049237728118896,246.7552947998047,-1.0520000457763672,0.0,0,2387.027
2387046830,1,3,397493599,2382,13,0.79,41.6065474,-86.3561373,253.09,1.3780323266983032,244.3275146484375,-1.0770000219345093,0.0,1,2387.047
2387227185,0,3,397493799,2382,13,0.79,41.6065475,-86.3561479,252.34,1.2798640727996826,247.6831817626953,-1.00600004196167,0.0,0,2387.227
2387246793,1,3,397493799,2382,13,0.79,41.6065463,-86.35614009999999,253.31,1.3004096746444702,237.849853515625,-0.9880000352859497,0.0,1,2387.247
2387427148,0,3,397493999,2382,13,0.79,41.606546699999996,-86.35615059999999,252.48000000000002,1.1485753059387207,246.33636474609375,-0.8760000467300415,0.0,0,2387.427
2387446795,1,3,397493999,2382,13,0.79,41.6065451,-86.35614269999999,253.53,1.1681187152862549,241.85537719726562,-0.9720000624656677,0.0,1,2387.447
2387627150,0,3,397494199,2382,13,0.79,41.606546,-86.35615299999999,252.63,1.0429812669754028,252.19046020507812,-0.7720000147819519,0.0,0,2387.627
2387627163,1,3,397494199,2382,13,0.79,41.606544199999995,-86.3561452,253.63,1.1194508075714111,251.72691345214844,-0.7920000553131104,0.0,1,2387.627
2387827127,0,3,397494399,2382,13,0.79,41.606545499999996,-86.35615519999999,252.76000000000002,0.8930202126502991,246.99517822265625,-0.5630000233650208,0.0,0,2387.827
2387846788,1,3,397494399,2382,13,0.79,41.606543599999995,-86.35614729999999,253.8,0.8556618094444275,245.5615997314453,-0.7550000548362732,0.0,1,2387.847
2388027057,0,3,397494599,2382,13,0.79,41.6065451,-86.35615709999999,252.85,0.7913210988044739,249.664306640625,-0.527999997138977,0.0,0,2388.027
2388046836,1,3,397494599,2382,13,0.79,41.606542999999995,-86.35614919999999,253.89000000000001,0.8128038048744202,252.45675659179688,-0.484000027179718,0.0,1,2388.047
2388227077,0,3,397494799,2382,13,0.79,41.606544799999995,-86.3561588,252.94,0.6761804819107056,250.6539764404297,-0.42100003361701965,0.0,0,2388.227
2388246827,1,3,397494799,2382,13,0.79,41.606542399999995,-86.3561508,253.99,0.6603665947914124,240.01837158203125,-0.3290000259876251,0.0,1,2388.247
2388427046,0,3,397494999,2382,13,0.79,41.6065447,-86.35616,252.97,0.39929941296577454,259.02777099609375,-0.29200002551078796,0.0,0,2388.427
2388427060,1,3,397494999,2382,13,0.79,41.606541799999995,-86.356152,254.06,0.49697989225387573,249.9971923828125,-0.2370000183582306,0.0,1,2388.427
2388627051,0,3,397495199,2382,13,0.79,41.6065445,-86.356161,252.97,0.4736000895500183,243.5431671142578,-0.10200000554323196,0.0,0,2388.627
2388627064,1,3,397495199,2382,13,0.79,41.6065415,-86.3561532,254.12,0.5374477505683899,262.6237487792969,-0.22100001573562622,0.0,1,2388.627
2388827088,0,3,397495399,2382,13,0.79,41.6065444,-86.3561618,252.95000000000002,0.28856369853019714,275.9674377441406,-0.0020000000949949026,0.0,0,2388.827
2388827114,1,3,397495399,2382,13,0.79,41.6065414,-86.3561541,254.13,0.2884441316127777,266.8201904296875,-0.0650000050663948,0.0,1,2388.827
2389027205,0,3,397495599,2382,13,0.79,41.6065446,-86.3561624,252.9,0.21247589588165283,276.7571105957031,0.09100000560283661,0.0,0,2389.027
2389027218,1,3,397495599,2382,13,0.79,41.6065414,-86.35615469999999,254.17000000000002,0.22572992742061615,261.0801696777344,0.02500000037252903,0.0,1,2389.027
2389227115,0,3,397495799,2382,13,0.79,41.6065447,-86.3561629,252.84,0.19185933470726013,279.9041748046875,0.21300001442432404,0.0,0,2389.227
2389246788,1,3,397495799,2382,13,0.79,41.606541299999996,-86.35615519999999,254.15,0.1963084489107132,273.21221923828125,0.09400000423192978,0.0,1,2389.247
2389427119,0,3,397495999,2382,13,0.79,41.606544899999996,-86.3561632,252.76000000000002,0.15717825293540955,293.62939453125,0.17000000178813934,0.0,0,2389.427
2389446808,1,3,397495999,2382,13,0.79,41.6065414,-86.3561557,254.12,0.1673140823841095,292.119384765625,0.06000000238418579,0.0,1,2389.447
2389627075,0,3,397496199,2382,13,0.79,41.606545,-86.3561635,252.72,0.0851469337940216,266.633544921875,0.11400000751018524,0.0,0,2389.627
2389646790,1,3,397496199,2382,13,0.79,41.6065415,-86.35615589999999,254.11,0.052086468786001205,273.3018798828125,0.08800000697374344,0.0,1,2389.647
2389827170,0,3,397496399,2382,13,0.79,41.6065451,-86.3561637,252.68,0.09433981776237488,302.00537109375,0.15600000321865082,0.0,0,2389.827
2389827184,1,3,397496399,2382,13,0.79,41.6065414,-86.35615609999999,254.11,0.07184706628322601,278.8067932128906,0.07200000435113907,0.0,1,2389.827
2390027028,0,3,397496599,2382,13,0.79,41.6065453,-86.35616379999999,252.63,0.04801041632890701,305.6764221191406,0.09600000083446503,0.0,0,2390.027
2390027042,1,3,397496599,2382,13,0.79,41.6065414,-86.3561562,254.11,0.0573846697807312,311.46771240234375,0.005000000353902578,0.0,1,2390.027
2390227197,0,3,397496799,2382,13,0.79,41.606545499999996,-86.35616399999999,252.6,0.09323090314865112,292.71441650390625,0.02800000086426735,0.0,0,2390.227
2390227224,1,3,397496799,2382,13,0.79,41.6065414,-86.35615639999999,254.12,0.04716990888118744,302.00537109375,-0.07800000160932541,0.0,1,2390.227
2390427084,0,3,397496999,2382,13,0.79,41.6065457,-86.3561642,252.57,0.08183520287275314,308.55047607421875,0.08500000089406967,0.0,0,2390.427
2390427097,1,3,397496999,2382,13,0.79,41.6065414,-86.3561565,254.12,0.07000714540481567,338.1986083984375,-0.04800000041723251,0.0,1,2390.427
2390627104,0,3,397497199,2382,13,0.79,41.6065458,-86.3561644,252.55,0.06628725677728653,281.3099365234375,0.01900000125169754,0.0,0,2390.627
2390646803,1,3,397497199,2382,13,0.79,41.6065414,-86.35615659999999,254.11,0.059363290667533875,302.6192626953125,-0.07300000637769699,0.0,1,2390.647
2390827229,0,3,397497399,2382,13,0.79,41.6065457,-86.3561644,252.57,0.05408326908946037,183.17984008789062,0.06300000101327896,0.0,0,2390.827
2390827242,1,3,397497399,2382,13,0.79,41.6065414,-86.3561567,254.09,0.037121422588825226,274.6354675292969,0.0020000000949949026,0.0,1,2390.827
2391027147,0,3,397497599,2382,13,0.79,41.6065456,-86.35616449999999,252.56,0.046690475195646286,279.8658142089844,0.06800000369548798,0.0,0,2391.027
2391027160,1,3,397497599,2382,13,0.79,41.6065414,-86.3561569,254.05,0.07653757929801941,287.4880065917969,0.1120000034570694,0.0,1,2391.027
2391227083,0,3,397497799,2382,13,0.79,41.6065456,-86.3561646,252.53,0.0477074459195137,213.02386474609375,0.1720000058412552,0.0,0,2391.227
2391227097,1,3,397497799,2382,13,0.79,41.6065414,-86.356157,254.03,0.03397057577967644,317.3859558105469,0.08000000566244125,0.0,1,2391.227
2391427028,0,3,397497999,2382,13,0.79,41.6065456,-86.3561646,252.52,0.09847842901945114,350.0594177246094,0.021000001579523087,0.0,0,2391.427
2391427041,1,3,397497999,2382,13,0.79,41.6065414,-86.356157,254.02,0.03780211880803108,127.4761734008789,-0.013000000268220901,0.0,1,2391.427
2391627053,0,3,397498199,2382,13,0.79,41.6065456,-86.35616449999999,252.51000000000002,0.04022437334060669,124.87532806396484,0.05300000309944153,0.0,0,2391.627
2391627066,1,3,397498199,2382,13,0.79,41.606541299999996,-86.3561569,254.0,0.03106445074081421,123.17850494384766,0.02500000037252903,0.0,1,2391.627
2391827143,0,3,397498399,2382,13,0.79,41.6065456,-86.35616429999999,252.5,0.10042410343885422,51.874813079833984,0.049000002443790436,0.0,0,2391.827
2391827159,1,3,397498399,2382,13,0.79,41.606541299999996,-86.3561569,253.97,0.012041594833135605,48.366458892822266,0.01600000075995922,0.0,1,2391.827
2392027085,0,3,397498599,2382,13,0.79,41.6065457,-86.35616399999999,252.49,0.17548219859600067,68.25921630859375,0.05900000408291817,0.0,0,2392.027
2392027099,1,3,397498599,2382,13,0.79,41.606541299999996,-86.3561569,253.96,0.020591260865330696,209.05459594726562,0.05700000375509262,0.0,1,2392.027
2392227054,0,3,397498799,2382,13,0.79,41.6065458,-86.3561636,252.49,0.10257679969072342,60.18583297729492,0.030000001192092896,0.0,0,2392.227
2392227068,1,3,397498799,2382,13,0.79,41.606541299999996,-86.3561569,253.93,0.02280350960791111,15.255117416381836,0.0560000017285347,0.0,1,2392.227
2392427153,0,3,397498999,2382,13,0.79,41.6065459,-86.35616329999999,252.46,0.13209845125675201,29.475887298583984,-0.04100000113248825,0.0,0,2392.427
2392427166,1,3,397498999,2382,13,0.79,41.606541299999996,-86.3561569,253.9,0.023600848391652107,143.6156463623047,0.02200000174343586,0.0,1,2392.427
2392627206,0,3,397499199,2382,13,0.79,41.6065462,-86.35616309999999,252.45000000000002,0.08343860507011414,45.0,-0.01900000125169754,0.0,0,2392.627
2392627219,1,3,397499199,2382,13,0.79,41.6065414,-86.3561568,253.87,0.02325940877199173,25.463342666625977,-0.0010000000474974513,0.0,1,2392.627
2392827048,0,3,397499399,2382,13,0.79,41.6065463,-86.35616279999999,252.47,0.10553673654794693,77.41230010986328,-0.03400000184774399,0.0,0,2392.827
2392827067,1,3,397499399,2382,13,0.79,41.6065414,-86.3561569,253.86,0.01900000125169754,180.0,-0.04100000113248825,0.0,1,2392.827
2393027049,0,3,397499599,2382,13,0.79,41.6065465,-86.3561625,252.5,0.12163059413433075,45.66619873046875,-0.16300000250339508,0.0,0,2393.027
2393027062,1,3,397499599,2382,13,0.79,41.6065414,-86.3561569,253.86,0.060827627778053284,152.5924072265625,-0.007000000216066837,0.0,1,2393.027
2393227276,0,3,397499799,2382,13,0.79,41.6065466,-86.3561622,252.52,0.10692054033279419,82.4761734008789,-0.02200000174343586,0.0,0,2393.227
2393227289,1,3,397499799,2382,13,0.79,41.6065414,-86.3561568,253.85,0.036878179758787155,102.52880096435547,-0.08900000154972076,0.0,1,2393.227
2393427111,0,3,397499999,2382,13,0.79,41.6065468,-86.356162,252.5,0.10336827486753464,24.581573486328125,-0.07400000095367432,0.0,0,2393.427
2393446817,1,3,397499999,2382,13,0.79,41.606541299999996,-86.3561568,253.87,0.0975089818239212,154.4861297607422,0.027000000700354576,0.0,1,2393.447
2393627179,0,3,397500199,2382,13,0.79,41.6065468,-86.35616189999999,252.48000000000002,0.21083880960941315,147.59132385253906,0.014000000432133675,0.0,0,2393.627
2393646799,1,3,397500199,2382,13,0.79,41.606541199999995,-86.3561568,253.85,0.1057591661810875,166.88356018066406,0.024000000208616257,0.0,1,2393.647
2393827111,0,3,397500399,2382,12,0.79,41.606546699999996,-86.3561617,252.47,0.01984943449497223,319.08563232421875,0.05400000140070915,0.0,0,2393.827
2393827170,1,3,397500399,2382,13,0.79,41.6065411,-86.3561569,253.83,0.1539415568113327,201.7322998046875,0.0650000050663948,0.0,1,2393.827
2394027175,0,3,397500599,2382,12,0.79,41.6065466,-86.3561616,252.47,0.14317820966243744,151.64501953125,0.036000002175569534,0.0,0,2394.027
2394027189,1,3,397500599,2382,13,0.79,41.6065409,-86.356157,253.79,0.2146741896867752,175.45799255371094,0.03100000135600567,0.0,1,2394.027
2394227171,0,3,397500799,2382,12,0.79,41.6065464,-86.3561615,252.49,0.20855696499347687,155.64698791503906,0.09400000423192978,0.0,0,2394.227
2394227187,1,3,397500799,2382,13,0.79,41.6065405,-86.356157,253.77,0.3043452203273773,171.4971466064453,0.10600000619888306,0.0,1,2394.227
2394427099,0,3,397500999,2382,12,0.79,41.606546099999996,-86.35616139999999,252.48000000000002,0.33463114500045776,174.34051513671875,0.020000001415610313,0.0,0,2394.427
2394427149,1,3,397500999,2382,13,0.79,41.6065399,-86.356157,253.76000000000002,0.4457892179489136,172.52426147460938,0.020000001415610313,0.0,1,2394.427
2394627036,0,3,397501199,2382,12,0.79,41.6065453,-86.3561613,252.45000000000002,0.5100784301757812,174.82589721679688,0.13199999928474426,0.0,0,2394.627
2394627050,1,3,397501199,2382,13,0.79,41.6065391,-86.356157,253.72,0.6035603284835815,177.53106689453125,0.03700000047683716,0.0,1,2394.627
2394827018,0,3,397501399,2382,12,0.87,41.606544299999996,-86.3561611,252.47,0.7036511898040771,172.73358154296875,0.07300000637769699,0.0,0,2394.827
2394827061,1,3,397501399,2382,13,0.79,41.6065379,-86.356157,253.69,0.8500882387161255,177.10057067871094,0.012000000104308128,0.0,1,2394.827
2395027071,0,3,397501599,2382,12,0.87,41.6065428,-86.35616089999999,252.47,0.9664849042892456,174.4781494140625,0.05900000408291817,0.0,0,2395.027
2395027085,1,3,397501599,2382,13,0.79,41.606536399999996,-86.356157,253.65,0.9660254120826721,179.58480834960938,0.014000000432133675,0.0,1,2395.027
2395227101,0,3,397501799,2382,12,0.87,41.6065408,-86.35616089999999,252.48000000000002,1.25310218334198,180.73159790039062,0.1290000081062317,0.0,0,2395.227
2395227115,1,3,397501799,2382,13,0.79,41.6065344,-86.35615709999999,253.65,1.2640700340270996,177.64234924316406,0.0430000014603138,0.0,1,2395.227
2395427182,0,3,397501999,2382,12,0.87,41.6065384,-86.35616089999999,252.54,1.3643991947174072,178.61407470703125,0.015000000596046448,0.0,0,2395.427
2395427195,1,3,397501999,2382,13,0.79,41.606532,-86.356157,253.66,1.4524972438812256,178.5008544921875,-0.020000001415610313,0.0,1,2395.427
2395627197,0,3,397502199,2382,12,0.87,41.6065356,-86.35616069999999,252.56,1.7139627933502197,177.25778198242188,-0.055000003427267075,0.0,0,2395.627
2395646792,1,3,397502199,2382,13,0.79,41.6065292,-86.356157,253.65,1.764920711517334,178.1492462158203,0.006000000052154064,0.0,1,2395.647
2395827056,0,3,397502399,2382,12,0.87,41.606532099999995,-86.3561605,252.62,1.9421610832214355,179.262451171875,-0.10400000214576721,0.0,0,2395.827
2395827069,1,3,397502399,2382,13,0.79,41.6065259,-86.3561569,253.65,1.982236385345459,177.97625732421875,-0.013000000268220901,0.0,1,2395.827
2396027087,0,3,397502599,2382,12,0.87,41.6065283,-86.3561604,252.67000000000002,2.152761220932007,177.09771728515625,0.04500000178813934,0.0,0,2396.027
2396027100,1,3,397502599,2382,13,0.79,41.6065221,-86.3561568,253.66,2.1993136405944824,178.01966857910156,0.02800000086426735,0.0,1,2396.027
2396227087,0,3,397502799,2382,12,0.87,41.6065241,-86.35616019999999,252.72,2.3935868740081787,178.73121643066406,-0.06100000441074371,0.0,0,2396.227
2396227100,1,3,397502799,2382,13,0.79,41.606518,-86.3561568,253.66,2.4140913486480713,179.50157165527344,-0.02800000086426735,0.0,1,2396.227
2396427088,0,3,397502999,2382,12,0.87,41.6065195,-86.35616019999999,252.67000000000002,2.6445515155792236,178.82997131347656,0.015000000596046448,0.0,0,2396.427
2396427102,1,3,397502999,2382,13,0.79,41.6065136,-86.3561568,253.67000000000002,2.6088039875030518,177.869140625,-0.05900000408291817,0.0,1,2396.427
2396627177,0,3,397503199,2382,12,0.87,41.6065146,-86.35616019999999,252.71,2.7100002765655518,179.97885131835938,-0.03700000047683716,0.0,0,2396.627
2396627190,1,3,397503199,2382,13,0.79,41.6065088,-86.3561567,253.65,2.7313547134399414,179.07696533203125,-0.02800000086426735,0.0,1,2396.627
2396827131,0,3,397503399,2382,12,0.87,41.6065095,-86.35616019999999,252.77,2.8890693187713623,180.3966522216797,-0.039000000804662704,0.0,0,2396.827
2396827145,1,3,397503399,2382,13,0.79,41.6065038,-86.3561567,253.66,2.895029306411743,180.25729370117188,-0.04800000041723251,0.0,1,2396.827
2397027092,0,3,397503599,2382,12,0.87,41.606504,-86.35616019999999,252.8,3.06440806388855,180.93490600585938,-0.005000000353902578,0.0,0,2397.027
2397027144,1,3,397503599,2382,13,0.79,41.6064984,-86.3561567,253.65,3.0310041904449463,179.9054718017578,0.015000000596046448,0.0,1,2397.027
2397227056,0,3,397503799,2382,12,0.87,41.6064984,-86.3561603,252.83,3.149000406265259,180.01820373535156,-0.024000000208616257,0.0,0,2397.227
2397227070,1,3,397503799,2382,13,0.79,41.6064928,-86.3561567,253.64000000000001,3.226223945617676,179.3251190185547,0.06800000369548798,0.0,1,2397.227
2397427113,0,3,397503999,2382,12,0.87,41.6064925,-86.35616019999999,252.84,3.3110122680664062,180.15574645996094,-0.012000000104308128,0.0,0,2397.427
2397446886,1,3,397503999,2382,13,0.79,41.606487,-86.3561567,253.64000000000001,3.25100040435791,179.98236083984375,0.1120000034570694,0.0,1,2397.447
2397627035,0,3,397504199,2382,12,0.87,41.6064864,-86.3561603,252.82,3.4116387367248535,181.10850524902344,0.012000000104308128,0.0,0,2397.627
2397646841,1,3,397504199,2382,13,0.79,41.606480999999995,-86.3561569,253.65,3.4038710594177246,181.2962188720703,-0.014000000432133675,0.0,1,2397.647
2397827067,0,3,397504399,2382,12,0.85,41.6064802,-86.3561604,252.85,3.462000608444214,180.03311157226562,0.046000003814697266,0.0,0,2397.827
2397827081,1,3,397504399,2382,13,0.79,41.606474899999995,-86.356157,253.65,3.4823310375213623,179.210205078125,0.08500000089406967,0.0,1,2397.827
2398027139,0,3,397504599,2382,12,0.85,41.606473799999996,-86.35616019999999,252.82,3.506659746170044,178.88885498046875,0.10000000149011612,0.0,0,2398.027
2398046798,1,3,397504599,2382,13,0.79,41.6064685,-86.356157,253.66,3.5590457916259766,180.28977966308594,-0.05400000140070915,0.0,1,2398.047
2398227127,0,3,397504799,2382,12,0.85,41.6064674,-86.3561601,252.78,3.5813353061676025,180.78396606445312,0.1210000067949295,0.0,0,2398.227
2398227157,1,3,397504799,2382,13,0.79,41.606462199999996,-86.35615709999999,253.64000000000001,3.579023838043213,180.20811462402344,0.023000001907348633,0.0,1,2398.227
2398427060,0,3,397504999,2382,12,0.85,41.606460899999995,-86.35616019999999,252.78,3.596170663833618,180.55764770507812,0.08900000154972076,0.0,0,2398.427
2398427115,1,3,397504999,2382,13,0.79,41.6064558,-86.35615709999999,253.64000000000001,3.6041088104248047,179.5548553466797,-0.04200000315904617,0.0,1,2398.427
2398627149,0,3,397505199,2382,12,0.85,41.606454299999996,-86.3561601,252.8,3.6393301486968994,179.22854614257812,-0.004000000189989805,0.0,0,2398.627
2398627162,1,3,397505199,2382,13,0.79,41.6064495,-86.3561572,253.62,3.4922900199890137,180.7383270263672,-0.03100000135600567,0.0,1,2398.627
2398827061,0,3,397505399,2382,12,0.85,41.6064477,-86.3561599,252.78,3.620497226715088,179.0504150390625,0.04500000178813934,0.0,0,2398.827
2398846820,1,3,397505399,2382,13,0.79,41.6064432,-86.3561572,253.62,3.600802421569824,178.79058837890625,0.09000000357627869,0.0,1,2398.847
2399027073,0,3,397505599,2382,12,0.85,41.6064412,-86.3561599,252.74,3.5411720275878906,182.00672912597656,0.09600000083446503,0.0,0,2399.027
2399027087,1,3,397505599,2382,13,0.79,41.6064369,-86.35615729999999,253.6,3.47531795501709,180.77490234375,0.08800000697374344,0.0,1,2399.027
2399227031,0,3,397505799,2382,12,0.85,41.606434899999996,-86.35616,252.76000000000002,3.4670095443725586,180.13221740722656,0.052000001072883606,0.0,0,2399.227
2399227045,1,3,397505799,2382,13,0.79,41.6064308,-86.3561575,253.57,3.414381265640259,180.85585021972656,0.06800000369548798,0.0,1,2399.227
2399427043,0,3,397505999,2382,12,0.85,41.606428699999995,-86.3561599,252.76000000000002,3.4460372924804688,179.7339630126953,-0.00800000037997961,0.0,0,2399.427
2399446862,1,3,397505999,2382,13,0.79,41.6064248,-86.3561576,253.54,3.388037919998169,180.2705841064453,0.05300000309944153,0.0,1,2399.447
2399627259,0,3,397506199,2382,12,0.85,41.606422599999995,-86.35616,252.74,3.3134498596191406,181.69485473632812,-0.005000000353902578,0.0,0,2399.627
2399646811,1,3,397506199,2382,13,0.79,41.6064188,-86.3561576,253.53,3.3343312740325928,179.1923370361328,0.09700000286102295,0.0,1,2399.647
2399827200,0,3,397506399,2382,12,0.85,41.6064168,-86.35616,252.64000000000001,3.1048583984375,178.6527557373047,0.05900000408291817,0.0,0,2399.827
2399827213,1,3,397506399,2382,13,0.79,41.6064131,-86.3561575,253.5,3.1948115825653076,178.70863342285156,-0.015000000596046448,0.0,1,2399.827
2400027146,0,3,397506599,2382,12,0.85,41.6064114,-86.3561599,252.67000000000002,2.9023807048797607,180.92787170410156,0.1720000058412552,0.0,0,2400.027
2400027162,1,3,397506599,2382,13,0.79,41.6064076,-86.3561574,253.51000000000002,2.986435651779175,179.021484375,-0.003000000026077032,0.0,1,2400.027
2400227147,0,3,397506799,2382,12,0.85,41.6064064,-86.3561599,252.63,2.722776174545288,178.63206481933594,0.1210000067949295,0.0,0,2400.227
2400227161,1,3,397506799,2382,13,0.79,41.606402599999996,-86.3561575,253.48000000000002,2.698000907897949,180.04249572753906,0.03400000184774399,0.0,1,2400.227
2400427050,0,3,397506999,2382,12,0.85,41.6064015,-86.3561598,252.57,2.614440679550171,178.94801330566406,0.2110000103712082,0.0,0,2400.427
2400446750,1,3,397506999,2382,13,0.79,41.6063982,-86.3561576,253.44,2.4283297061920166,180.94384765625,0.04200000315904617,0.0,1,2400.447
2400627110,0,3,397507199,2382,12,0.85,41.606397099999995,-86.35615969999999,252.55,2.189011335372925,180.1832275390625,0.1340000033378601,0.0,0,2400.627
2400646878,1,3,397507199,2382,13,0.79,41.6063942,-86.3561577,253.42000000000002,2.117114305496216,179.4045867919922,0.0820000022649765,0.0,1,2400.647
2400827037,0,3,397507399,2382,12,0.85,41.606393399999995,-86.3561598,252.6,1.893059492111206,180.45401000976562,0.15300001204013824,0.0,0,2400.827
2400846753,1,3,397507399,2382,13,0.79,41.6063907,-86.3561576,253.41,1.8547574281692505,178.36251831054688,0.0560000017285347,0.0,1,2400.847
2401027092,0,3,397507599,2382,12,0.85,41.6063902,-86.3561598,252.56,1.6690027713775635,180.10299682617188,0.13300000131130219,0.0,0,2401.027
2401046776,1,3,397507599,2382,13,0.79,41.6063877,-86.3561576,253.38,1.5301729440689087,179.1387481689453,0.039000000804662704,0.0,1,2401.047
2401227105,0,3,397507799,2382,12,0.85,41.6063875,-86.3561599,252.56,1.3360034227371216,180.12867736816406,0.14600001275539398,0.0,0,2401.227
2401227118,1,3,397507799,2382,13,0.79,41.6063853,-86.3561576,253.36,1.2793288230895996,178.70108032226562,0.046000003814697266,0.0,1,2401.227
2401427120,0,3,397507999,2382,12,0.85,41.6063854,-86.3561599,252.55,0.9530887007713318,180.7815399169922,0.14800000190734863,0.0,0,2401.427
2401446802,1,3,397507999,2382,13,0.79,41.606383199999996,-86.3561576,253.35,1.005161166191101,178.97390747070312,0.0020000000949949026,0.0,1,2401.447
2401646799,0,3,397508199,2382,12,0.85,41.606383699999995,-86.35616,252.54,0.8440006375312805,180.06790161132812,0.13900001347064972,0.0,0,2401.647
2401646813,1,3,397508199,2382,13,0.79,41.6063817,-86.3561575,253.32,0.7941946387290955,175.73960876464844,0.024000000208616257,0.0,1,2401.647
2401827163,0,3,397508399,2382,12,0.85,41.6063824,-86.35616,252.5,0.563022255897522,180.5088348388672,0.03700000047683716,0.0,0,2401.827
2401846792,1,3,397508399,2382,13,0.79,41.6063805,-86.3561574,253.28,0.6261541247367859,176.52069091796875,0.08500000089406967,0.0,1,2401.847
2402027063,0,3,397508599,2382,12,0.85,41.6063814,-86.3561601,252.51000000000002,0.47102653980255127,180.60821533203125,0.14000000059604645,0.0,0,2402.027
2402046849,1,3,397508599,2382,13,0.79,41.606379499999996,-86.3561574,253.27,0.562321126461029,181.9363250732422,0.007000000216066837,0.0,1,2402.047
2402227071,0,3,397508799,2382,12,0.85,41.6063804,-86.35616019999999,252.45000000000002,0.46856486797332764,182.81356811523438,0.16600000858306885,0.0,0,2402.227
2402227085,1,3,397508799,2382,13,0.79,41.6063786,-86.3561574,253.25,0.516008734703064,179.6668701171875,-0.015000000596046448,0.0,1,2402.227
2402427066,0,3,397508999,2382,12,0.85,41.606379499999996,-86.3561603,252.42000000000002,0.4331951439380646,178.28030395507812,0.030000001192092896,0.0,0,2402.427
2402427080,1,3,397508999,2382,13,0.79,41.6063778,-86.3561574,253.23000000000002,0.43601033091545105,179.6057586669922,0.01600000075995922,0.0,1,2402.427
2402627078,0,3,397509199,2382,12,0.85,41.6063786,-86.3561603,252.4,0.562321126461029,178.0636749267578,-0.014000000432133675,0.0,0,2402.627
2402646793,1,3,397509199,2382,13,0.79,41.606377099999996,-86.3561574,253.20000000000002,0.470068097114563,179.02484130859375,0.03700000047683716,0.0,1,2402.647
2402827083,0,3,397509399,2382,12,0.85,41.6063775,-86.3561603,252.41,0.6175063252449036,182.32028198242188,-0.03100000135600567,0.0,0,2402.827
2402846806,1,3,397509399,2382,13,0.79,41.6063762,-86.3561574,253.17000000000002,0.579429030418396,185.24815368652344,0.02500000037252903,0.0,1,2402.847
2403027034,0,3,397509599,2382,12,0.85,41.6063762,-86.3561604,252.4,0.7591291666030884,178.94326782226562,-0.03200000151991844,0.0,0,2403.027
2403027091,1,3,397509599,2382,13,0.79,41.6063751,-86.3561574,253.15,0.6940259337425232,180.49534606933594,0.018000001087784767,0.0,1,2403.027
2403227099,0,3,397509799,2382,12,0.85,41.606374599999995,-86.3561603,252.39000000000001,0.965518057346344,173.33868408203125,-0.06300000101327896,0.0,0,2403.227
2403227159,1,3,397509799,2382,13,0.79,41.6063737,-86.3561574,253.16,0.9340048432350159,179.8159637451172,0.05000000074505806,0.0,1,2403.227
2403427204,0,3,397509999,2382,12,0.85,41.606372799999995,-86.3561601,252.41,1.0009241104125977,177.5377960205078,-0.04200000315904617,0.0,0,2403.427
2403427217,1,3,397509999,2382,13,0.79,41.6063719,-86.35615729999999,253.13,1.0920072793960571,180.2098846435547,-0.007000000216066837,0.0,1,2403.427
2403627083,0,3,397510199,2382,12,0.85,41.6063707,-86.3561599,252.43,1.3242990970611572,176.6233673095703,-0.02800000086426735,0.0,0,2403.627
2403627099,1,3,397510199,2382,13,0.79,41.606369799999996,-86.35615729999999,253.14000000000001,1.2473031282424927,182.6192626953125,0.03400000184774399,0.0,1,2403.627
2403827111,0,3,397510399,2382,12,0.85,41.606367999999996,-86.3561598,252.47,1.5081197023391724,180.7218780517578,0.006000000052154064,0.0,0,2403.827
2403827139,1,3,397510399,2382,13,0.79,41.6063672,-86.35615729999999,253.13,1.6104724407196045,178.6123504638672,0.06400000303983688,0.0,1,2403.827
2404027037,0,3,397510599,2382,12,0.85,41.606364899999996,-86.35615969999999,252.45000000000002,1.8322255611419678,177.90435791015625,0.02800000086426735,0.0,0,2404.027
2404027055,1,3,397510599,2382,13,0.79,41.6063642,-86.35615709999999,253.13,1.816356897354126,178.86431884765625,-0.032999999821186066,0.0,1,2404.027
2404227068,0,3,397510799,2382,12,0.85,41.6063614,-86.3561596,252.53,2.0260112285614014,178.18975830078125,-0.1860000044107437,0.0,0,2404.227
2404227081,1,3,397510799,2382,13,0.79,41.606360699999996,-86.3561569,253.12,2.0320401191711426,178.1669158935547,-0.02500000037252903,0.0,1,2404.227
2404427125,0,3,397510999,2382,12,0.85,41.606357599999996,-86.35615949999999,252.53,2.1823487281799316,178.9760284423828,-0.0690000057220459,0.0,0,2404.427
2404446808,1,3,397510999,2382,13,0.79,41.6063568,-86.35615659999999,253.13,2.270334482192993,176.89434814453125,0.012000000104308128,0.0,1,2404.447
2404627098,0,3,397511199,2382,12,0.85,41.606353399999996,-86.3561594,252.53,2.4114015102386475,178.9544677734375,-0.1469999998807907,0.0,0,2404.627
2404627112,1,3,397511199,2382,13,0.79,41.6063525,-86.3561563,253.13,2.4126501083374023,178.66998291015625,0.04400000348687172,0.0,1,2404.627
2404827110,0,3,397511399,2382,12,0.85,41.6063489,-86.3561593,252.53,2.641751289367676,178.63348388671875,-0.1380000114440918,0.0,0,2404.827
2404827166,1,3,397511399,2382,13,0.79,41.606348,-86.35615609999999,253.15,2.678286552429199,178.22410583496094,-0.046000003814697266,0.0,1,2404.827
2405027197,0,3,397511599,2382,12,0.85,41.606344,-86.3561591,252.53,2.7219793796539307,178.46319580078125,-0.14400000870227814,0.0,0,2405.027
2405027211,1,3,397511599,2382,13,0.79,41.6063431,-86.35615589999999,253.14000000000001,2.7440009117126465,179.95823669433594,-0.009000000543892384,0.0,1,2405.027
2405227106,0,3,397511799,2382,12,0.85,41.6063389,-86.3561591,252.55,2.9880378246307373,180.2876434326172,-0.10300000756978989,0.0,0,2405.227
2405227151,1,3,397511799,2382,13,0.79,41.606338,-86.3561558,253.13,2.9930081367492676,179.86598205566406,0.04200000315904617,0.0,1,2405.227
2405427026,0,3,397511999,2382,12,0.85,41.606333299999996,-86.3561592,252.53,3.135019540786743,180.2010498046875,-0.014000000432133675,0.0,0,2405.427
2405446842,1,3,397511999,2382,13,0.79,41.6063324,-86.3561557,253.12,3.2302863597869873,179.23727416992188,-0.027000000700354576,0.0,1,2405.447
2405627036,0,3,397512199,2382,12,0.85,41.6063274,-86.35615899999999,252.48000000000002,3.3582191467285156,177.4911651611328,0.024000000208616257,0.0,0,2405.627
2405646875,1,3,397512199,2382,13,0.79,41.6063264,-86.3561556,253.14000000000001,3.4142346382141113,179.32870483398438,-0.009000000543892384,0.0,1,2405.647
2405827137,0,3,397512399,2382,12,0.85,41.606321099999995,-86.3561587,252.49,3.5742104053497314,178.50900268554688,-0.08700000494718552,0.0,0,2405.827
2405827188,1,3,397512399,2382,13,0.79,41.6063201,-86.3561555,253.14000000000001,3.605009078979492,180.1271514892578,-0.032999999821186066,0.0,1,2405.827
2406027109,0,3,397512599,2382,12,0.85,41.6063143,-86.3561586,252.55,3.8403127193450928,180.73109436035156,-0.14000000059604645,0.0,0,2406.027
2406027123,1,3,397512599,2382,13,0.79,41.6063134,-86.3561556,253.15,3.7753312587738037,180.75885009765625,-0.010000000707805157,0.0,1,2406.027
2406227120,0,3,397512799,2382,12,0.85,41.606307099999995,-86.3561587,252.61,4.024447441101074,180.85426330566406,-0.07200000435113907,0.0,0,2406.227
2406227163,1,3,397512799,2382,13,0.79,41.606306499999995,-86.3561556,253.15,3.9850409030914307,180.25881958007812,-0.004000000189989805,0.0,1,2406.227
2406427120,0,3,397512999,2382,12,0.85,41.6062996,-86.3561587,252.62,4.066031455993652,179.7745361328125,-0.12000000476837158,0.0,0,2406.427
2406427179,1,3,397512999,2382,13,0.79,41.6062991,-86.3561557,253.13,4.170173168182373,180.52212524414062,-0.036000002175569534,0.0,1,2406.427
2406627133,0,3,397513199,2382,12,0.85,41.606291899999995,-86.3561588,252.66,4.373098373413086,181.28408813476562,0.09100000560283661,0.0,0,2406.627
2406627148,1,3,397513199,2382,13,0.79,41.6062915,-86.3561557,253.13,4.3090057373046875,180.0930938720703,-0.029000001028180122,0.0,1,2406.627
2406827066,0,3,397513399,2382,12,0.85,41.6062839,-86.3561588,252.69,4.5150041580200195,180.07614135742188,0.004000000189989805,0.0,0,2406.827
2406827079,1,3,397513399,2382,13,0.79,41.6062837,-86.3561557,253.13,4.479000568389893,179.9744110107422,-0.006000000052154064,0.0,1,2406.827
2407027088,0,3,397513599,2382,12,0.85,41.6062756,-86.3561589,252.71,4.618165016174316,180.48387145996094,-0.08300000429153442,0.0,0,2407.027
2407027118,1,3,397513599,2382,13,0.79,41.606275499999995,-86.3561557,253.14000000000001,4.649052143096924,179.72885131835938,0.027000000700354576,0.0,1,2407.027
2407227060,0,3,397513799,2382,12,0.85,41.6062672,-86.3561589,252.75,4.7590155601501465,180.14447021484375,-0.05700000375509262,0.0,0,2407.227
2407227074,1,3,397513799,2382,13,0.79,41.606266999999995,-86.3561557,253.13,4.759002208709717,179.9518280029297,0.009000000543892384,0.0,1,2407.227
2407427097,0,3,397513999,2382,12,0.85,41.6062584,-86.3561589,252.78,4.886010646820068,180.11727905273438,-0.04200000315904617,0.0,0,2407.427
2407427112,1,3,397513999,2382,13,0.79,41.6062584,-86.3561557,253.14000000000001,4.887014865875244,179.85931396484375,-0.036000002175569534,0.0,1,2407.427
2407627128,0,3,397514199,2382,12,0.85,41.606249399999996,-86.3561589,252.76000000000002,5.0232696533203125,180.5931396484375,-0.014000000432133675,0.0,0,2407.627
2407646787,1,3,397514199,2382,13,0.79,41.606249399999996,-86.3561556,253.13,5.073001861572266,179.95480346679688,-0.0430000014603138,0.0,1,2407.647
2407846802,0,3,397514399,2382,12,0.85,41.606240199999995,-86.3561589,252.76000000000002,5.125088214874268,180.33538818359375,0.05100000277161598,0.0,0,2407.847
2407846816,1,3,397514399,2382,13,0.79,41.606240299999996,-86.3561556,253.14000000000001,5.118189334869385,180.49256896972656,0.00800000037997961,0.0,1,2407.847
2408027136,0,3,397514599,2382,12,0.85,41.6062308,-86.3561589,252.73000000000002,5.242176532745361,179.53001403808594,0.003000000026077032,0.0,0,2408.027
2408027150,1,3,397514599,2382,13,0.79,41.606231,-86.3561557,253.12,5.281001567840576,179.9565887451172,-0.021000001579523087,0.0,1,2408.027
2408227068,0,3,397514799,2382,12,0.85,41.6062212,-86.3561588,252.76000000000002,5.332007884979248,180.0967254638672,-0.06200000271201134,0.0,0,2408.227
2408227148,1,3,397514799,2382,13,0.79,41.606221399999995,-86.3561557,253.12,5.3650007247924805,180.0213623046875,-0.007000000216066837,0.0,1,2408.227
2408427055,0,3,397514999,2382,12,0.85,41.6062114,-86.3561589,252.76000000000002,5.536563873291016,180.8175811767578,-0.07200000435113907,0.0,0,2408.427
2408446900,1,3,397514999,2382,13,0.79,41.606211699999996,-86.3561556,253.12,5.509036540985107,179.7919921875,0.04700000211596489,0.0,1,2408.447
2408627079,0,3,397515199,2382,12,0.85,41.606201299999995,-86.35615899999999,252.74,5.615001678466797,179.9591827392578,0.0020000000949949026,0.0,0,2408.627
2408627147,1,3,397515199,2382,13,0.79,41.6062018,-86.3561556,253.12,5.49709939956665,180.34397888183594,-0.0950000062584877,0.0,1,2408.627
2408827102,0,3,397515399,2382,12,0.85,41.6061911,-86.3561589,252.72,5.678102016448975,179.6569061279297,0.005000000353902578,0.0,0,2408.827
2408846805,1,3,397515399,2382,13,0.79,41.6061918,-86.3561557,253.15,5.615060329437256,180.26531982421875,-0.02500000037252903,0.0,1,2408.847
2409027105,0,3,397515599,2382,12,0.85,41.6061808,-86.3561588,252.74,5.748244762420654,179.47171020507812,0.04500000178813934,0.0,0,2409.027
2409046797,1,3,397515599,2382,13,0.79,41.6061817,-86.3561557,253.13,5.776010990142822,180.109130859375,-0.023000001907348633,0.0,1,2409.047
2409227137,0,3,397515799,2382,12,0.85,41.606170299999995,-86.3561586,252.75,5.8531107902526855,179.6475830078125,-0.10300000756978989,0.0,0,2409.227
2409227150,1,3,397515799,2382,13,0.79,41.6061713,-86.3561557,253.13,5.833054065704346,180.24557495117188,-0.07700000703334808,0.0,1,2409.227
2409427148,0,3,397515999,2382,12,0.85,41.6061595,-86.35615849999999,252.74,6.01400089263916,179.97140502929688,0.11300000548362732,0.0,0,2409.427
2409446795,1,3,397515999,2382,13,0.79,41.6061608,-86.3561558,253.13,5.910346984863281,180.62045288085938,0.0020000000949949026,0.0,1,2409.447
2409627148,0,3,397516199,2382,12,0.85,41.6061487,-86.3561586,252.77,5.946727275848389,180.89608764648438,0.046000003814697266,0.0,0,2409.627
2409627161,1,3,397516199,2382,13,0.79,41.6061501,-86.35615589999999,253.13,5.953127861022949,180.3753662109375,0.02800000086426735,0.0,1,2409.627
2409827076,0,3,397516399,2382,12,0.85,41.6061379,-86.3561587,252.74,5.928037643432617,180.20298767089844,0.11300000548362732,0.0,0,2409.827
2409827169,1,3,397516399,2382,13,0.79,41.6061395,-86.35615589999999,253.13,5.966001033782959,180.02880859375,-0.009000000543892384,0.0,1,2409.827
2410027191,0,3,397516599,2382,12,0.85,41.606127099999995,-86.3561588,252.75,5.939344882965088,180.61741638183594,-0.0010000000474974513,0.0,0,2410.027
2410027205,1,3,397516599,2382,13,0.79,41.6061288,-86.356156,253.1,5.948251724243164,181.1752471923828,0.00800000037997961,0.0,1,2410.027
2410227042,0,3,397516799,2382,12,0.85,41.6061163,-86.35615899999999,252.79,5.965724945068359,180.8932342529297,0.02800000086426735,0.0,0,2410.227
2410246857,1,3,397516799,2382,13,0.79,41.606118099999996,-86.35615609999999,253.08,5.9950032234191895,179.94264221191406,-0.020000001415610313,0.0,1,2410.247
2410427041,0,3,397516999,2382,12,0.85,41.6061055,-86.3561591,252.77,5.964343547821045,180.61483764648438,0.13199999928474426,0.0,0,2410.427
2410446814,1,3,397516999,2382,13,0.79,41.6061074,-86.356156,253.07,5.956086158752441,179.69215393066406,0.08400000631809235,0.0,1,2410.447
2410627232,0,3,397517199,2382,12,0.85,41.6060947,-86.3561592,252.73000000000002,5.973387241363525,180.6522674560547,0.10200000554323196,0.0,0,2410.627
2410627261,1,3,397517199,2382,13,0.79,41.606096699999995,-86.35615589999999,253.06,5.99914026260376,179.60841369628906,0.009000000543892384,0.0,1,2410.627
2410827151,0,3,397517399,2382,12,0.85,41.606083999999996,-86.3561593,252.76000000000002,5.953218460083008,179.50914001464844,0.164000004529953,0.0,0,2410.827
2410827169,1,3,397517399,2382,13,0.79,41.606086,-86.3561558,253.04,5.987375259399414,179.35882568359375,0.0020000000949949026,0.0,1,2410.827
2411027145,0,3,397517599,2382,12,0.85,41.606073099999996,-86.3561592,252.75,6.036318302154541,179.4114990234375,0.0430000014603138,0.0,0,2411.027
2411046828,1,3,397517599,2382,13,0.79,41.6060753,-86.3561556,253.04,5.972387313842773,179.3476104736328,0.0560000017285347,0.0,1,2411.047
2411227136,0,3,397517799,2382,12,0.85,41.6060622,-86.3561591,252.74,6.050107479095459,179.6590576171875,0.11400000751018524,0.0,0,2411.227
2411227149,1,3,397517799,2382,13,0.79,41.606064499999995,-86.3561555,253.05,6.013070583343506,179.72366333007812,0.03800000250339508,0.0,1,2411.227
2411427088,0,3,397517999,2382,12,0.85,41.6060514,-86.3561589,252.72,6.024702548980713,179.12501525878906,0.1380000114440918,0.0,0,2411.427
2411446828,1,3,397517999,2382,13,0.79,41.6060537,-86.35615539999999,253.02,6.0470123291015625,179.88629150390625,0.021000001579523087,0.0,1,2411.447
2411627048,0,3,397518199,2382,12,0.85,41.6060405,-86.3561588,252.75,6.023036956787109,179.80023193359375,0.036000002175569534,0.0,0,2411.627
2411627117,1,3,397518199,2382,13,0.79,41.6060429,-86.35615539999999,253.0,6.033044338226318,180.21844482421875,0.11100000888109207,0.0,1,2411.627
2411827044,0,3,397518399,2382,12,0.85,41.6060296,-86.3561589,252.73000000000002,6.071540355682373,180.76441955566406,0.11000000685453415,0.0,0,2411.827
2411827057,1,3,397518399,2382,13,0.79,41.6060321,-86.35615539999999,252.98000000000002,6.046070098876953,179.7251739501953,0.06800000369548798,0.0,1,2411.827
2412027056,0,3,397518599,2382,12,0.85,41.6060187,-86.35615899999999,252.69,6.044047832489014,180.22752380371094,0.08700000494718552,0.0,0,2412.027
2412027071,1,3,397518599,2382,13,0.79,41.6060212,-86.35615539999999,252.97,6.050278186798096,180.5492706298828,0.030000001192092896,0.0,1,2412.027
2412227172,0,3,397518799,2382,12,0.85,41.6060078,-86.3561591,252.64000000000001,6.043394088745117,180.65420532226562,0.13900001347064972,0.0,0,2412.227
2412227186,1,3,397518799,2382,13,0.79,41.606010399999995,-86.3561555,252.97,6.033033847808838,180.18995666503906,0.030000001192092896,0.0,1,2412.227
2412427158,0,3,397518999,2382,12,0.85,41.6059969,-86.3561594,252.64000000000001,6.156445026397705,180.688720703125,0.12200000882148743,0.0,0,2412.427
2412427171,1,3,397518999,2382,13,0.79,41.6059996,-86.3561555,252.97,6.065277576446533,180.5479278564453,0.03800000250339508,0.0,1,2412.427
2412627158,0,3,397519199,2382,12,0.85,41.6059858,-86.3561596,252.66,6.198111057281494,180.342041015625,0.09600000083446503,0.0,0,2412.627
2412627171,1,3,397519199,2382,13,0.79,41.6059887,-86.3561557,252.95000000000002,6.083580493927002,180.79115295410156,0.020000001415610313,0.0,1,2412.627
2412827145,0,3,397519399,2382,12,0.85,41.6059748,-86.3561598,252.68,6.0758233070373535,180.9430694580078,0.013000000268220901,0.0,0,2412.827
2412827164,1,3,397519399,2382,13,0.79,41.6059777,-86.35615589999999,252.95000000000002,6.120817184448242,180.93614196777344,-0.01100000087171793,0.0,1,2412.827
2413027089,1,3,397519599,2382,13,0.79,41.6059668,-86.3561562,252.96,6.053928375244141,181.00326538085938,0.04700000211596489,0.0,1,2413.027
2413046762,0,3,397519599,2382,12,0.85,41.6059639,-86.3561601,252.77,6.035584926605225,180.7974395751953,-0.03800000250339508,0.0,0,2413.047
2413227050,0,3,397519799,2382,12,0.85,41.605953,-86.3561603,252.79,6.092262268066406,181.16627502441406,-0.07100000232458115,0.0,0,2413.227
2413227125,1,3,397519799,2382,13,0.79,41.605956,-86.35615639999999,252.94,6.077348232269287,181.2068634033203,0.05900000408291817,0.0,1,2413.227
2413427036,0,3,397519999,2382,12,0.85,41.6059421,-86.3561605,252.82,6.019309043884277,180.58065795898438,-0.024000000208616257,0.0,0,2413.427
2413427051,1,3,397519999,2382,13,0.79,41.6059451,-86.3561567,252.94,6.015515327453613,181.28594970703125,-0.02800000086426735,0.0,1,2413.427
2413627177,0,3,397520199,2382,12,0.85,41.6059312,-86.35616069999999,252.87,6.046010494232178,180.104248046875,-0.030000001192092896,0.0,0,2413.627
2413646783,1,3,397520199,2382,13,0.79,41.6059343,-86.356157,252.94,6.058610439300537,180.81332397460938,0.03200000151991844,0.0,1,2413.647
2413827105,0,3,397520399,2382,12,0.85,41.605920399999995,-86.3561608,252.85,6.049556255340576,180.77667236328125,0.015000000596046448,0.0,0,2413.827
2413846794,1,3,397520399,2382,13,0.79,41.6059236,-86.3561572,252.92000000000002,6.021430969238281,180.6851348876953,0.052000001072883606,0.0,1,2413.847
2414027117,0,3,397520599,2382,12,0.85,41.6059097,-86.356161,252.83,5.980281829833984,180.5557098388672,-0.015000000596046448,0.0,0,2414.027
2414027158,1,3,397520599,2382,13,0.79,41.6059128,-86.3561574,252.9,6.070089817047119,180.31150817871094,0.010000000707805157,0.0,1,2414.027
2414227165,0,3,397520799,2382,12,0.85,41.605899,-86.3561611,252.83,5.985108375549316,179.65536499023438,0.024000000208616257,0.0,0,2414.227
2414227178,1,3,397520799,2382,13,0.79,41.605902,-86.3561574,252.89000000000001,6.005033493041992,180.1908416748047,0.020000001415610313,0.0,1,2414.227
2414427161,0,3,397520999,2382,12,0.85,41.605888199999995,-86.356161,252.8,6.065623760223389,179.17816162109375,0.005000000353902578,0.0,0,2414.427
2414446724,1,3,397520999,2382,13,0.79,41.605891299999996,-86.3561575,252.89000000000001,5.9830217361450195,179.84677124023438,0.03200000151991844,0.0,1,2414.447
2414646853,0,3,397521199,2382,12,0.85,41.6058775,-86.35616089999999,252.8,6.002420425415039,179.32225036621094,-0.14000000059604645,0.0,0,2414.647
2414646866,1,3,397521199,2382,13,0.79,41.6058805,-86.35615729999999,252.88,6.047398090362549,178.76821899414062,-0.024000000208616257,0.0,1,2414.647
2414827034,0,3,397521399,2382,12,0.85,41.6058668,-86.35616089999999,252.81,6.027004718780518,180.06655883789062,-0.07900000363588333,0.0,0,2414.827
2414827060,1,3,397521399,2382,13,0.79,41.6058698,-86.356157,252.85,6.0573954582214355,178.77024841308594,-0.03200000151991844,0.0,1,2414.827
2415027062,0,3,397521599,2382,12,0.85,41.605855999999996,-86.35616089999999,252.81,6.074223041534424,179.50949096679688,-0.11700000613927841,0.0,0,2415.027
2415027075,1,3,397521599,2382,13,0.79,41.605858999999995,-86.3561567,252.87,5.976787567138672,179.070068359375,-0.013000000268220901,0.0,1,2415.027
2415227066,0,3,397521799,2382,12,0.85,41.6058453,-86.3561608,252.81,5.896116733551025,179.64044189453125,-0.08700000494718552,0.0,0,2415.227
2415227079,1,3,397521799,2382,13,0.79,41.6058483,-86.35615639999999,252.86,5.948366641998291,179.3642578125,0.006000000052154064,0.0,1,2415.227
2415427194,0,3,397521999,2382,12,0.85,41.6058348,-86.3561608,252.82,5.92207145690918,179.7194061279297,-0.029000001028180122,0.0,0,2415.427
2415427208,1,3,397521999,2382,13,0.79,41.605837699999995,-86.3561563,252.85,5.927237033843994,179.48765563964844,-0.04100000113248825,0.0,1,2415.427
2415627178,0,3,397522199,2382,12,0.85,41.605824299999995,-86.35616069999999,252.8,5.816206932067871,179.51727294921875,0.01600000075995922,0.0,0,2415.627
2415646809,1,3,397522199,2382,13,0.79,41.6058271,-86.3561562,252.85,5.902171611785889,179.5631561279297,-0.010000000707805157,0.0,1,2415.647
2415827124,0,3,397522399,2382,12,0.85,41.605813999999995,-86.3561606,252.83,5.720177173614502,179.5492401123047,-0.036000002175569534,0.0,0,2415.827
2415827137,1,3,397522399,2382,13,0.79,41.6058167,-86.35615609999999,252.85,5.812198638916016,179.5268096923828,-0.0430000014603138,0.0,1,2415.827
2416027215,0,3,397522599,2382,12,0.85,41.605803699999996,-86.3561605,252.83,5.772765636444092,179.0669708251953,-0.0430000014603138,0.0,0,2416.027
2416027231,1,3,397522599,2382,13,0.79,41.6058064,-86.35615609999999,252.85,5.717095851898193,180.3307342529297,0.02200000174343586,0.0,1,2416.027
2416227110,0,3,397522799,2382,12,0.85,41.6057935,-86.3561604,252.87,5.628164291381836,180.43775939941406,-0.13600000739097595,0.0,0,2416.227
2416227124,1,3,397522799,2382,13,0.79,41.6057962,-86.35615609999999,252.87,5.6230034828186035,180.06114196777344,-0.07400000095367432,0.0,1,2416.227
2416427097,0,3,397522999,2382,12,0.85,41.605783599999995,-86.3561605,252.89000000000001,5.446077346801758,180.30511474609375,0.0,0.0,0,2416.427
2416427130,1,3,397522999,2382,13,0.79,41.6057862,-86.3561562,252.88,5.597280025482178,180.5732421875,-0.1420000046491623,0.0,1,2416.427
2416627030,0,3,397523199,2382,12,0.85,41.605773899999996,-86.35616069999999,252.88,5.393344879150391,180.64805603027344,0.009000000543892384,0.0,0,2416.627
2416627098,1,3,397523199,2382,13,0.79,41.605776299999995,-86.35615639999999,252.89000000000001,5.448011875152588,181.10435485839844,0.004000000189989805,0.0,1,2416.627
2416827083,0,3,397523399,2382,12,0.85,41.6057643,-86.35616069999999,252.92000000000002,5.317102909088135,179.64439392089844,-0.03800000250339508,0.0,0,2416.827
2416827149,1,3,397523399,2382,13,0.79,41.6057667,-86.3561567,252.86,5.359088897705078,181.15475463867188,-0.030000001192092896,0.0,1,2416.827
2417027158,0,3,397523599,2382,12,0.85,41.6057548,-86.35616069999999,252.91,5.2510247230529785,179.82540893554688,-0.029000001028180122,0.0,0,2417.027
2417027172,1,3,397523599,2382,13,0.79,41.6057572,-86.3561569,252.86,5.320108890533447,180.36618041992188,-0.03500000014901161,0.0,1,2417.027
2417227103,0,3,397523799,2382,12,0.85,41.6057455,-86.35616069999999,252.94,5.195161819458008,179.5478057861328,0.06800000369548798,0.0,0,2417.227
2417227159,1,3,397523799,2382,13,0.79,41.605747799999996,-86.356157,252.87,5.178003787994385,180.06640625,-0.020000001415610313,0.0,1,2417.227
2417427101,0,3,397523999,2382,12,0.85,41.6057363,-86.35616069999999,252.97,5.056002616882324,179.94332885742188,-0.004000000189989805,0.0,0,2417.427
2417427154,1,3,397523999,2382,13,0.79,41.6057388,-86.356157,252.83,5.022014617919922,179.8630828857422,-0.01100000087171793,0.0,1,2417.427
2417627059,0,3,397524199,2382,12,0.85,41.6057274,-86.35616069999999,252.98000000000002,4.940317630767822,179.3505096435547,-0.06100000441074371,0.0,0,2417.627
2417627149,1,3,397524199,2382,13,0.79,41.60573,-86.356157,252.81,4.892104625701904,180.37478637695312,0.05100000277161598,0.0,1,2417.627
2417846814,0,3,397524399,2382,12,0.85,41.6057188,-86.35616069999999,252.97,4.730027198791504,180.19381713867188,0.08000000566244125,0.0,0,2417.847
2417846829,1,3,397524399,2382,13,0.79,41.6057213,-86.35615709999999,252.82,4.733047008514404,180.2542266845703,0.05300000309944153,0.0,1,2417.847
2418027011,0,3,397524599,2382,12,0.85,41.6057105,-86.35616069999999,252.96,4.588902473449707,178.86370849609375,0.030000001192092896,0.0,0,2418.027
2418027025,1,3,397524599,2382,13,0.79,41.605713,-86.356157,252.8,4.609547138214111,179.117431640625,0.0020000000949949026,0.0,1,2418.027
2418227028,0,3,397524799,2382,12,0.85,41.6057023,-86.3561606,252.94,4.510277271270752,179.36480712890625,-0.0430000014603138,0.0,0,2418.227
2418227042,1,3,397524799,2382,13,0.79,41.6057049,-86.3561568,252.79,4.493298530578613,178.62269592285156,-0.017000000923871994,0.0,1,2418.227
2418427242,0,3,397524999,2382,12,0.85,41.6056945,-86.3561606,252.94,4.287003040313721,179.93316650390625,-0.02800000086426735,0.0,0,2418.427
2418427285,1,3,397524999,2382,13,0.79,41.6056971,-86.35615659999999,252.8,4.3261332511901855,178.68870544433594,-0.04700000211596489,0.0,1,2418.427
2418627133,0,3,397525199,2382,12,0.85,41.605686899999995,-86.3561606,252.98000000000002,4.213273525238037,179.34722900390625,-0.10100000351667404,0.0,0,2418.627
2418627177,1,3,397525199,2382,13,0.79,41.6056895,-86.35615639999999,252.8,4.163390159606934,179.21554565429688,-0.07200000435113907,0.0,1,2418.627
2418827133,0,3,397525399,2382,12,0.85,41.605679599999995,-86.3561605,253.0,3.9954967498779297,179.09652709960938,-0.1510000079870224,0.0,0,2418.827
2418827147,1,3,397525399,2382,13,0.79,41.6056822,-86.3561562,252.82,4.060306549072266,178.54638671875,-0.07700000703334808,0.0,1,2418.827
2419027130,0,3,397525599,2382,12,0.85,41.6056727,-86.3561605,253.01000000000002,3.885389566421509,179.18890380859375,0.0020000000949949026,0.0,0,2419.027
2419027143,1,3,397525599,2382,13,0.79,41.6056751,-86.356156,252.83,3.924023389816284,177.7508087158203,-0.003000000026077032,0.0,1,2419.027
2419227071,0,3,397525799,2382,12,0.85,41.6056661,-86.3561605,253.0,3.7020986080169678,179.58212280273438,0.0010000000474974513,0.0,0,2419.227
2419227086,1,3,397525799,2382,13,0.79,41.6056683,-86.3561557,252.81,3.781047821044922,178.65121459960938,-0.09100000560283661,0.0,1,2419.227
2419427039,0,3,397525999,2382,12,0.85,41.6056595,-86.3561606,252.98000000000002,3.673002243041992,179.93759155273438,-0.009000000543892384,0.0,0,2419.427
2419427081,1,3,397525999,2382,13,0.79,41.6056617,-86.3561556,252.81,3.622279644012451,179.28817749023438,-0.03500000014901161,0.0,1,2419.427
2419627081,1,3,397526199,2382,13,0.79,41.605655399999996,-86.3561555,252.81,3.5221943855285645,179.39808654785156,-0.04500000178813934,0.0,1,2419.627
2419646809,0,3,397526199,2382,12,0.85,41.6056532,-86.35616069999999,252.95000000000002,3.5052061080932617,180.6211700439453,0.04400000348687172,0.0,0,2419.647
2419827030,0,3,397526399,2382,12,0.85,41.605647,-86.356161,252.88,3.519369602203369,180.830322265625,0.14900000393390656,0.0,0,2419.827
2419827045,1,3,397526399,2382,13,0.79,41.605649199999995,-86.3561555,252.81,3.5190627574920654,180.3419189453125,-0.0430000014603138,0.0,1,2419.827
2420027099,0,3,397526599,2382,12,0.85,41.6056409,-86.3561611,252.86,3.346134662628174,179.48629760742188,0.027000000700354576,0.0,0,2420.027
2420027115,1,3,397526599,2382,13,0.79,41.605643099999995,-86.3561555,252.78,3.347015142440796,179.82879638671875,-0.046000003814697266,0.0,1,2420.027
2420227133,0,3,397526799,2382,12,0.85,41.6056351,-86.3561613,252.81,3.2630555629730225,180.33363342285156,0.1290000081062317,0.0,0,2420.227
2420227147,1,3,397526799,2382,13,0.79,41.6056373,-86.3561556,252.74,3.1922409534454346,181.59762573242188,0.03400000184774399,0.0,1,2420.227
2420427102,0,3,397526999,2382,12,0.85,41.6056294,-86.3561615,252.75,3.1503658294677734,180.87303161621094,0.03400000184774399,0.0,0,2420.427
2420446792,1,3,397526999,2382,13,0.79,41.605631599999995,-86.3561557,252.76000000000002,3.1941049098968506,178.49302673339844,-0.05300000309944153,0.0,1,2420.447
2420627153,0,3,397527199,2382,12,0.85,41.6056238,-86.3561617,252.74,3.1030852794647217,180.42469787597656,-0.00800000037997961,0.0,0,2420.627
2420646721,1,3,397527199,2382,13,0.79,41.605626,-86.3561556,252.76000000000002,3.191141128540039,180.53866577148438,-0.036000002175569534,0.0,1,2420.647
2420827088,0,3,397527399,2382,12,0.85,41.605618199999995,-86.35616189999999,252.71,3.1171257495880127,180.5146942138672,0.09200000762939453,0.0,0,2420.827
2420846789,1,3,397527399,2382,13,0.79,41.6056204,-86.3561557,252.75,3.088010549545288,179.8515625,-0.012000000104308128,0.0,1,2420.847
2421027037,0,3,397527599,2382,12,0.85,41.605612699999995,-86.35616209999999,252.65,3.010680675506592,181.21807861328125,0.05300000309944153,0.0,0,2421.027
2421027051,1,3,397527599,2382,13,0.79,41.6056151,-86.3561558,252.74,2.933091402053833,181.5629425048828,-0.04500000178813934,0.0,1,2421.027
2421227089,0,3,397527799,2382,12,0.85,41.605607299999996,-86.3561624,252.61,2.9872171878814697,180.69052124023438,0.08900000154972076,0.0,0,2421.227
2421227110,1,3,397527799,2382,13,0.79,41.605609799999996,-86.35615589999999,252.74,3.0155017375946045,181.0450897216797,-0.12000000476837158,0.0,1,2421.227
2421427231,0,3,397527999,2382,12,0.85,41.605602,-86.3561625,252.57,2.93711519241333,180.50721740722656,0.09300000220537186,0.0,0,2421.427
2421427245,1,3,397527999,2382,13,0.79,41.6056046,-86.35615609999999,252.73000000000002,2.9242875576019287,180.80335998535156,-0.08400000631809235,0.0,1,2421.427
2421627066,0,3,397528199,2382,12,0.85,41.605596899999995,-86.3561627,252.57,2.758209705352783,180.706298828125,0.10500000417232513,0.0,0,2421.627
2421627079,1,3,397528199,2382,13,0.79,41.6055996,-86.3561562,252.72,2.7315497398376465,181.93011474609375,-0.1210000067949295,0.0,1,2421.627
2421827201,0,3,397528399,2382,12,0.85,41.605592099999996,-86.35616279999999,252.58,2.6461000442504883,179.50196838378906,0.06200000271201134,0.0,0,2421.827
2421827215,1,3,397528399,2382,13,0.79,41.6055948,-86.3561563,252.75,2.63653302192688,178.84814453125,-0.10400000214576721,0.0,1,2421.827
2422027098,0,3,397528599,2382,12,0.85,41.6055874,-86.35616279999999,252.57,2.5452988147735596,179.12203979492188,0.04200000315904617,0.0,0,2422.027
2422027112,1,3,397528599,2382,13,0.79,41.605590299999996,-86.3561563,252.73000000000002,2.486088752746582,180.48399353027344,-0.06300000101327896,0.0,1,2422.027
2422227162,0,3,397528799,2382,12,0.85,41.605582899999995,-86.3561629,252.51000000000002,2.337061882019043,179.58322143554688,-0.04200000315904617,0.0,0,2422.227
2422246709,1,3,397528799,2382,13,0.79,41.6055861,-86.35615639999999,252.74,2.309284210205078,181.9108123779297,-0.10200000554323196,0.0,1,2422.247
2422427067,0,3,397528999,2382,12,0.85,41.6055789,-86.356163,252.49,2.145005941390991,180.13356018066406,0.009000000543892384,0.0,0,2422.427
2422446864,1,3,397528999,2382,13,0.79,41.6055822,-86.3561565,252.75,2.1201040744781494,179.43246459960938,-0.1210000067949295,0.0,1,2422.447
2422627119,0,3,397529199,2382,12,0.85,41.6055753,-86.35616309999999,252.51000000000002,1.8212002515792847,180.84947204589844,0.04500000178813934,0.0,0,2422.627
2422646841,1,3,397529199,2382,13,0.79,41.6055786,-86.35615639999999,252.73000000000002,1.9823837280273438,178.8727264404297,-0.01900000125169754,0.0,1,2422.647
2422827057,0,3,397529399,2382,12,0.85,41.605572099999996,-86.35616329999999,252.52,1.7271277904510498,180.69668579101562,0.024000000208616257,0.0,0,2422.827
2422827071,1,3,397529399,2382,13,0.79,41.6055754,-86.35615639999999,252.73000000000002,1.6447006464004517,178.3275909423828,-0.055000003427267075,0.0,1,2422.827
2423027066,0,3,397529599,2382,12,0.85,41.6055692,-86.3561635,252.47,1.482264518737793,178.9176025390625,-0.07400000095367432,0.0,0,2423.027
2423027080,1,3,397529599,2382,13,0.79,41.605572699999996,-86.3561563,252.72,1.402222990989685,178.97842407226562,0.036000002175569534,0.0,1,2423.027
2423227171,0,3,397529799,2382,12,0.85,41.6055669,-86.3561637,252.48000000000002,1.0547512769699097,185.4403533935547,0.004000000189989805,0.0,0,2423.227
2423227184,1,3,397529799,2382,13,0.79,41.6055705,-86.3561563,252.70000000000002,1.1210018396377563,180.10223388671875,-0.08400000631809235,0.0,1,2423.227
2423427175,0,3,397529999,2382,12,0.85,41.6055652,-86.35616399999999,252.48000000000002,0.8230723142623901,182.92498779296875,-0.09100000560283661,0.0,0,2423.427
2423446789,1,3,397529999,2382,13,0.79,41.6055688,-86.35615639999999,252.73000000000002,0.8999361395835876,183.759033203125,-0.16200000047683716,0.0,1,2423.447
2423627134,0,3,397530199,2382,12,0.85,41.6055639,-86.3561642,252.5,0.6568295359611511,177.12014770507812,-0.018000001087784767,0.0,0,2423.627
2423627148,1,3,397530199,2382,13,0.79,41.6055674,-86.35615639999999,252.75,0.6805358529090881,177.72621154785156,-0.15900000929832458,0.0,1,2423.627
2423827070,0,3,397530399,2382,12,0.85,41.6055628,-86.35616429999999,252.52,0.46462029218673706,182.96095275878906,-0.09600000083446503,0.0,0,2423.827
2423827085,1,3,397530399,2382,13,0.79,41.6055663,-86.35615639999999,252.77,0.5110479593276978,179.2151641845703,-0.1850000023841858,0.0,1,2423.827
2424027081,0,3,397530599,2382,12,0.85,41.6055622,-86.3561644,252.53,0.2514319121837616,169.22634887695312,-0.16600000858306885,0.0,0,2424.027
2424027094,1,3,397530599,2382,13,0.79,41.6055656,-86.3561563,252.8,0.359022319316864,180.6383819580078,-0.12700000405311584,0.0,1,2424.027
2424227052,0,3,397530799,2382,12,0.85,41.6055616,-86.3561644,252.56,0.36320793628692627,168.56631469726562,-0.12400000542402267,0.0,0,2424.227
2424227068,1,3,397530799,2382,13,0.79,41.6055651,-86.3561563,252.8,0.3078831136226654,173.65980529785156,-0.18900001049041748,0.0,1,2424.227
2424427016,0,3,397530999,2382,12,0.85,41.605561,-86.3561644,252.58,0.2470971643924713,170.9188690185547,-0.1850000023841858,0.0,0,2424.427
2424446775,1,3,397530999,2382,13,0.79,41.6055646,-86.3561562,252.82,0.2660676836967468,178.70782470703125,-0.14900000393390656,0.0,1,2424.447
2424627104,0,3,397531199,2382,12,0.85,41.6055606,-86.35616449999999,252.61,0.23952661454677582,173.52772521972656,-0.14600001275539398,0.0,0,2424.627
2424627118,1,3,397531199,2382,13,0.79,41.605564199999996,-86.35615609999999,252.83,0.2558378577232361,171.45814514160156,-0.14300000667572021,0.0,1,2424.627
2424827108,0,3,397531399,2382,12,0.85,41.6055603,-86.35616449999999,252.65,0.19791413843631744,174.4910430908203,-0.2150000035762787,0.0,0,2424.827
2424827122,1,3,397531399,2382,13,0.79,41.6055638,-86.356156,252.84,0.29756680130958557,172.46896362304688,-0.1469999998807907,0.0,1,2424.827
2425027182,0,3,397531599,2382,12,0.85,41.605559899999996,-86.35616449999999,252.66,0.24729740619659424,161.1254425048828,-0.19200000166893005,0.0,0,2425.027
2425046795,1,3,397531599,2382,13,0.79,41.6055633,-86.3561558,252.87,0.3204137980937958,170.4788818359375,-0.15400001406669617,0.0,1,2425.047
2425227110,0,3,397531799,2382,12,0.85,41.6055594,-86.35616429999999,252.70000000000002,0.337108314037323,161.13507080078125,-0.19200000166893005,0.0,0,2425.227
2425227163,1,3,397531799,2382,13,0.79,41.6055627,-86.3561556,252.9,0.39853984117507935,165.0222625732422,-0.17800000309944153,0.0,1,2425.227
2425427083,0,3,397531999,2382,12,0.85,41.605558599999995,-86.3561642,252.69,0.4935392737388611,174.1854248046875,-0.17800000309944153,0.0,0,2425.427
2425427103,1,3,397531999,2382,13,0.79,41.6055619,-86.35615539999999,252.94,0.48912373185157776,178.7113494873047,-0.23800000548362732,0.0,1,2425.427
2425627062,0,3,397532199,2382,12,0.85,41.6055578,-86.35616429999999,252.71,0.4841260313987732,176.09144592285156,-0.10500000417232513,0.0,0,2425.627
2425627076,1,3,397532199,2382,13,0.79,41.605561099999996,-86.3561553,252.96,0.5022549629211426,178.17445373535156,-0.17500001192092896,0.0,1,2425.627
2425826999,0,3,397532399,2382,12,0.85,41.605556899999996,-86.35616429999999,252.76000000000002,0.5845836400985718,175.7816925048828,-0.058000002056360245,0.0,0,2425.827
2425827012,1,3,397532399,2382,13,0.79,41.6055603,-86.35615519999999,252.98000000000002,0.518961489200592,172.91604614257812,-0.2970000207424164,0.0,1,2425.827
2426027057,0,3,397532599,2382,12,0.85,41.6055559,-86.35616449999999,252.78,0.49977296590805054,189.4434814453125,-0.18000000715255737,0.0,0,2426.027
2426027072,1,3,397532599,2382,13,0.79,41.605559299999996,-86.3561551,253.0,0.6134313941001892,177.85122680664062,-0.14900000393390656,0.0,1,2426.027
2426227116,0,3,397532799,2382,12,0.85,41.605554999999995,-86.3561647,252.82,0.534899115562439,176.6775665283203,-0.1380000114440918,0.0,0,2426.227
2426227130,1,3,397532799,2382,13,0.79,41.6055582,-86.356155,253.01000000000002,0.6124418377876282,176.0676727294922,-0.08500000089406967,0.0,1,2426.227
2426427094,0,3,397532999,2382,12,0.85,41.6055541,-86.3561647,252.86,0.4641820788383484,178.3951416015625,-0.12800000607967377,0.0,0,2426.427
2426446823,1,3,397532999,2382,13,0.79,41.6055572,-86.35615489999999,253.02,0.5428858399391174,183.2735137939453,-0.12700000405311584,0.0,1,2426.447
2426627195,0,3,397533199,2382,12,0.85,41.6055533,-86.3561648,252.89000000000001,0.4000000059604645,180.0,-0.023000001907348633,0.0,0,2426.627
2426646783,1,3,397533199,2382,13,0.79,41.6055564,-86.35615489999999,253.03,0.4282919764518738,172.89157104492188,-0.11600000411272049,0.0,1,2426.647
2426827232,0,3,397533399,2382,12,0.85,41.605552599999996,-86.3561649,252.89000000000001,0.3162910044193268,173.0996551513672,-0.18400001525878906,0.0,0,2426.827
2426827245,1,3,397533399,2382,13,0.79,41.6055557,-86.3561548,253.05,0.39602023363113403,179.4212646484375,-0.09200000762939453,0.0,1,2426.827
2427027106,0,3,397533599,2382,12,0.85,41.6055522,-86.35616499999999,252.93,0.2147091180086136,189.1113739013672,-0.15400001406669617,0.0,0,2427.027
2427027194,1,3,397533599,2382,13,0.79,41.6055551,-86.3561548,253.05,0.27935105562210083,182.87266540527344,-0.22800001502037048,0.0,1,2427.027
2427227036,0,3,397533799,2382,12,0.85,41.6055518,-86.3561651,252.98000000000002,0.19112825393676758,177.9010772705078,-0.06599999964237213,0.0,0,2427.227
2427227081,1,3,397533799,2382,13,0.79,41.6055547,-86.3561548,253.08,0.23947025835514069,176.4087371826172,-0.16900001466274261,0.0,1,2427.227
2427427053,0,3,397533999,2382,12,0.85,41.6055515,-86.3561653,253.03,0.15368148684501648,210.06858825683594,-0.1940000057220459,0.0,0,2427.427
2427427067,1,3,397533999,2382,13,0.79,41.605554399999995,-86.35615489999999,253.09,0.15564703941345215,196.80502319335938,-0.1550000011920929,0.0,1,2427.427
2427627077,0,3,397534199,2382,12,0.85,41.6055512,-86.3561655,253.04,0.09534149616956711,192.724365234375,-0.13500000536441803,0.0,0,2427.627
2427646801,1,3,397534199,2382,13,0.79,41.6055542,-86.35615489999999,253.1,0.1404314786195755,184.49258422851562,-0.1810000091791153,0.0,1,2427.647
2427827121,0,3,397534399,2382,12,0.85,41.605551,-86.3561656,253.07,0.03827532008290291,213.27490234375,-0.1300000101327896,0.0,0,2427.827
2427827135,1,3,397534399,2382,13,0.79,41.605554,-86.35615489999999,253.12,0.09527329355478287,159.09201049804688,-0.1550000011920929,0.0,1,2427.827
2428027192,0,3,397534599,2382,12,0.85,41.6055509,-86.35616569999999,253.09,0.02102379873394966,357.273681640625,-0.17900000512599945,0.0,0,2428.027
2428027205,1,3,397534599,2382,13,0.79,41.6055539,-86.35615489999999,253.15,0.0510392040014267,267.7542724609375,-0.164000004529953,0.0,1,2428.027
2428227091,0,3,397534799,2382,12,0.85,41.605550799999996,-86.3561658,253.11,0.06140033155679703,276.5462951660156,-0.10500000417232513,0.0,0,2428.227
2428227139,1,3,397534799,2382,13,0.79,41.605554,-86.356155,253.15,0.030413813889026642,279.46234130859375,-0.11600000411272049,0.0,1,2428.227
2428427176,0,3,397534999,2382,12,0.85,41.605550699999995,-86.356166,253.13,0.11013628542423248,327.6086120605469,-0.15800000727176666,0.0,0,2428.427
2428427190,1,3,397534999,2382,13,0.79,41.605554,-86.3561551,253.15,0.056435804814100266,277.1250305175781,-0.09800000488758087,0.0,1,2428.427
2428627204,0,3,397535199,2382,12,0.85,41.605550799999996,-86.35616619999999,253.11,0.08168843388557434,320.4638366699219,-0.11500000208616257,0.0,0,2428.627
2428627219,1,3,397535199,2382,13,0.79,41.605554,-86.3561553,253.17000000000002,0.06726811826229095,281.14288330078125,-0.1210000067949295,0.0,1,2428.627
2428827080,0,3,397535399,2382,12,0.85,41.605550799999996,-86.35616639999999,253.15,0.03544009104371071,286.3895568847656,-0.06000000238418579,0.0,0,2428.827
2428827100,1,3,397535399,2382,13,0.79,41.605554,-86.35615539999999,253.18,0.0403112918138504,223.9949188232422,-0.10900000482797623,0.0,1,2428.827
2429027043,0,3,397535599,2382,12,0.85,41.605550699999995,-86.3561665,253.15,0.010816654190421104,213.69007873535156,-0.04100000113248825,0.0,0,2429.027
2429027057,1,3,397535599,2382,13,0.79,41.605554,-86.3561555,253.19,0.014035669155418873,94.08560943603516,-0.07100000232458115,0.0,1,2429.027
2429227211,0,3,397535799,2382,12,0.85,41.6055505,-86.3561666,253.14000000000001,0.06649060547351837,192.1549530029297,0.012000000104308128,0.0,0,2429.227
2429227241,1,3,397535799,2382,13,0.79,41.6055541,-86.3561555,253.18,0.032557643949985504,312.51043701171875,0.004000000189989805,0.0,1,2429.227
2429427096,0,3,397535999,2382,12,0.85,41.6055504,-86.3561666,253.15,0.049244288355112076,60.8323860168457,-0.09100000560283661,0.0,0,2429.427
2429427111,1,3,397535999,2382,13,0.79,41.6055541,-86.3561555,253.17000000000002,0.04850773140788078,98.2971420288086,-0.05900000408291817,0.0,1,2429.427
2429627156,0,3,397536199,2382,13,0.85,41.6055503,-86.3561666,253.14000000000001,0.02154066041111946,21.801406860351562,-0.05000000074505806,0.0,0,2429.627
2429627170,1,3,397536199,2382,13,0.79,41.605554,-86.3561555,253.17000000000002,0.03178049996495247,155.8544464111328,-0.01600000075995922,0.0,1,2429.627
2429827110,0,3,397536399,2382,13,0.79,41.605550099999995,-86.3561666,253.12,0.0792275220155716,184.34324645996094,0.049000002443790436,0.0,0,2429.827
2429827123,1,3,397536399,2382,13,0.79,41.605554,-86.3561555,253.15,0.05186521261930466,146.0035400390625,-0.015000000596046448,0.0,1,2429.827
2430027142,0,3,397536599,2382,13,0.79,41.6055499,-86.3561667,253.08,0.09700000286102295,180.0,-0.08100000023841858,0.0,0,2430.027
2430027155,1,3,397536599,2382,13,0.79,41.6055539,-86.35615539999999,253.15,0.053009435534477234,144.21102905273438,-0.11500000208616257,0.0,1,2430.027
2430227060,0,3,397536799,2382,13,0.79,41.605549599999996,-86.3561668,253.1,0.07357309758663177,238.90269470214844,-0.05000000074505806,0.0,0,2430.227
2430227077,1,3,397536799,2382,13,0.79,41.605553799999996,-86.35615539999999,253.16,0.025019992142915726,177.70938110351562,-0.13900001347064972,0.0,1,2430.227
2430427140,0,3,397536999,2382,13,0.79,41.605549499999995,-86.356167,253.13,0.08786353468894958,258.17852783203125,-0.06700000166893005,0.0,0,2430.427
2430427154,1,3,397536999,2382,13,0.79,41.605553799999996,-86.3561555,253.17000000000002,0.04810405522584915,290.6954650878906,-0.0990000069141388,0.0,1,2430.427
2430627058,0,3,397537199,2382,13,0.79,41.6055493,-86.35616739999999,253.12,0.2009602040052414,249.31048583984375,-0.10100000351667404,0.0,0,2430.627
2430627073,1,3,397537199,2382,13,0.79,41.605553799999996,-86.3561557,253.17000000000002,0.1267320066690445,227.8783721923828,-0.1120000034570694,0.0,1,2430.627
2430827151,0,3,397537399,2382,13,0.79,41.6055492,-86.3561679,253.14000000000001,0.22543513774871826,266.43951416015625,-0.04700000211596489,0.0,0,2430.827
2430827166,1,3,397537399,2382,13,0.79,41.605553799999996,-86.35615609999999,253.17000000000002,0.19782063364982605,264.77935791015625,-0.11100000888109207,0.0,1,2430.827
2431027190,0,3,397537599,2382,13,0.79,41.6055491,-86.35616859999999,253.16,0.3506522476673126,264.43572998046875,-0.11100000888109207,0.0,0,2431.027
2431027203,1,3,397537599,2382,13,0.79,41.605553799999996,-86.3561567,253.17000000000002,0.2776508927345276,273.92388916015625,-0.07000000029802322,0.0,1,2431.027
2431227169,0,3,397537799,2382,13,0.79,41.6055491,-86.3561696,253.15,0.45480218529701233,273.4034423828125,-0.07400000095367432,0.0,0,2431.227
2431227183,1,3,397537799,2382,13,0.79,41.6055539,-86.3561576,253.16,0.4641045331954956,273.95367431640625,0.0,0.0,1,2431.227
2431427148,0,3,397537999,2382,13,0.79,41.6055491,-86.3561709,253.17000000000002,0.6721904873847961,271.3639221191406,-0.01600000075995922,0.0,0,2431.427
2431427162,1,3,397537999,2382,13,0.79,41.605554,-86.35615899999999,253.17000000000002,0.6638079881668091,276.1400146484375,-0.058000002056360245,0.0,1,2431.427
2431627053,0,3,397538199,2382,13,0.79,41.6055492,-86.3561728,253.20000000000002,0.9496763348579407,278.599365234375,-0.14600001275539398,0.0,0,2431.627
2431646793,1,3,397538199,2382,13,0.79,41.6055543,-86.35616089999999,253.14000000000001,0.8337776064872742,274.67803955078125,-0.026000000536441803,0.0,1,2431.647
2431827088,0,3,397538399,2382,13,0.79,41.6055493,-86.35617529999999,253.22,1.08138906955719,268.4632873535156,-0.06000000238418579,0.0,0,2431.827
2431827102,1,3,397538399,2382,13,0.79,41.6055543,-86.35616309999999,253.15,1.0437668561935425,267.8037414550781,-0.07100000232458115,0.0,1,2431.827
2432027035,0,3,397538599,2382,13,0.79,41.6055493,-86.3561783,253.19,1.3940290212631226,269.6300964355469,-0.11900000274181366,0.0,0,2432.027
2432027049,1,3,397538599,2382,13,0.79,41.6055543,-86.3561661,253.18,1.3480949401855469,270.6800537109375,-0.030000001192092896,0.0,1,2432.027
2432227092,0,3,397538799,2382,13,0.79,41.6055492,-86.35618199999999,253.23000000000002,1.6922154426574707,269.0857849121094,-0.11800000816583633,0.0,0,2432.227
2432246848,1,3,397538799,2382,13,0.79,41.605554399999995,-86.3561697,253.20000000000002,1.6451472043991089,270.7662353515625,-0.07600000500679016,0.0,1,2432.247
2432427203,0,3,397538999,2382,13,0.79,41.605548999999996,-86.35618629999999,253.27,1.9207879304885864,265.55096435546875,-0.09200000762939453,0.0,0,2432.427
2432427216,1,3,397538999,2382,13,0.79,41.605554399999995,-86.3561739,253.20000000000002,1.8486464023590088,267.5818176269531,-0.06599999964237213,0.0,1,2432.427
2432627088,0,3,397539199,2382,13,0.79,41.6055488,-86.35619129999999,253.25,2.2386536598205566,265.9271545410156,-0.0690000057220459,0.0,0,2432.627
2432627113,1,3,397539199,2382,13,0.79,41.6055542,-86.3561787,253.24,2.0951740741729736,269.2616271972656,-0.1860000044107437,0.0,1,2432.627
2432827186,0,3,397539399,2382,13,0.79,41.6055485,-86.3561969,253.20000000000002,2.504511594772339,268.0093078613281,-0.029000001028180122,0.0,0,2432.827
2432846798,1,3,397539399,2382,13,0.79,41.6055541,-86.3561841,253.28,2.3589024543762207,266.30548095703125,-0.18800000846385956,0.0,1,2432.847
2433027148,0,3,397539599,2382,13,0.79,41.605548299999995,-86.356203,253.22,2.609494686126709,267.0345458984375,-0.13100001215934753,0.0,0,2433.027
2433046784,1,3,397539599,2382,13,0.79,41.605553799999996,-86.35619,253.3,2.4888288974761963,266.8214416503906,-0.17800000309944153,0.0,1,2433.047
2433227059,0,3,397539799,2382,13,0.79,41.6055481,-86.35620929999999,253.23000000000002,2.740143299102783,269.4145202636719,-0.09800000488758087,0.0,0,2433.227
2433227072,1,3,397539799,2382,13,0.79,41.6055536,-86.35619609999999,253.33,2.584606885910034,268.75848388671875,-0.15700000524520874,0.0,1,2433.227
2433427136,0,3,397539999,2382,13,0.79,41.605548,-86.3562159,253.22,2.7985458374023438,268.09564208984375,-0.07600000500679016,0.0,0,2433.427
2433427151,1,3,397539999,2382,13,0.79,41.6055535,-86.3562026,253.35,2.7078044414520264,268.60333251953125,-0.07300000637769699,0.0,1,2433.427
2433627042,0,3,397540199,2382,13,0.79,41.6055479,-86.35622269999999,253.18,2.9112355709075928,269.27178955078125,-0.07500000298023224,0.0,0,2433.627
2433646877,1,3,397540199,2382,13,0.79,41.6055534,-86.35620929999999,253.35,2.827003002166748,269.9189453125,-0.032999999821186066,0.0,1,2433.647
2433827039,0,3,397540399,2382,13,0.79,41.6055479,-86.3562298,253.14000000000001,3.024169445037842,270.6062927246094,0.14900000393390656,0.0,0,2433.827
2433827086,1,3,397540399,2382,13,0.79,41.6055534,-86.3562163,253.36,2.952298879623413,270.81512451171875,-0.1120000034570694,0.0,1,2433.827
2434027287,0,3,397540599,2382,13,0.79,41.605548,-86.35623729999999,253.06,3.2262122631073,270.6571044921875,0.0990000069141388,0.0,0,2434.027
2434027302,1,3,397540599,2382,13,0.79,41.6055535,-86.3562235,253.37,3.0070137977600098,270.1715087890625,0.023000001907348633,0.0,1,2434.027
2434227138,0,3,397540799,2382,13,0.79,41.605548,-86.3562451,253.0,3.325002431869507,270.0689392089844,0.15300001204013824,0.0,0,2434.227
2434227154,1,3,397540799,2382,13,0.79,41.6055536,-86.3562311,253.32,3.2401785850524902,270.6012268066406,0.05400000140070915,0.0,1,2434.227
2434427181,0,3,397540999,2382,13,0.79,41.605548,-86.3562532,252.93,3.451139450073242,269.4853515625,0.16100001335144043,0.0,0,2434.427
2434427195,1,3,397540999,2382,13,0.79,41.6055537,-86.35623919999999,253.27,3.3811421394348145,270.52532958984375,0.1290000081062317,0.0,1,2434.427
2434627185,0,3,397541199,2382,13,0.79,41.6055479,-86.35626169999999,252.89000000000001,3.702298402786255,269.27264404296875,0.10500000417232513,0.0,0,2434.627
2434646787,1,3,397541199,2382,13,0.79,41.605553799999996,-86.3562475,253.25,3.514000654220581,270.0326232910156,0.13600000739097595,0.0,1,2434.647
2434827087,0,3,397541399,2382,13,0.79,41.6055479,-86.3562705,252.86,3.707026720046997,270.2164001464844,0.11100000888109207,0.0,0,2434.827
2434827173,1,3,397541399,2382,13,0.79,41.605553799999996,-86.35625619999999,253.23000000000002,3.6770005226135254,269.98443603515625,0.10600000619888306,0.0,1,2434.827
2435027103,0,3,397541599,2382,13,0.79,41.605548,-86.3562797,252.88,3.903179168701172,272.95184326171875,0.08400000631809235,0.0,0,2435.027
2435027119,1,3,397541599,2382,13,0.79,41.6055539,-86.35626529999999,253.21,3.843008518218994,269.8807373046875,0.07700000703334808,0.0,1,2435.027
2435227217,0,3,397541799,2382,13,0.79,41.6055481,-86.3562891,252.75,4.035696983337402,268.9351501464844,0.15900000929832458,0.0,0,2435.227
2435227231,1,3,397541799,2382,13,0.79,41.6055539,-86.3562747,253.19,3.908008337020874,269.8827209472656,0.03100000135600567,0.0,1,2435.227
2435427060,0,3,397541999,2382,13,0.79,41.605548,-86.3562989,252.68,4.085149765014648,269.50909423828125,0.05900000408291817,0.0,0,2435.427
2435446819,1,3,397541999,2382,13,0.79,41.6055539,-86.3562843,253.20000000000002,4.044490814208984,269.10748291015625,0.07400000095367432,0.0,1,2435.447
2435627162,0,3,397542199,2382,13,0.79,41.605548,-86.35630859999999,252.61,4.051000595092773,270.0282897949219,0.04500000178813934,0.0,0,2435.627
2435646809,1,3,397542199,2382,13,0.79,41.605553799999996,-86.3562942,253.19,4.179146766662598,269.5201416015625,0.02200000174343586,0.0,1,2435.647
2435827149,0,3,397542399,2382,13,0.79,41.6055479,-86.3563185,252.55,4.22822904586792,270.59625244140625,0.052000001072883606,0.0,0,2435.827
2435846784,1,3,397542399,2382,13,0.79,41.605553799999996,-86.3563042,253.16,4.160024166107178,269.80718994140625,-0.010000000707805157,0.0,1,2435.847
2436027148,0,3,397542599,2382,13,0.79,41.6055479,-86.3563288,252.48000000000002,4.311072826385498,269.6677551269531,0.05300000309944153,0.0,0,2436.027
2436027164,1,3,397542599,2382,13,0.79,41.605553799999996,-86.3563143,253.15,4.2161712646484375,269.48358154296875,-0.01900000125169754,0.0,1,2436.027
2436227106,0,3,397542799,2382,13,0.79,41.6055478,-86.35633899999999,252.41,4.294007778167725,269.89324951171875,0.11600000411272049,0.0,0,2436.227
2436227162,1,3,397542799,2382,13,0.79,41.6055537,-86.3563245,253.16,4.237514019012451,269.1075744628906,0.0020000000949949026,0.0,1,2436.227
2436427076,0,3,397542999,2382,13,0.79,41.6055476,-86.3563492,252.41,4.201210021972656,269.42718505859375,0.07700000703334808,0.0,0,2436.427
2436427092,1,3,397542999,2382,13,0.79,41.6055536,-86.3563348,253.13,4.308011531829834,269.86700439453125,0.07100000232458115,0.0,1,2436.427
2436627064,0,3,397543199,2382,13,0.79,41.6055476,-86.3563592,252.34,4.191062927246094,270.314453125,0.009000000543892384,0.0,0,2436.627
2436627094,1,3,397543199,2382,13,0.79,41.6055536,-86.3563451,253.13,4.257002830505371,269.9327087402344,-0.046000003814697266,0.0,1,2436.627
2436827032,0,3,397543399,2382,13,0.79,41.6055476,-86.35636939999999,252.32,4.271269798278809,270.6438903808594,0.018000001087784767,0.0,0,2436.827
2436827045,1,3,397543399,2382,13,0.79,41.6055536,-86.35635549999999,253.14000000000001,4.301177024841309,269.48046875,-0.024000000208616257,0.0,1,2436.827
2437027089,0,3,397543599,2382,13,0.79,41.6055476,-86.3563796,252.25,4.289405822753906,269.2118835449219,0.07100000232458115,0.0,0,2437.027
2437027153,1,3,397543599,2382,13,0.79,41.6055536,-86.3563657,253.13,4.223121166229248,269.56585693359375,-0.01900000125169754,0.0,1,2437.027
2437227097,0,3,397543799,2382,13,0.79,41.6055474,-86.3563897,252.19,4.212100505828857,269.60552978515625,0.1340000033378601,0.0,0,2437.227
2437227111,1,3,397543799,2382,13,0.79,41.6055535,-86.3563758,253.1,4.184154510498047,269.50701904296875,0.09300000220537186,0.0,1,2437.227
2437427134,0,3,397543999,2382,13,0.79,41.6055473,-86.3563997,252.12,4.18200159072876,270.0411071777344,0.17000000178813934,0.0,0,2437.427
2437427150,1,3,397543999,2382,13,0.79,41.6055535,-86.35638589999999,253.08,4.205068588256836,270.3270263671875,0.07200000435113907,0.0,1,2437.427
2437627154,0,3,397544199,2382,13,0.79,41.6055473,-86.35640959999999,252.07,4.12208890914917,270.37530517578125,0.07000000029802322,0.0,0,2437.627
2437627169,1,3,397544199,2382,13,0.79,41.6055536,-86.3563959,253.04,4.102580547332764,270.96368408203125,0.06200000271201134,0.0,1,2437.627
2437827147,0,3,397544399,2382,13,0.79,41.6055473,-86.35641919999999,251.99,3.9250082969665527,269.88323974609375,0.10000000149011612,0.0,0,2437.827
2437827163,1,3,397544399,2382,13,0.79,41.6055537,-86.3564057,253.01000000000002,4.009287357330322,270.68597412109375,0.09200000762939453,0.0,1,2437.827
2438027064,0,3,397544599,2382,13,0.79,41.6055472,-86.3564286,251.93,3.9500021934509277,270.0580139160156,0.11500000208616257,0.0,0,2438.027
2438027077,1,3,397544599,2382,13,0.79,41.6055537,-86.3564152,253.01000000000002,3.905015707015991,269.838623046875,0.01900000125169754,0.0,1,2438.027
2438227056,0,3,397544799,2382,13,0.79,41.6055472,-86.3564378,251.84,3.835855484008789,271.2099914550781,0.15700000524520874,0.0,0,2438.227
2438227098,1,3,397544799,2382,13,0.79,41.6055536,-86.3564245,253.0,3.7880382537841797,269.74285888671875,0.032999999821186066,0.0,1,2438.227
2438427019,0,3,397544999,2382,13,0.79,41.6055473,-86.3564468,251.76000000000002,3.7152974605560303,270.724853515625,0.01100000087171793,0.0,0,2438.427
2438427070,1,3,397544999,2382,13,0.79,41.6055537,-86.3564335,252.98000000000002,3.72634220123291,271.53778076171875,-0.032999999821186066,0.0,1,2438.427
2438627156,0,3,397545199,2382,13,0.79,41.6055473,-86.3564555,251.71,3.571259021759033,270.68988037109375,0.012000000104308128,0.0,0,2438.627
2438627170,1,3,397545199,2382,13,0.79,41.605553799999996,-86.35644219999999,252.96,3.5378382205963135,271.24713134765625,0.06700000166893005,0.0,1,2438.627
2438827095,0,3,397545399,2382,13,0.79,41.6055474,-86.3564636,251.65,3.2906486988067627,272.2989501953125,0.1770000010728836,0.0,0,2438.827
2438827108,1,3,397545399,2382,13,0.79,41.605554,-86.3564506,252.95000000000002,3.36155366897583,271.0397644042969,0.04700000211596489,0.0,1,2438.827
2439027159,0,3,397545599,2382,13,0.79,41.6055474,-86.3564712,251.62,3.1350579261779785,270.3472595214844,0.0,0.0,0,2439.027
2439027194,1,3,397545599,2382,13,0.79,41.6055541,-86.3564584,252.92000000000002,3.0928385257720947,271.3339538574219,-0.027000000700354576,0.0,1,2439.027
2439227226,0,3,397545799,2382,13,0.79,41.6055473,-86.35647829999999,251.59,2.875286340713501,271.7139892578125,0.0,0.0,0,2439.227
2439227240,1,3,397545799,2382,13,0.79,41.6055542,-86.3564655,252.92000000000002,2.821298122406006,270.8326721191406,0.0690000057220459,0.0,1,2439.227
2439427211,0,3,397545999,2382,13,0.79,41.6055474,-86.3564849,251.52,2.683105230331421,271.6445007324219,0.055000003427267075,0.0,0,2439.427
2439427227,1,3,397545999,2382,13,0.79,41.6055543,-86.356472,252.89000000000001,2.5761213302612305,271.6905822753906,0.01900000125169754,0.0,1,2439.427
2439627086,0,3,397546199,2382,13,0.79,41.6055473,-86.3564907,251.45000000000002,2.2850141525268555,269.7994079589844,0.1380000114440918,0.0,0,2439.627
2439627099,1,3,397546199,2382,13,0.79,41.605554399999995,-86.3564779,252.88,2.2881968021392822,270.751220703125,0.0010000000474974513,0.0,1,2439.627
2439827047,0,3,397546399,2382,13,0.79,41.6055472,-86.3564957,251.39000000000001,1.9711462259292603,270.6976318359375,0.09700000286102295,0.0,0,2439.827
2439827060,1,3,397546399,2382,13,0.79,41.6055546,-86.35648309999999,252.86,1.974688172340393,272.98992919921875,0.06000000238418579,0.0,1,2439.827
2440027065,0,3,397546599,2382,13,0.79,41.605547,-86.3565,251.37,1.7530925273895264,269.4117126464844,0.05400000140070915,0.0,0,2440.027
2440027079,1,3,397546599,2382,13,0.79,41.6055547,-86.3564876,252.84,1.7280073165893555,270.1658020019531,0.012000000104308128,0.0,1,2440.027
2440227139,0,3,397546799,2382,13,0.79,41.6055468,-86.35650369999999,251.33,1.423337697982788,268.75201416015625,0.01100000087171793,0.0,0,2440.227
2440227170,1,3,397546799,2382,13,0.79,41.6055547,-86.3564914,252.82,1.4120510816574097,270.4869384765625,-0.05000000074505806,0.0,1,2440.227
2440427128,0,3,397546999,2382,13,0.79,41.6055467,-86.3565066,251.35,1.1310005187988281,270.0506591796875,0.02200000174343586,0.0,0,2440.427
2440427162,1,3,397546999,2382,13,0.79,41.6055547,-86.3564945,252.8,1.1180040836334229,270.15374755859375,-0.03500000014901161,0.0,1,2440.427
2440627082,0,3,397547199,2382,13,0.79,41.605546499999996,-86.356509,251.3,0.9273107051849365,268.5169677734375,0.017000000923871994,0.0,0,2440.627
2440627096,1,3,397547199,2382,13,0.79,41.6055547,-86.35649699999999,252.81,0.8799505829811096,274.693359375,-0.058000002056360245,0.0,1,2440.627
2440827150,0,3,397547399,2382,13,0.79,41.6055463,-86.3565108,251.23000000000002,0.7104266881942749,266.36834716796875,0.03800000250339508,0.0,0,2440.827
2440827164,1,3,397547399,2382,13,0.79,41.6055548,-86.35649889999999,252.78,0.7352006435394287,273.2749328613281,0.04000000283122063,0.0,1,2440.827
2441027049,0,3,397547599,2382,13,0.79,41.6055463,-86.35651209999999,251.22,0.5033458471298218,277.53448486328125,0.029000001028180122,0.0,0,2441.027
2441027132,1,3,397547599,2382,13,0.79,41.6055549,-86.3565005,252.75,0.47912630438804626,268.6844482421875,-0.013000000268220901,0.0,1,2441.027
2441227139,0,3,397547799,2382,13,0.79,41.6055462,-86.3565129,251.22,0.2958952784538269,265.5419006347656,0.07300000637769699,0.0,0,2441.227
2441227154,1,3,397547799,2382,13,0.79,41.6055548,-86.3565015,252.77,0.34917762875556946,262.264404296875,-0.06400000303983688,0.0,1,2441.227
2441427069,0,3,397547999,2382,13,0.79,41.605546,-86.35651349999999,251.25,0.3116103708744049,246.1495361328125,0.04700000211596489,0.0,0,2441.427
2441446829,1,3,397547999,2382,13,0.79,41.6055548,-86.3565024,252.76000000000002,0.31395700573921204,263.599365234375,-0.05000000074505806,0.0,1,2441.447
2441627119,0,3,397548199,2382,13,0.79,41.6055458,-86.3565139,251.25,0.13257451355457306,236.07022094726562,0.0860000029206276,0.0,0,2441.627
2441627137,1,3,397548199,2382,13,0.79,41.6055547,-86.35650299999999,252.75,0.14610956609249115,250.82101440429688,-0.012000000104308128,0.0,1,2441.627
2441827179,0,3,397548399,2382,13,0.79,41.6055457,-86.35651399999999,251.21,0.042638011276721954,230.71058654785156,0.04400000348687172,0.0,0,2441.827
2441827193,1,3,397548399,2382,13,0.79,41.6055546,-86.3565033,252.74,0.08814194053411484,266.748046875,-0.06599999964237213,0.0,1,2441.827
2442027116,0,3,397548599,2382,13,0.79,41.6055456,-86.3565139,251.18,0.025612499564886093,218.65982055664062,0.0820000022649765,0.0,0,2442.027
2442027160,1,3,397548599,2382,13,0.79,41.6055546,-86.3565035,252.73000000000002,0.038897302001714706,252.03086853027344,-0.026000000536441803,0.0,1,2442.027
2442227146,0,3,397548799,2382,13,0.79,41.6055457,-86.3565139,251.19,0.14159803092479706,317.8623962402344,0.01100000087171793,0.0,0,2442.227
2442227168,1,3,397548799,2382,13,0.79,41.6055546,-86.3565036,252.71,0.04972926527261734,195.15408325195312,0.003000000026077032,0.0,1,2442.227
2442427157,0,3,397548999,2382,13,0.79,41.6055458,-86.3565139,251.21,0.03640054911375046,285.9454040527344,0.0690000057220459,0.0,0,2442.427
2442427170,1,3,397548999,2382,13,0.79,41.6055545,-86.3565038,252.71,0.0434165894985199,262.0565185546875,-0.012000000104308128,0.0,1,2442.427
2442627057,0,3,397549199,2382,13,0.79,41.605545899999996,-86.3565138,251.23000000000002,0.0022360680159181356,243.43496704101562,0.14500001072883606,0.0,0,2442.627
2442627071,1,3,397549199,2382,13,0.79,41.6055545,-86.35650389999999,252.69,0.0434165894985199,298.9264221191406,0.08700000494718552,0.0,1,2442.627
2442827106,0,3,397549399,2382,13,0.79,41.605545899999996,-86.3565137,251.23000000000002,0.04060788452625275,279.9262390136719,0.06700000166893005,0.0,0,2442.827
2442827123,1,3,397549399,2382,13,0.79,41.6055546,-86.356504,252.67000000000002,0.035608988255262375,51.842769622802734,-0.07300000637769699,0.0,1,2442.827
2443027095,0,3,397549599,2382,13,0.79,41.605546,-86.3565136,251.22,0.08766413480043411,327.57891845703125,0.020000001415610313,0.0,0,2443.027
2443027121,1,3,397549599,2382,13,0.79,41.6055546,-86.356504,252.67000000000002,0.015000000596046448,306.8699035644531,-0.0820000022649765,0.0,1,2443.027
2443227017,0,3,397549799,2382,13,0.79,41.6055461,-86.3565136,251.23000000000002,0.09674710035324097,240.255126953125,-0.012000000104308128,0.0,0,2443.227
2443227031,1,3,397549799,2382,13,0.79,41.6055547,-86.3565041,252.66,0.040049970149993896,2.8624048233032227,-0.06100000441074371,0.0,1,2443.227
2443427082,0,3,397549999,2382,13,0.79,41.6055461,-86.3565136,251.26000000000002,0.0070710680447518826,225.0,-0.03800000250339508,0.0,0,2443.427
2443427097,1,3,397549999,2382,13,0.79,41.6055547,-86.3565041,252.65,0.01910497434437275,6.009006023406982,-0.08000000566244125,0.0,1,2443.427
2443627145,0,3,397550199,2382,13,0.79,41.6055461,-86.35651349999999,251.31,0.06281720101833344,103.81501770019531,-0.04000000283122063,0.0,0,2443.627
2443627158,1,3,397550199,2382,13,0.79,41.6055547,-86.3565041,252.65,0.04570557922124863,100.0805892944336,-0.1340000033378601,0.0,1,2443.627
2443827118,0,3,397550399,2382,13,0.79,41.6055461,-86.3565134,251.36,0.10127191245555878,189.0902862548828,0.030000001192092896,0.0,0,2443.827
2443827137,1,3,397550399,2382,13,0.79,41.6055547,-86.356504,252.67000000000002,0.11886967718601227,132.95458984375,-0.17000000178813934,0.0,1,2443.827
2444027182,0,3,397550599,2382,13,0.79,41.6055461,-86.3565133,251.38,0.019924860447645187,162.47442626953125,-0.06700000166893005,0.0,0,2444.027
2444046798,1,3,397550599,2382,13,0.79,41.6055546,-86.3565038,252.69,0.09178780764341354,97.51213836669922,-0.1510000079870224,0.0,1,2444.047
2444227051,0,3,397550799,2382,13,0.79,41.6055461,-86.3565133,251.44,0.02370654046535492,207.64598083496094,-0.06200000271201134,0.0,0,2444.227
2444246854,1,3,397550799,2382,13,0.79,41.6055545,-86.3565036,252.70000000000002,0.10696261376142502,131.58905029296875,-0.14900000393390656,0.0,1,2444.247
2444427153,0,3,397550999,2382,13,0.79,41.6055462,-86.3565132,251.48000000000002,0.1142716109752655,188.55557250976562,-0.09100000560283661,0.0,0,2444.427
2444427166,1,3,397550999,2382,13,0.79,41.6055543,-86.3565034,252.71,0.14877164363861084,112.94573211669922,-0.13600000739097595,0.0,1,2444.427
2444627029,0,3,397551199,2382,13,0.79,41.6055461,-86.3565131,251.5,0.10816653817892075,176.82015991210938,-0.13600000739097595,0.0,0,2444.627
2444627044,1,3,397551199,2382,13,0.79,41.6055542,-86.3565031,252.72,0.13805796205997467,128.53018188476562,-0.05000000074505806,0.0,1,2444.627
2444827248,0,3,397551399,2382,13,0.79,41.6055461,-86.3565129,251.51000000000002,0.026248810812830925,130.36453247070312,-0.06100000441074371,0.0,0,2444.827
2444827261,1,3,397551399,2382,13,0.79,41.605554,-86.35650299999999,252.71,0.05954829975962639,139.08560180664062,-0.07800000160932541,0.0,1,2444.827
2445027130,0,3,397551599,2382,13,0.79,41.6055462,-86.35651279999999,251.52,0.04838388413190842,198.06048583984375,-0.024000000208616257,0.0,0,2445.027
2445046789,1,3,397551599,2382,13,0.79,41.6055539,-86.3565029,252.74,0.09656604379415512,148.1204071044922,-0.10400000214576721,0.0,1,2445.047
2445227101,0,3,397551799,2382,13,0.79,41.6055463,-86.3565129,251.52,0.15867261588573456,259.4690856933594,0.003000000026077032,0.0,0,2445.227
2445246779,1,3,397551799,2382,13,0.79,41.6055539,-86.3565027,252.76000000000002,0.044271890074014664,161.56504821777344,-0.08800000697374344,0.0,1,2445.247
2445427155,0,3,397551999,2382,13,0.79,41.605546499999996,-86.3565131,251.53,0.10834205895662308,260.9723815917969,-0.14300000667572021,0.0,0,2445.427
2445427168,1,3,397551999,2382,13,0.79,41.605553799999996,-86.3565027,252.76000000000002,0.03465544804930687,136.16912841796875,-0.04100000113248825,0.0,1,2445.427
2445627128,0,3,397552199,2382,13,0.79,41.6055468,-86.3565133,251.54,0.13688316941261292,297.8755187988281,-0.024000000208616257,0.0,0,2445.627
2445646762,1,3,397552199,2382,13,0.79,41.605553799999996,-86.3565026,252.75,0.015231546945869923,156.8013916015625,-0.09600000083446503,0.0,1,2445.647
2445827078,0,3,397552399,2382,13,0.79,41.605547099999995,-86.3565133,251.51000000000002,0.11833005398511887,20.27268409729004,-0.02200000174343586,0.0,0,2445.827
2445827091,1,3,397552399,2382,13,0.79,41.6055539,-86.3565024,252.76000000000002,0.031240999698638916,50.194427490234375,-0.09800000488758087,0.0,1,2445.827
2446027061,0,3,397552599,2382,13,0.79,41.6055474,-86.3565134,251.49,0.18057961761951447,287.73260498046875,-0.10000000149011612,0.0,0,2446.027
2446027134,1,3,397552599,2382,13,0.79,41.605554,-86.3565023,252.77,0.06184658780694008,22.83365249633789,-0.08400000631809235,0.0,1,2446.027
2446227028,0,3,397552799,2382,13,0.79,41.605547699999995,-86.35651349999999,251.43,0.14173567295074463,325.63720703125,-0.017000000923871994,0.0,0,2446.227
2446227042,1,3,397552799,2382,13,0.79,41.6055541,-86.3565022,252.77,0.07596052438020706,343.95098876953125,-0.07000000029802322,0.0,1,2446.227
2446427149,0,3,397552999,2382,13,0.79,41.6055481,-86.3565134,251.4,0.13903237879276276,1.2364073991775513,-0.13900001347064972,0.0,0,2446.427
2446427167,1,3,397552999,2382,13,0.79,41.6055543,-86.3565021,252.79,0.057628121227025986,51.34019088745117,-0.16100001335144043,0.0,1,2446.427
2446627103,0,3,397553199,2382,13,0.79,41.6055485,-86.3565134,251.35,0.15246310830116272,337.64031982421875,-0.09400000423192978,0.0,0,2446.627
2446627179,1,3,397553199,2382,13,0.79,41.6055545,-86.35650199999999,252.8,0.06985700130462646,23.629375457763672,-0.16500000655651093,0.0,1,2446.627
2446827119,0,3,397553399,2382,13,0.79,41.605548899999995,-86.3565134,251.32,0.12300407141447067,332.393310546875,-0.08400000631809235,0.0,0,2446.827
2446827137,1,3,397553399,2382,13,0.79,41.6055546,-86.3565019,252.82,0.03765634074807167,349.286865234375,-0.07700000703334808,0.0,1,2446.827
2447027159,0,3,397553599,2382,13,0.79,41.6055493,-86.3565134,251.3,0.1907092034816742,338.1427917480469,-0.03200000151991844,0.0,0,2447.027
2447027172,1,3,397553599,2382,13,0.79,41.6055548,-86.35650199999999,252.84,0.040311288088560104,336.6147766113281,-0.17000000178813934,0.0,1,2447.027
2447227077,1,3,397553799,2382,13,0.79,41.6055548,-86.35650199999999,252.85,0.014035669155418873,184.08563232421875,-0.14500001072883606,0.0,1,2447.227
2447246706,0,3,397553799,2382,13,0.79,41.6055497,-86.3565133,251.26000000000002,0.14415617287158966,12.01147747039795,-0.017000000923871994,0.0,0,2447.247
2447427095,0,3,397553999,2382,13,0.79,41.60555,-86.3565132,251.23000000000002,0.13017681241035461,332.0569763183594,-0.10300000756978989,0.0,0,2447.427
2447427110,1,3,397553999,2382,13,0.79,41.6055549,-86.35650199999999,252.88,0.019416488707065582,304.5085144042969,-0.1860000044107437,0.0,1,2447.427
2447627058,0,3,397554199,2382,13,0.79,41.6055503,-86.3565132,251.19,0.08041144907474518,10.75096607208252,-0.03500000014901161,0.0,0,2447.627
2447627072,1,3,397554199,2382,13,0.79,41.605554999999995,-86.35650199999999,252.9,0.039000000804662704,270.0,-0.1940000057220459,0.0,1,2447.627
2447827100,0,3,397554399,2382,13,0.79,41.6055504,-86.3565129,251.19,0.01702938787639141,49.76363754272461,-0.09800000488758087,0.0,0,2447.827
2447827114,1,3,397554399,2382,13,0.79,41.605554999999995,-86.3565021,252.93,0.019235385581851006,207.89727783203125,-0.19700001180171967,0.0,1,2447.827
2448027117,0,3,397554599,2382,13,0.79,41.6055506,-86.3565127,251.19,0.09406912326812744,46.29216003417969,-0.07300000637769699,0.0,0,2448.027
2448027131,1,3,397554599,2382,13,0.79,41.605554999999995,-86.3565021,252.94,0.0510392040014267,145.37583923339844,-0.07300000637769699,0.0,1,2448.027
2448227114,0,3,397554799,2382,13,0.79,41.605550699999995,-86.3565124,251.18,0.028231190517544746,157.06790161132812,-0.07800000160932541,0.0,0,2448.227
2448227135,1,3,397554799,2382,13,0.79,41.6055549,-86.3565021,252.92000000000002,0.025019992142915726,272.2906188964844,-0.08100000023841858,0.0,1,2448.227
2448427158,0,3,397554999,2382,13,0.79,41.605550699999995,-86.3565122,251.16,0.1017693504691124,157.46673583984375,-0.04200000315904617,0.0,0,2448.427
2448427171,1,3,397554999,2382,13,0.79,41.6055549,-86.3565021,252.94,0.03324154391884804,254.29136657714844,-0.15300001204013824,0.0,1,2448.427
2448627139,0,3,397555199,2382,13,0.79,41.605550799999996,-86.35651209999999,251.13,0.09192389249801636,315.0,-0.0820000022649765,0.0,0,2448.627
2448627153,1,3,397555199,2382,13,0.79,41.6055549,-86.3565022,252.96,0.04440721124410629,262.2348327636719,-0.15900000929832458,0.0,1,2448.627
2448827064,0,3,397555399,2382,13,0.79,41.6055509,-86.3565122,251.14000000000001,0.1068878024816513,280.7843017578125,-0.15400001406669617,0.0,0,2448.827
2448827080,1,3,397555399,2382,13,0.79,41.6055549,-86.3565022,252.96,0.08043009787797928,218.43731689453125,-0.1380000114440918,0.0,1,2448.827
2449027060,0,3,397555599,2382,13,0.79,41.6055509,-86.35651229999999,251.16,0.1401320844888687,211.8753662109375,-0.24500000476837158,0.0,0,2449.027
2449027074,1,3,397555599,2382,13,0.79,41.6055547,-86.3565023,252.96,0.111287921667099,184.122314453125,-0.22300000488758087,0.0,1,2449.027
2449227045,0,3,397555799,2382,13,0.79,41.605550799999996,-86.35651229999999,251.16,0.056080300360918045,148.8610076904297,-0.14300000667572021,0.0,0,2449.227
2449227058,1,3,397555799,2382,13,0.79,41.6055545,-86.3565023,252.99,0.09027181565761566,184.44740295410156,-0.15400001406669617,0.0,1,2449.227
2449427060,0,3,397555999,2382,13,0.79,41.605550799999996,-86.3565124,251.16,0.11621101945638657,232.3412322998047,-0.06800000369548798,0.0,0,2449.427
2449427077,1,3,397555999,2382,13,0.79,41.6055543,-86.3565022,252.99,0.08421401679515839,184.08563232421875,-0.1940000057220459,0.0,1,2449.427
2449627101,0,3,397556199,2382,13,0.79,41.605550699999995,-86.3565125,251.18,0.04569464176893234,246.80142211914062,-0.055000003427267075,0.0,0,2449.627
2449627158,1,3,397556199,2382,13,0.79,41.6055542,-86.3565022,253.01000000000002,0.027166156098246574,186.34019470214844,-0.11900000274181366,0.0,1,2449.627
2449827124,0,3,397556399,2382,13,0.79,41.605550699999995,-86.3565126,251.17000000000002,0.04313930869102478,224.06082153320312,-0.10200000554323196,0.0,0,2449.827
2449827141,1,3,397556399,2382,13,0.79,41.6055542,-86.3565022,253.0,0.03505709767341614,273.2705078125,-0.13100001215934753,0.0,1,2449.827
2450027149,0,3,397556599,2382,13,0.79,41.605550699999995,-86.3565126,251.15,0.05197114497423172,300.01837158203125,-0.039000000804662704,0.0,0,2450.027
2450027162,1,3,397556599,2382,13,0.79,41.6055542,-86.3565023,252.96,0.008062257431447506,240.255126953125,-0.1300000101327896,0.0,1,2450.027
2450227205,0,3,397556799,2382,13,0.79,41.605550799999996,-86.3565126,251.14000000000001,0.012529964558780193,151.38954162597656,0.036000002175569534,0.0,0,2450.227
2450227219,1,3,397556799,2382,13,0.79,41.6055542,-86.3565023,252.95000000000002,0.0389101542532444,334.093505859375,-0.058000002056360245,0.0,1,2450.227
2450427062,0,3,397556999,2382,13,0.79,41.605550799999996,-86.3565125,251.08,0.018867963925004005,212.00538635253906,-0.012000000104308128,0.0,0,2450.427
2450427078,1,3,397556999,2382,13,0.79,41.6055543,-86.3565023,252.94,0.02202271670103073,320.52752685546875,-0.07700000703334808,0.0,1,2450.427
2450627061,0,3,397557199,2382,13,0.79,41.6055509,-86.3565126,251.06,0.09315041452646255,299.59228515625,0.08000000566244125,0.0,0,2450.627
2450646834,1,3,397557199,2382,13,0.79,41.6055543,-86.3565023,252.91,0.05077400803565979,327.875,-0.06100000441074371,0.0,1,2450.647
2450827057,0,3,397557399,2382,13,0.79,41.6055511,-86.3565126,251.06,0.07900632917881012,0.7252242565155029,0.07500000298023224,0.0,0,2450.827
2450827074,1,3,397557399,2382,13,0.79,41.605554399999995,-86.3565024,252.9,0.0601331889629364,356.1859130859375,-0.05700000375509262,0.0,1,2450.827
2451027084,0,3,397557599,2382,13,0.79,41.605551299999995,-86.3565125,251.04,0.06161168962717056,54.24610900878906,0.03500000014901161,0.0,0,2451.027
2451027098,1,3,397557599,2382,13,0.79,41.605554399999995,-86.3565023,252.88,0.02617250569164753,46.54815673828125,-0.09700000286102295,0.0,1,2451.027
2451227133,0,3,397557799,2382,13,0.79,41.6055516,-86.3565126,251.05,0.05100000277161598,331.9275207519531,0.03400000184774399,0.0,0,2451.227
2451227146,1,3,397557799,2382,13,0.79,41.6055543,-86.3565023,252.86,0.03026549331843853,7.5946431159973145,-0.06599999964237213,0.0,1,2451.227
2451427124,0,3,397557999,2382,13,0.79,41.605551999999996,-86.3565127,251.05,0.06040695682168007,6.654424667358398,-0.010000000707805157,0.0,0,2451.427
2451427166,1,3,397557999,2382,13,0.79,41.6055543,-86.3565022,252.85,0.03981206193566322,25.277721405029297,-0.058000002056360245,0.0,1,2451.427
2451627108,0,3,397558199,2382,13,0.79,41.6055523,-86.35651279999999,251.06,0.047010637819767,321.9112243652344,0.05300000309944153,0.0,0,2451.627
2451627162,1,3,397558199,2382,13,0.79,41.6055543,-86.3565022,252.84,0.05295281112194061,10.885526657104492,-0.07800000160932541,0.0,1,2451.627
2451827183,0,3,397558399,2382,13,0.79,41.605552599999996,-86.35651299999999,251.03,0.03551056236028671,147.6525421142578,0.009000000543892384,0.0,0,2451.827
2451827196,1,3,397558399,2382,13,0.79,41.6055543,-86.3565022,252.82,0.03176476061344147,28.178586959838867,-0.017000000923871994,0.0,1,2451.827
2452027125,0,3,397558599,2382,13,0.79,41.6055528,-86.35651279999999,251.0,0.1562177985906601,108.66690063476562,-0.023000001907348633,0.0,0,2452.027
2452027143,1,3,397558599,2382,13,0.79,41.6055543,-86.3565021,252.81,0.07507329434156418,48.23969650268555,-0.10400000214576721,0.0,1,2452.027
2452227136,0,3,397558799,2382,13,0.79,41.605553,-86.3565127,250.97,0.0702282041311264,70.01688385009766,-0.0820000022649765,0.0,0,2452.227
2452227153,1,3,397558799,2382,13,0.79,41.6055543,-86.3565021,252.81,0.04675468057394028,41.531768798828125,-0.10900000482797623,0.0,1,2452.227
2452427032,0,3,397558999,2382,13,0.79,41.6055533,-86.3565126,250.99,0.06324555724859238,145.30484008789062,-0.10700000822544098,0.0,0,2452.427
2452427046,1,3,397558999,2382,13,0.79,41.6055542,-86.35650199999999,252.82,0.07826238125562668,116.5650405883789,-0.11600000411272049,0.0,1,2452.427
2452627079,0,3,397559199,2382,13,0.79,41.6055536,-86.3565126,250.99,0.0495782233774662,131.72950744628906,-0.06700000166893005,0.0,0,2452.627
2452627092,1,3,397559199,2382,13,0.79,41.6055541,-86.3565019,252.82,0.03201562166213989,88.2100830078125,-0.12400000542402267,0.0,1,2452.627
2452827150,0,3,397559399,2382,13,0.79,41.6055539,-86.3565126,251.02,0.044181447476148605,84.8055648803711,-0.06400000303983688,0.0,0,2452.827
2452827164,1,3,397559399,2382,13,0.79,41.605554,-86.3565019,252.83,0.03130495175719261,116.5650405883789,-0.1990000158548355,0.0,1,2452.827
2453027101,0,3,397559599,2382,13,0.79,41.6055541,-86.3565126,251.02,0.04294182360172272,242.241455078125,0.06700000166893005,0.0,0,2453.027
2453027115,1,3,397559599,2382,13,0.79,41.6055539,-86.3565019,252.84,0.052239831537008286,185.49234008789062,-0.13100001215934753,0.0,1,2453.027
2453227117,0,3,397559799,2382,13,0.79,41.605554399999995,-86.35651279999999,250.99,0.05295281112194061,259.1144714355469,-0.12200000882148743,0.0,0,2453.227
2453227132,1,3,397559799,2382,13,0.79,41.605553799999996,-86.35650199999999,252.84,0.02831960655748844,132.13760375976562,-0.18800000846385956,0.0,1,2453.227
2453427145,0,3,397559999,2382,13,0.79,41.6055546,-86.35651299999999,250.99,0.04368066415190697,254.0546112060547,-0.004000000189989805,0.0,0,2453.427
2453427159,1,3,397559999,2382,13,0.79,41.6055537,-86.35650199999999,252.85,0.060074955224990845,182.86241149902344,-0.11700000613927841,0.0,1,2453.427
2453627094,0,3,397560199,2382,13,0.79,41.6055547,-86.3565131,250.97,0.056435808539390564,240.255126953125,0.0950000062584877,0.0,0,2453.627
2453627110,1,3,397560199,2382,13,0.79,41.6055536,-86.3565021,252.83,0.025317978113889694,260.90972900390625,-0.04500000178813934,0.0,1,2453.627
2453827202,0,3,397560399,2382,13,0.79,41.6055549,-86.3565132,250.92000000000002,0.01600000075995922,0.0,-0.052000001072883606,0.0,0,2453.827
2453827216,1,3,397560399,2382,13,0.79,41.6055535,-86.3565022,252.8,0.026019224897027016,92.20259094238281,-0.1380000114440918,0.0,1,2453.827
2454027048,0,3,397560599,2382,13,0.79,41.605554999999995,-86.3565132,250.9,0.016763055697083473,107.35401916503906,-0.032999999821186066,0.0,0,2454.027
2454027062,1,3,397560599,2382,13,0.79,41.6055535,-86.3565023,252.77,0.05092150717973709,340.49755859375,-0.1380000114440918,0.0,1,2454.027
2454227086,0,3,397560799,2382,13,0.79,41.6055551,-86.3565131,250.91,0.067119300365448,118.47418975830078,-0.06200000271201134,0.0,0,2454.227
2454227166,1,3,397560799,2382,13,0.79,41.6055536,-86.3565024,252.78,0.05288667604327202,344.6498718261719,-0.10700000822544098,0.0,1,2454.227
2454427104,0,3,397560999,2382,13,0.79,41.6055551,-86.35651299999999,250.92000000000002,0.05215362086892128,184.39871215820312,-0.07200000435113907,0.0,0,2454.427
2454427118,1,3,397560999,2382,13,0.79,41.6055536,-86.3565024,252.77,0.048703186213970184,109.17900085449219,-0.1420000046491623,0.0,1,2454.427
2454627157,0,3,397561199,2382,13,0.79,41.6055552,-86.3565129,250.9,0.10121265053749084,52.22431182861328,-0.03100000135600567,0.0,0,2454.627
2454627170,1,3,397561199,2382,13,0.79,41.6055537,-86.3565024,252.77,0.08860022574663162,20.48035430908203,-0.12700000405311584,0.0,1,2454.627
2454827203,0,3,397561399,2382,13,0.79,41.6055554,-86.3565129,250.89000000000001,0.08021222800016403,324.13018798828125,-0.07500000298023224,0.0,0,2454.827
2454846806,1,3,397561399,2382,13,0.79,41.6055537,-86.3565024,252.76000000000002,0.03807886689901352,66.80140686035156,-0.0950000062584877,0.0,1,2454.847
2455027148,0,3,397561599,2382,13,0.79,41.6055554,-86.3565129,250.9,0.06216912716627121,154.25927734375,0.01600000075995922,0.0,0,2455.027
2455027168,1,3,397561599,2382,13,0.79,41.6055537,-86.3565024,252.74,0.05371220037341118,65.82089233398438,-0.10200000554323196,0.0,1,2455.027
2455227088,0,3,397561799,2382,13,0.79,41.6055555,-86.35651279999999,250.87,0.006403124891221523,141.34017944335938,0.052000001072883606,0.0,0,2455.227
2455246806,1,3,397561799,2382,13,0.79,41.605553799999996,-86.3565024,252.71,0.0361386239528656,345.5792236328125,-0.030000001192092896,0.0,1,2455.247
2455427016,0,3,397561999,2382,13,0.79,41.605555599999995,-86.35651279999999,250.83,0.06008328124880791,71.56504821777344,0.08800000697374344,0.0,0,2455.427
2455427037,1,3,397561999,2382,13,0.79,41.605553799999996,-86.3565024,252.66,0.06612866371870041,20.353227615356445,0.021000001579523087,0.0,1,2455.427
2455627096,0,3,397562199,2382,13,0.79,41.605555599999995,-86.3565126,250.8,0.08215229958295822,121.56179809570312,0.036000002175569534,0.0,0,2455.627
2455646755,1,3,397562199,2382,13,0.79,41.605553799999996,-86.35650249999999,252.61,0.016763055697083473,252.64598083496094,-0.07500000298023224,0.0,1,2455.647
2455827140,0,3,397562399,2382,13,0.79,41.6055557,-86.3565124,250.78,0.023021729663014412,357.51043701171875,0.05700000375509262,0.0,0,2455.827
2455827156,1,3,397562399,2382,13,0.79,41.605553799999996,-86.3565026,252.59,0.03769615292549133,338.1986083984375,-0.012000000104308128,0.0,1,2455.827
2456027081,0,3,397562599,2382,13,0.79,41.6055557,-86.35651229999999,250.76000000000002,0.09183681756258011,54.752418518066406,-0.003000000026077032,0.0,0,2456.027
2456027094,1,3,397562599,2382,13,0.79,41.6055539,-86.3565027,252.57,0.07337574660778046,342.5528259277344,-0.08800000697374344,0.0,1,2456.027
2456227215,0,3,397562799,2382,13,0.79,41.605556,-86.3565122,250.73000000000002,0.14334923028945923,4.000185489654541,-0.023000001907348633,0.0,0,2456.227
2456246784,1,3,397562799,2382,13,0.79,41.605554,-86.3565028,252.55,0.08612201362848282,347.25469970703125,-0.08500000089406967,0.0,1,2456.247
2456427122,0,3,397562999,2382,13,0.79,41.6055564,-86.3565122,250.73000000000002,0.19059120118618011,355.48602294921875,0.010000000707805157,0.0,0,2456.427
2456446836,1,3,397562999,2382,13,0.79,41.6055542,-86.3565029,252.53,0.20270422101020813,350.630615234375,-0.0650000050663948,0.0,1,2456.447
2456627072,0,3,397563199,2382,13,0.79,41.605557,-86.35651229999999,250.73000000000002,0.3541892468929291,355.30352783203125,-0.07300000637769699,0.0,0,2456.627
2456646821,1,3,397563199,2382,13,0.79,41.6055546,-86.35650299999999,252.52,0.29910701513290405,1.532631754875183,-0.06300000101327896,0.0,1,2456.647
2456827051,0,3,397563399,2382,13,0.79,41.6055578,-86.35651229999999,250.75,0.4140169322490692,4.016597270965576,-0.06300000101327896,0.0,0,2456.827
2456827073,1,3,397563399,2382,13,0.79,41.6055552,-86.35650299999999,252.5,0.41648051142692566,2.752485513687134,-0.14300000667572021,0.0,1,2456.827
2457027078,0,3,397563599,2382,13,0.79,41.6055588,-86.35651229999999,250.75,0.6330386996269226,0.6335767507553101,-0.04800000041723251,0.0,0,2457.027
2457027105,1,3,397563599,2382,13,0.79,41.605556,-86.3565031,252.53,0.5422075986862183,358.41473388671875,-0.14800000190734863,0.0,1,2457.027
2457227043,0,3,397563799,2382,13,0.79,41.6055601,-86.35651229999999,250.72,0.7461508512496948,358.84808349609375,-0.026000000536441803,0.0,0,2457.227
2457227056,1,3,397563799,2382,13,0.79,41.6055572,-86.35650319999999,252.52,0.7930227518081665,359.5664978027344,-0.14500001072883606,0.0,1,2457.227
2457427163,0,3,397563999,2382,13,0.79,41.6055618,-86.3565124,250.70000000000002,0.990653395652771,355.0778503417969,-0.027000000700354576,0.0,0,2457.427
2457446813,1,3,397563999,2382,13,0.79,41.6055588,-86.3565033,252.48000000000002,0.9712878465652466,357.0492248535156,-0.11500000208616257,0.0,1,2457.447
2457627107,0,3,397564199,2382,13,0.79,41.6055638,-86.3565125,250.70000000000002,1.220983624458313,2.299987554550171,-0.08800000697374344,0.0,0,2457.627
2457646790,1,3,397564199,2382,13,0.79,41.6055607,-86.3565035,252.46,1.2080596685409546,359.43084716796875,-0.06300000101327896,0.0,1,2457.647
2457827140,0,3,397564399,2382,13,0.79,41.6055663,-86.3565124,250.70000000000002,1.4952439069747925,358.96533203125,-0.1770000010728836,0.0,0,2457.827
2457846807,1,3,397564399,2382,13,0.79,41.6055631,-86.35650369999999,252.45000000000002,1.4945026636123657,357.4305114746094,-0.14000000059604645,0.0,1,2457.847
2458027108,0,3,397564599,2382,13,0.79,41.6055692,-86.3565125,250.70000000000002,1.6581460237503052,359.2397766113281,-0.0690000057220459,0.0,0,2458.027
2458046796,1,3,397564599,2382,13,0.79,41.605565999999996,-86.356504,252.44,1.7837759256362915,356.2713928222656,-0.07900000363588333,0.0,1,2458.047
2458227053,0,3,397564799,2382,13,0.79,41.605572599999995,-86.3565127,250.69,2.0122437477111816,357.29400634765625,-0.07200000435113907,0.0,0,2458.227
2458227069,1,3,397564799,2382,13,0.79,41.6055694,-86.3565043,252.42000000000002,2.0092549324035645,357.9749450683594,-0.055000003427267075,0.0,1,2458.227
2458427105,0,3,397564999,2382,13,0.79,41.6055764,-86.35651279999999,250.70000000000002,2.244002103805542,0.07659857720136642,-0.09300000220537186,0.0,0,2458.427
2458427125,1,3,397564999,2382,13,0.79,41.605573199999995,-86.3565045,252.42000000000002,2.2271320819854736,358.1731262207031,-0.12300000339746475,0.0,1,2458.427
2458627098,0,3,397565199,2382,13,0.79,41.6055807,-86.3565129,250.69,2.431036949157715,358.326416015625,-0.05400000140070915,0.0,0,2458.627
2458646761,1,3,397565199,2382,13,0.79,41.6055774,-86.3565047,252.41,2.422074794769287,359.550537109375,-0.10600000619888306,0.0,1,2458.647
2458827056,0,3,397565399,2382,13,0.79,41.6055852,-86.35651299999999,250.71,2.5887367725372314,357.3652648925781,-0.06800000369548798,0.0,0,2458.827
2458827072,1,3,397565399,2382,13,0.79,41.605582,-86.35650489999999,252.4,2.72570538520813,358.6966247558594,-0.1510000079870224,0.0,1,2458.827
2459027188,0,3,397565599,2382,13,0.79,41.60559,-86.3565132,250.73000000000002,2.7966654300689697,358.75018310546875,-0.05400000140070915,0.0,0,2459.027
2459027213,1,3,397565599,2382,13,0.79,41.605587,-86.35650509999999,252.41,2.7830116748809814,359.8352966308594,-0.18000000715255737,0.0,1,2459.027
2459227258,0,3,397565799,2382,13,0.79,41.605595099999995,-86.3565132,250.72,2.9450085163116455,359.8638000488281,0.010000000707805157,0.0,0,2459.227
2459227272,1,3,397565799,2382,13,0.79,41.6055922,-86.3565052,252.39000000000001,2.998000144958496,0.0,-0.09800000488758087,0.0,1,2459.227
2459427178,0,3,397565999,2382,13,0.79,41.605600599999995,-86.3565133,250.70000000000002,3.165045738220215,359.6922607421875,-0.06400000303983688,0.0,0,2459.427
2459446788,1,3,397565999,2382,13,0.79,41.6055978,-86.3565054,252.36,3.200455665588379,359.0332336425781,-0.052000001072883606,0.0,1,2459.447
2459627171,0,3,397566199,2382,13,0.79,41.6056064,-86.3565133,250.66,3.258044481277466,359.7010498046875,0.036000002175569534,0.0,0,2459.627
2459627188,1,3,397566199,2382,13,0.79,41.605603599999995,-86.35650559999999,252.35,3.3113927841186523,359.1175231933594,-0.03700000047683716,0.0,1,2459.627
2459827042,0,3,397566399,2382,13,0.79,41.6056124,-86.3565132,250.66,3.4479284286499023,1.3295153379440308,-0.06700000166893005,0.0,0,2459.827
2459827056,1,3,397566399,2382,13,0.79,41.605609699999995,-86.3565057,252.33,3.4710092544555664,0.13205571472644806,-0.04100000113248825,0.0,1,2459.827
2460027133,0,3,397566599,2382,13,0.79,41.605618799999995,-86.3565131,250.65,3.7000198364257812,359.8141784667969,-0.030000001192092896,0.0,0,2460.027
2460027147,1,3,397566599,2382,13,0.79,41.6056161,-86.3565057,252.32,3.694065809249878,0.3412269353866577,-0.06400000303983688,0.0,1,2460.027
2460227061,0,3,397566799,2382,13,0.79,41.605625599999996,-86.35651299999999,250.66,3.7399213314056396,1.271668553352356,-0.01100000087171793,0.0,0,2460.227
2460227075,1,3,397566799,2382,13,0.79,41.6056228,-86.3565057,252.32,3.745145559310913,0.504862904548645,-0.09300000220537186,0.0,1,2460.227
2460427245,0,3,397566999,2382,13,0.79,41.6056326,-86.3565129,250.65,4.013035774230957,0.24271678924560547,-0.030000001192092896,0.0,0,2460.427
2460427259,1,3,397566999,2382,13,0.79,41.6056297,-86.3565058,252.3,3.9500794410705566,0.3626266419887543,-0.10300000756978989,0.0,1,2460.427
2460627109,0,3,397567199,2382,13,0.79,41.60564,-86.35651279999999,250.64000000000001,4.202146053314209,0.47722646594047546,0.06200000271201134,0.0,0,2460.627
2460627151,1,3,397567199,2382,13,0.79,41.605637,-86.3565057,252.28,4.11348295211792,0.8775471448898315,-0.06100000441074371,0.0,1,2460.627
2460827133,0,3,397567399,2382,13,0.79,41.6056478,-86.35651279999999,250.62,4.367385387420654,359.23907470703125,-0.1080000028014183,0.0,0,2460.827
2460827146,1,3,397567399,2382,13,0.79,41.6056446,-86.35650559999999,252.23000000000002,4.343299865722656,0.672795295715332,-0.01600000075995922,0.0,1,2460.827
2461027171,0,3,397567599,2382,13,0.79,41.6056558,-86.35651279999999,250.64000000000001,4.524099826812744,0.37993988394737244,-0.03500000014901161,0.0,0,2461.027
2461027226,1,3,397567599,2382,13,0.79,41.6056525,-86.35650559999999,252.24,4.448217868804932,0.5667563080787659,-0.01600000075995922,0.0,1,2461.027
2461227170,0,3,397567799,2382,13,0.79,41.6056641,-86.35651279999999,250.65,4.634006977081299,0.09891362488269806,0.05400000140070915,0.0,0,2461.227
2461227186,1,3,397567799,2382,13,0.79,41.6056606,-86.35650559999999,252.23000000000002,4.637000560760498,0.02471243217587471,-0.0650000050663948,0.0,1,2461.227
2461427101,0,3,397567999,2382,13,0.79,41.6056726,-86.35651279999999,250.64000000000001,4.844228267669678,359.444091796875,-0.026000000536441803,0.0,0,2461.427
2461427115,1,3,397567999,2382,13,0.79,41.6056691,-86.35650559999999,252.22,4.801026821136475,0.19094543159008026,-0.06300000101327896,0.0,1,2461.427
2461627049,0,3,397568199,2382,13,0.79,41.605681499999996,-86.35651279999999,250.66,5.02219295501709,0.5019811987876892,-0.08900000154972076,0.0,0,2461.627
2461627104,1,3,397568199,2382,13,0.79,41.605677899999996,-86.3565055,252.21,5.016167640686035,0.46831631660461426,-0.08700000494718552,0.0,1,2461.627
2461827054,0,3,397568399,2382,13,0.79,41.6056907,-86.35651279999999,250.67000000000002,5.190009593963623,0.1103963628411293,0.08800000697374344,0.0,0,2461.827
2461827067,1,3,397568399,2382,13,0.79,41.605686999999996,-86.3565055,252.21,5.200002670288086,0.05509207770228386,-0.10200000554323196,0.0,1,2461.827
2462027049,0,3,397568599,2382,13,0.79,41.6057001,-86.35651279999999,250.67000000000002,5.316041946411133,359.7736511230469,0.03800000250339508,0.0,0,2462.027
2462027119,1,3,397568599,2382,13,0.79,41.6056965,-86.35650559999999,252.16,5.283308029174805,359.3818359375,-0.09800000488758087,0.0,1,2462.027
2462227065,0,3,397568799,2382,13,0.79,41.6057098,-86.3565129,250.62,5.40230131149292,359.39544677734375,0.14900000393390656,0.0,0,2462.227
2462227079,1,3,397568799,2382,13,0.79,41.6057061,-86.3565057,252.13,5.383164405822754,0.44703209400177,0.017000000923871994,0.0,1,2462.227
2462427151,0,3,397568999,2382,13,0.79,41.6057197,-86.3565131,250.6,5.516111373901367,359.6364440917969,0.058000002056360245,0.0,0,2462.427
2462427185,1,3,397568999,2382,13,0.79,41.6057159,-86.3565057,252.12,5.530017852783203,0.14505229890346527,-0.036000002175569534,0.0,1,2462.427
2462627172,0,3,397569199,2382,13,0.79,41.6057298,-86.3565131,250.6,5.701394081115723,0.6733275055885315,0.12000000476837158,0.0,0,2462.627
2462627187,1,3,397569199,2382,13,0.79,41.605725899999996,-86.3565058,252.11,5.630069732666016,359.7150573730469,-0.07400000095367432,0.0,1,2462.627
2462827147,0,3,397569399,2382,13,0.79,41.6057401,-86.3565131,250.57,5.723601818084717,359.1690979003906,0.04200000315904617,0.0,0,2462.827
2462827197,1,3,397569399,2382,13,0.79,41.6057361,-86.3565059,252.08,5.753025531768799,359.8306884765625,-0.03400000184774399,0.0,1,2462.827
2463027130,0,3,397569599,2382,13,0.79,41.6057506,-86.3565134,250.55,5.818912029266357,358.9857482910156,0.05300000309944153,0.0,0,2463.027
2463027144,1,3,397569599,2382,13,0.79,41.605746499999995,-86.356506,252.06,5.774014949798584,359.8710021972656,-0.0690000057220459,0.0,1,2463.027
2463227023,0,3,397569799,2382,13,0.79,41.605761099999995,-86.35651349999999,250.58,5.830015182495117,359.87225341796875,-0.003000000026077032,0.0,0,2463.227
2463227037,1,3,397569799,2382,13,0.79,41.605756899999996,-86.356506,252.06,5.834022045135498,0.1571357697248459,-0.046000003814697266,0.0,1,2463.227
2463427056,0,3,397569999,2382,13,0.79,41.6057716,-86.3565136,250.61,5.9102654457092285,359.4571228027344,-0.020000001415610313,0.0,0,2463.427
2463427070,1,3,397569999,2382,13,0.79,41.6057675,-86.35650609999999,252.04,5.916357517242432,359.3705139160156,-0.0860000029206276,0.0,1,2463.427
2463627062,0,3,397570199,2382,13,0.79,41.6057823,-86.3565137,250.6,5.915092468261719,359.68035888671875,-0.04200000315904617,0.0,0,2463.627
2463627076,1,3,397570199,2382,13,0.79,41.605778199999996,-86.35650629999999,252.04,5.962162971496582,359.5771484375,-0.07300000637769699,0.0,1,2463.627
2463827084,0,3,397570399,2382,13,0.79,41.605793,-86.3565138,250.63,6.032001495361328,0.037994541227817535,0.06100000441074371,0.0,0,2463.827
2463846792,1,3,397570399,2382,13,0.79,41.6057889,-86.3565064,252.02,5.983010292053223,0.10534060746431351,-0.06300000101327896,0.0,1,2463.847
2464027118,0,3,397570599,2382,13,0.79,41.6058039,-86.3565138,250.6,6.001060962677002,359.7422180175781,-0.029000001028180122,0.0,0,2464.027
2464027135,1,3,397570599,2382,13,0.79,41.6057997,-86.35650629999999,252.0,5.941194534301758,0.46290814876556396,-0.029000001028180122,0.0,1,2464.027
2464227130,0,3,397570799,2382,13,0.79,41.605814599999995,-86.3565139,250.61,5.901066780090332,0.27186402678489685,0.12700000405311584,0.0,0,2464.227
2464227144,1,3,397570799,2382,13,0.79,41.605810399999996,-86.35650629999999,251.98000000000002,5.952005386352539,359.9230041503906,-0.06700000166893005,0.0,1,2464.227
2464427193,0,3,397570999,2382,13,0.79,41.6058253,-86.3565138,250.6,5.980201244354248,0.46946993470191956,0.1469999998807907,0.0,0,2464.427
2464427207,1,3,397570999,2382,13,0.79,41.6058211,-86.35650629999999,251.97,5.9170122146606445,0.1161988154053688,-0.0860000029206276,0.0,1,2464.427
2464627200,0,3,397571199,2382,13,0.79,41.6058361,-86.3565137,250.59,5.982080936431885,0.29691624641418457,0.013000000268220901,0.0,0,2464.627
2464627213,1,3,397571199,2382,13,0.79,41.6058318,-86.35650629999999,251.95000000000002,6.010191917419434,0.4575938284397125,-0.0020000000949949026,0.0,1,2464.627
2464827060,0,3,397571399,2382,13,0.79,41.605846899999996,-86.3565137,250.61,5.941071033477783,0.27967754006385803,0.0020000000949949026,0.0,0,2464.827
2464827075,1,3,397571399,2382,13,0.79,41.605842599999995,-86.3565062,251.92000000000002,6.029119968414307,0.3611230254173279,0.013000000268220901,0.0,1,2464.827
2465027037,0,3,397571599,2382,13,0.79,41.6058577,-86.3565136,250.62,6.0092082023620605,0.47673869132995605,0.00800000037997961,0.0,0,2465.027
2465027050,1,3,397571599,2382,13,0.79,41.605853499999995,-86.3565062,251.9,6.0072431564331055,0.5150471925735474,-0.05400000140070915,0.0,1,2465.027
2465227165,0,3,397571799,2382,13,0.79,41.6058685,-86.3565136,250.61,5.968001842498779,359.96160888671875,-0.10500000417232513,0.0,0,2465.227
2465246806,1,3,397571799,2382,13,0.79,41.6058643,-86.35650609999999,251.89000000000001,6.010168552398682,0.4289953410625458,-0.023000001907348633,0.0,1,2465.247
2465427165,0,3,397571999,2382,13,0.79,41.6058794,-86.3565136,250.63,6.004161357879639,0.41988158226013184,-0.020000001415610313,0.0,0,2465.427
2465446805,1,3,397571999,2382,13,0.79,41.6058751,-86.35650609999999,251.84,6.017014026641846,359.876220703125,-0.0430000014603138,0.0,1,2465.447
2465627087,0,3,397572199,2382,13,0.79,41.605890099999996,-86.35651349999999,250.65,5.9691481590271,0.40314677357673645,0.0,0.0,0,2465.627
2465646809,1,3,397572199,2382,13,0.79,41.605886,-86.35650609999999,251.83,6.031308650970459,0.5794931650161743,0.03700000047683716,0.0,1,2465.647
2465827129,0,3,397572399,2382,13,0.79,41.6059008,-86.3565133,250.69,5.971091270446777,0.3166540265083313,-0.05100000277161598,0.0,0,2465.827
2465827144,1,3,397572399,2382,13,0.79,41.6058968,-86.356506,251.85,6.001075267791748,0.2864287793636322,-0.11900000274181366,0.0,1,2465.827
2466027047,0,3,397572599,2382,13,0.79,41.6059116,-86.3565133,250.69,6.056056022644043,359.7540283203125,-0.015000000596046448,0.0,0,2466.027
2466027062,1,3,397572599,2382,13,0.79,41.605907599999995,-86.356506,251.84,6.037030220031738,359.8196716308594,-0.125,0.0,1,2466.027
2466227098,0,3,397572799,2382,13,0.79,41.6059225,-86.3565132,250.70000000000002,6.066145896911621,0.39670029282569885,0.07300000637769699,0.0,0,2466.227
2466227113,1,3,397572799,2382,13,0.79,41.6059185,-86.35650609999999,251.85,6.0810017585754395,359.9623107910156,-0.09400000423192978,0.0,1,2466.227
2466427084,0,3,397572999,2382,13,0.79,41.6059334,-86.3565131,250.74,6.037139415740967,359.6108703613281,-0.06599999964237213,0.0,0,2466.427
2466427115,1,3,397572999,2382,13,0.79,41.6059294,-86.3565062,251.84,6.044583797454834,359.2037353515625,-0.08700000494718552,0.0,1,2466.427
2466627005,0,3,397573199,2382,13,0.79,41.6059443,-86.3565131,250.77,6.079296588897705,0.5654934644699097,-0.1340000033378601,0.0,0,2466.627
2466627053,1,3,397573199,2382,13,0.79,41.6059403,-86.3565064,251.85,6.053003311157227,359.9432067871094,-0.06599999964237213,0.0,1,2466.627
2466827131,0,3,397573399,2382,13,0.79,41.6059553,-86.3565131,250.78,6.072317123413086,359.41497802734375,-0.14600001275539398,0.0,0,2466.827
2466827145,1,3,397573399,2382,13,0.79,41.6059512,-86.3565064,251.84,6.005000114440918,0.009541344828903675,-0.06800000369548798,0.0,1,2466.827
2467027049,0,3,397573599,2382,13,0.79,41.6059662,-86.3565131,250.8,5.986147403717041,0.40200188755989075,-0.07900000363588333,0.0,0,2467.027
2467027107,1,3,397573599,2382,13,0.79,41.605962,-86.3565065,251.85,6.015133380889893,359.6189880371094,-0.09400000423192978,0.0,1,2467.027
2467227809,0,3,397573799,2382,13,0.79,41.6059771,-86.35651299999999,250.84,6.167023658752441,0.15794157981872559,0.049000002443790436,0.0,0,2467.228
2467227822,1,3,397573799,2382,13,0.79,41.6059729,-86.3565067,251.83,6.053428649902344,359.3185119628906,-0.06599999964237213,0.0,1,2467.228
2467427793,0,3,397573999,2382,13,0.79,41.605987999999996,-86.35651299999999,250.84,5.9712629318237305,359.462646484375,-0.1300000101327896,0.0,0,2467.428
2467427806,1,3,397573999,2382,13,0.79,41.605983699999996,-86.3565069,251.82,6.040259838104248,359.46881103515625,0.06200000271201134,0.0,1,2467.428
2467627692,0,3,397574199,2382,13,0.79,41.6059987,-86.35651299999999,250.86,5.971343040466309,359.3858947753906,-0.03400000184774399,0.0,0,2467.628
2467646788,1,3,397574199,2382,13,0.79,41.6059945,-86.3565069,251.81,5.959061145782471,0.2596031725406647,-0.0010000000474974513,0.0,1,2467.647
2467827802,0,3,397574399,2382,13,0.79,41.6060094,-86.35651299999999,250.9,5.962021827697754,0.15376219153404236,-0.04400000348687172,0.0,0,2467.828
2467827815,1,3,397574399,2382,13,0.79,41.6060052,-86.3565069,251.79,5.990006923675537,359.9139099121094,-0.07100000232458115,0.0,1,2467.828
2468027826,0,3,397574599,2382,13,0.79,41.606020199999996,-86.35651299999999,250.89000000000001,6.056016445159912,359.8675537109375,-0.07800000160932541,0.0,0,2468.028
2468046856,1,3,397574599,2382,13,0.79,41.606016,-86.356507,251.78,6.019114017486572,359.6477966308594,0.0,0.0,1,2468.047
2468227854,0,3,397574799,2382,13,0.79,41.606031,-86.35651299999999,250.94,6.03244161605835,359.306640625,-0.03800000250339508,0.0,0,2468.228
2468227867,1,3,397574799,2382,13,0.79,41.606026799999995,-86.3565071,251.79,5.9924445152282715,359.302001953125,-0.16300000250339508,0.0,1,2468.228
2468427770,0,3,397574999,2382,13,0.79,41.6060419,-86.35651299999999,250.98000000000002,6.088012218475342,0.11293502151966095,-0.06300000101327896,0.0,0,2468.428
2468427783,1,3,397574999,2382,13,0.79,41.6060375,-86.3565072,251.79,5.922076225280762,0.29024967551231384,-0.15700000524520874,0.0,1,2468.428
2468627765,0,3,397575199,2382,13,0.79,41.6060527,-86.35651279999999,251.03,5.96201229095459,359.8846740722656,-0.0650000050663948,0.0,0,2468.628
2468627779,1,3,397575199,2382,13,0.79,41.6060483,-86.3565072,251.78,6.026016712188721,0.1331130713224411,-0.010000000707805157,0.0,1,2468.628
2468827891,0,3,397575399,2382,13,0.79,41.6060636,-86.35651279999999,251.0,6.129014015197754,359.87847900390625,-0.07600000500679016,0.0,0,2468.828
2468827904,1,3,397575399,2382,13,0.79,41.6060592,-86.3565072,251.74,5.988033771514893,359.8086242675781,-0.029000001028180122,0.0,1,2468.828
2469027747,0,3,397575599,2382,13,0.79,41.6060745,-86.35651279999999,251.04,6.002002239227295,0.04773056134581566,0.012000000104308128,0.0,0,2469.028
2469027760,1,3,397575599,2382,13,0.79,41.606069999999995,-86.35650729999999,251.71,5.979085922241211,359.693359375,-0.015000000596046448,0.0,1,2469.028
2469227759,0,3,397575799,2382,13,0.79,41.6060853,-86.3565127,251.07,6.038000583648682,0.01897839643061161,-0.007000000216066837,0.0,0,2469.228
2469227774,1,3,397575799,2382,13,0.79,41.6060808,-86.35650749999999,251.70000000000002,6.06419038772583,359.5464782714844,-0.029000001028180122,0.0,1,2469.228
2469427783,0,3,397575999,2382,13,0.79,41.606096199999996,-86.35651279999999,251.1,6.089366912841797,358.7861328125,0.05300000309944153,0.0,0,2469.428
2469446826,1,3,397575999,2382,13,0.79,41.6060917,-86.3565076,251.69,6.063297271728516,359.4330139160156,-0.015000000596046448,0.0,1,2469.447
2469627677,0,3,397576199,2382,13,0.79,41.606107099999996,-86.35651299999999,251.09,6.018531799316406,359.2383728027344,-0.03200000151991844,0.0,0,2469.628
2469646788,1,3,397576199,2382,13,0.79,41.6061026,-86.3565078,251.69,6.0373945236206055,359.34515380859375,-0.06700000166893005,0.0,1,2469.647
2469827701,0,3,397576399,2382,13,0.79,41.6061179,-86.3565132,251.09,5.980413436889648,358.7544250488281,-0.11800000816583633,0.0,0,2469.828
2469827715,1,3,397576399,2382,13,0.79,41.6061135,-86.3565079,251.66,5.992000102996826,0.0,-0.06700000166893005,0.0,1,2469.828
2470046811,0,3,397576599,2382,13,0.79,41.6061287,-86.3565134,251.12,5.997310161590576,359.417236328125,0.00800000037997961,0.0,0,2470.047
2470046825,1,3,397576599,2382,13,0.79,41.6061242,-86.35650799999999,251.63,5.914057731628418,359.74810791015625,-0.020000001415610313,0.0,1,2470.047
2470227837,0,3,397576799,2382,13,0.79,41.6061395,-86.3565134,251.1,5.9781694412231445,359.5686950683594,0.05700000375509262,0.0,0,2470.228
2470227850,1,3,397576799,2382,13,0.79,41.6061348,-86.3565082,251.61,5.84303617477417,358.9212951660156,-0.03400000184774399,0.0,1,2470.228
2470427756,0,3,397576999,2382,13,0.79,41.606150199999995,-86.35651349999999,251.08,5.843494892120361,359.2547912597656,0.02800000086426735,0.0,0,2470.428
2470427769,1,3,397576999,2382,13,0.79,41.6061453,-86.3565084,251.59,5.809386730194092,359.3392028808594,-0.01100000087171793,0.0,1,2470.428
2470627903,0,3,397577199,2382,13,0.79,41.606160599999995,-86.3565136,251.07,5.732000350952148,359.989990234375,0.036000002175569534,0.0,0,2470.628
2470646730,1,3,397577199,2382,13,0.79,41.6061556,-86.3565084,251.57,5.710177421569824,0.45153358578681946,-0.009000000543892384,0.0,1,2470.647
2470827717,0,3,397577399,2382,13,0.79,41.606170899999995,-86.3565137,251.09,5.641067981719971,358.1104736328125,0.0020000000949949026,0.0,0,2470.828
2470827731,1,3,397577399,2382,13,0.79,41.6061658,-86.3565084,251.58,5.701079368591309,359.698486328125,-0.04500000178813934,0.0,1,2470.828
2471027692,0,3,397577599,2382,13,0.79,41.6061809,-86.35651399999999,251.11,5.546866416931152,358.9876708984375,0.02500000037252903,0.0,0,2471.028
2471027748,1,3,397577599,2382,13,0.79,41.606176,-86.35650849999999,251.56,5.620231628417969,359.4800720214844,-0.1420000046491623,0.0,1,2471.028
2471227741,0,3,397577799,2382,13,0.79,41.6061909,-86.3565141,251.14000000000001,5.513099193572998,359.65704345703125,0.046000003814697266,0.0,0,2471.228
2471227805,1,3,397577799,2382,13,0.79,41.606186,-86.35650869999999,251.57,5.547152042388916,359.5765075683594,-0.049000002443790436,0.0,1,2471.228
2471427740,0,3,397577999,2382,13,0.79,41.606200799999996,-86.3565141,251.16,5.476011276245117,359.8849182128906,0.026000000536441803,0.0,0,2471.428
2471446869,1,3,397577999,2382,13,0.79,41.606196,-86.3565088,251.56,5.573029518127441,359.81494140625,-0.029000001028180122,0.0,1,2471.447
2471627797,0,3,397578199,2382,13,0.79,41.6062107,-86.3565141,251.16,5.492446422576904,359.2697448730469,-0.0430000014603138,0.0,0,2471.628
2471627811,1,3,397578199,2382,13,0.79,41.6062058,-86.3565088,251.55,5.388008117675781,359.904296875,-0.058000002056360245,0.0,1,2471.628
2471827857,0,3,397578399,2382,13,0.79,41.6062205,-86.35651419999999,251.19,5.388180255889893,359.5321044921875,-0.03100000135600567,0.0,0,2471.828
2471827871,1,3,397578399,2382,13,0.79,41.606215399999996,-86.3565089,251.52,5.323338508605957,359.35418701171875,-0.046000003814697266,0.0,1,2471.828
2472027788,0,3,397578599,2382,13,0.79,41.6062301,-86.3565143,251.19,5.288853645324707,358.483154296875,-0.026000000536441803,0.0,0,2472.028
2472027801,1,3,397578599,2382,13,0.79,41.606224999999995,-86.3565091,251.52,5.310085296630859,359.6763000488281,-0.125,0.0,1,2472.028
2472227775,0,3,397578799,2382,13,0.79,41.606239699999996,-86.3565145,251.19,5.2810797691345215,359.68536376953125,-0.03500000014901161,0.0,0,2472.228
2472227789,1,3,397578799,2382,13,0.79,41.6062344,-86.35650919999999,251.5,5.19340705871582,359.2828674316406,-0.03100000135600567,0.0,1,2472.228
2472427783,0,3,397578999,2382,13,0.79,41.6062489,-86.3565145,251.21,5.053032398223877,359.7958984375,0.023000001907348633,0.0,0,2472.428
2472427796,1,3,397578999,2382,13,0.79,41.6062437,-86.3565095,251.49,5.116791725158691,358.9921569824219,0.01900000125169754,0.0,1,2472.428
2472627694,0,3,397579199,2382,13,0.79,41.606258,-86.3565146,251.22,5.01580810546875,358.97186279296875,-0.04000000283122063,0.0,0,2472.628
2472646751,1,3,397579199,2382,13,0.79,41.6062528,-86.3565098,251.43,5.0834641456604,358.62481689453125,0.04000000283122063,0.0,1,2472.647
2472827715,0,3,397579399,2382,13,0.79,41.606266999999995,-86.35651469999999,251.23000000000002,4.976535797119141,359.1595153808594,-0.006000000052154064,0.0,0,2472.828
2472827795,1,3,397579399,2382,13,0.79,41.6062618,-86.3565101,251.42000000000002,4.898041725158691,358.8184509277344,0.06000000238418579,0.0,1,2472.828
2473027889,0,3,397579599,2382,13,0.79,41.6062759,-86.3565149,251.21,4.859778881072998,358.9742431640625,0.07400000095367432,0.0,0,2473.028
2473027904,1,3,397579599,2382,13,0.79,41.606270599999995,-86.35651039999999,251.39000000000001,4.861177921295166,358.7387390136719,-0.03100000135600567,0.0,1,2473.028
2473227771,0,3,397579799,2382,13,0.79,41.606284599999995,-86.3565151,251.21,4.780814170837402,358.0341491699219,0.03400000184774399,0.0,0,2473.228
2473227815,1,3,397579799,2382,13,0.79,41.606279199999996,-86.3565105,251.38,4.756008625030518,359.8915710449219,-0.010000000707805157,0.0,1,2473.228
2473427815,0,3,397579999,2382,13,0.79,41.606293199999996,-86.3565153,251.20000000000002,4.644199371337891,359.4695129394531,0.020000001415610313,0.0,0,2473.428
2473427828,1,3,397579999,2382,13,0.79,41.606287699999996,-86.3565107,251.35,4.603594779968262,359.0789794921875,-0.05300000309944153,0.0,1,2473.428
2473627838,0,3,397580199,2382,13,0.79,41.6063015,-86.35651539999999,251.20000000000002,4.586343288421631,358.6131896972656,0.1680000126361847,0.0,0,2473.628
2473627852,1,3,397580199,2382,13,0.79,41.6062959,-86.35651089999999,251.32,4.55658483505249,359.08203125,0.014000000432133675,0.0,1,2473.628
2473827785,0,3,397580399,2382,13,0.79,41.606309599999996,-86.3565155,251.18,4.401307106018066,359.32305908203125,0.09600000083446503,0.0,0,2473.828
2473827799,1,3,397580399,2382,13,0.79,41.606304,-86.35651109999999,251.3,4.456064701080322,359.69140625,-0.024000000208616257,0.0,1,2473.828
2474027792,0,3,397580599,2382,13,0.79,41.6063176,-86.3565156,251.13,4.2924628257751465,359.1590576171875,-0.021000001579523087,0.0,0,2474.028
2474027806,1,3,397580599,2382,13,0.79,41.6063118,-86.3565112,251.29,4.2453436851501465,359.27117919921875,-0.006000000052154064,0.0,1,2474.028
2474227710,0,3,397580799,2382,13,0.79,41.6063252,-86.3565156,251.11,4.148148059844971,359.5165710449219,0.052000001072883606,0.0,0,2474.228
2474227724,1,3,397580799,2382,13,0.79,41.606319299999996,-86.3565113,251.3,4.131048679351807,359.72259521484375,0.0,0.0,1,2474.228
2474427701,0,3,397580999,2382,13,0.79,41.606332599999995,-86.3565157,251.1,4.0348334312438965,358.83551025390625,0.164000004529953,0.0,0,2474.428
2474427716,1,3,397580999,2382,13,0.79,41.6063267,-86.3565114,251.28,4.056217670440674,359.4067077636719,-0.0020000000949949026,0.0,1,2474.428
2474627751,0,3,397581199,2382,13,0.79,41.606339999999996,-86.35651589999999,251.04,4.041772365570068,358.8800354003906,-0.004000000189989805,0.0,0,2474.628
2474627766,1,3,397581199,2382,13,0.79,41.606334,-86.35651159999999,251.24,4.020349025726318,359.2446594238281,-0.08000000566244125,0.0,1,2474.628
2474827829,0,3,397581399,2382,13,0.79,41.6063471,-86.35651589999999,251.05,3.9000463485717773,0.27913105487823486,0.026000000536441803,0.0,0,2474.828
2474846810,1,3,397581399,2382,13,0.79,41.6063411,-86.3565117,251.24,3.9490182399749756,359.8258972167969,-0.04500000178813934,0.0,1,2474.847
2475027821,0,3,397581599,2382,13,0.79,41.6063541,-86.3565158,251.04,3.8500022888183594,0.059528056532144547,-0.01600000075995922,0.0,0,2475.028
2475046805,1,3,397581599,2382,13,0.79,41.6063481,-86.3565117,251.20000000000002,3.8080379962921143,0.2557830214500427,0.009000000543892384,0.0,1,2475.047
2475227764,0,3,397581799,2382,13,0.79,41.6063611,-86.3565157,251.03,3.784222364425659,359.37921142578125,0.08400000631809235,0.0,0,2475.228
2475246801,1,3,397581799,2382,13,0.79,41.606355,-86.35651179999999,251.17000000000002,3.814354658126831,359.2188720703125,-0.004000000189989805,0.0,1,2475.247
2475427823,0,3,397581999,2382,13,0.79,41.606367899999995,-86.3565156,251.06,3.7920260429382324,359.7884521484375,-0.04700000211596489,0.0,0,2475.428
2475427837,1,3,397581999,2382,13,0.79,41.606361799999995,-86.356512,251.16,3.7694313526153564,359.1335754394531,-0.05400000140070915,0.0,1,2475.428
2475627737,0,3,397582199,2382,13,0.79,41.606374699999996,-86.35651539999999,251.08,3.7518532276153564,1.2217987775802612,0.024000000208616257,0.0,0,2475.628
2475646840,1,3,397582199,2382,13,0.79,41.606368499999995,-86.35651209999999,251.14000000000001,3.7020437717437744,359.7214050292969,-0.017000000923871994,0.0,1,2475.647
2475827686,0,3,397582399,2382,13,0.79,41.6063814,-86.3565151,251.09,3.650315761566162,0.7534352540969849,0.006000000052154064,0.0,0,2475.828
2475827757,1,3,397582399,2382,13,0.79,41.606375199999995,-86.3565122,251.1,3.7720701694488525,359.650634765625,0.014000000432133675,0.0,1,2475.828
2476027786,0,3,397582599,2382,13,0.79,41.606387999999995,-86.356515,251.12,3.697049140930176,0.29445770382881165,-0.055000003427267075,0.0,0,2476.028
2476027799,1,3,397582599,2382,13,0.79,41.606381999999996,-86.35651229999999,251.09,3.77308988571167,359.60516357421875,-0.003000000026077032,0.0,1,2476.028
2476227751,0,3,397582799,2382,13,0.79,41.6063946,-86.3565149,251.15,3.694091796875,359.59674072265625,-0.11600000411272049,0.0,0,2476.228
2476227766,1,3,397582799,2382,13,0.79,41.6063887,-86.3565124,251.09,3.7620034217834473,0.07615064084529877,-0.0820000022649765,0.0,1,2476.228
2476427816,0,3,397582999,2382,13,0.79,41.6064011,-86.3565148,251.16,3.6330111026763916,0.14193804562091827,-0.010000000707805157,0.0,0,2476.428
2476427830,1,3,397582999,2382,13,0.79,41.6063955,-86.3565124,251.09,3.742013454437256,359.8468933105469,-0.058000002056360245,0.0,1,2476.428
2476627821,0,3,397583199,2382,13,0.79,41.6064077,-86.3565149,251.15,3.7796671390533447,358.92364501953125,-0.02500000037252903,0.0,0,2476.628
2476627835,1,3,397583199,2382,13,0.79,41.6064022,-86.3565125,251.06,3.7560973167419434,359.588134765625,-0.036000002175569534,0.0,1,2476.628
2476827766,0,3,397583399,2382,13,0.79,41.6064144,-86.3565149,251.18,3.6910088062286377,0.12418462336063385,-0.10400000214576721,0.0,0,2476.828
2476827780,1,3,397583399,2382,13,0.79,41.6064089,-86.3565127,251.08,3.712698459625244,358.8887939453125,-0.10000000149011612,0.0,1,2476.828
2477027802,0,3,397583599,2382,13,0.79,41.6064211,-86.356515,251.17000000000002,3.732656478881836,358.9254455566406,-0.1770000010728836,0.0,0,2477.028
2477027818,1,3,397583599,2382,13,0.79,41.6064156,-86.3565129,251.04,3.6876273155212402,358.9433898925781,-0.04700000211596489,0.0,1,2477.028
2477227942,0,3,397583799,2382,13,0.79,41.6064278,-86.35651519999999,251.17000000000002,3.6714744567871094,359.0792236328125,-0.07400000095367432,0.0,0,2477.228
2477227955,1,3,397583799,2382,13,0.79,41.6064222,-86.3565131,251.01000000000002,3.7635788917541504,358.34039306640625,-0.003000000026077032,0.0,1,2477.228
2477427863,0,3,397583999,2382,13,0.79,41.6064345,-86.3565151,251.17000000000002,3.734006643295288,0.10741026699542999,-0.13300000131130219,0.0,0,2477.428
2477446896,1,3,397583999,2382,13,0.79,41.6064289,-86.3565134,251.01000000000002,3.676126718521118,358.58154296875,-0.03400000184774399,0.0,1,2477.447
2477627827,0,3,397584199,2382,13,0.79,41.606441,-86.3565149,251.18,3.6897027492523193,1.118127465248108,-0.05100000277161598,0.0,0,2477.628
2477627841,1,3,397584199,2382,13,0.79,41.606435399999995,-86.3565136,250.98000000000002,3.6390140056610107,359.8425598144531,-0.026000000536441803,0.0,1,2477.628
2477827772,0,3,397584399,2382,13,0.79,41.6064477,-86.3565149,251.19,3.7162926197052,358.4889221191406,0.007000000216066837,0.0,0,2477.828
2477827785,1,3,397584399,2382,13,0.79,41.606442,-86.3565137,250.96,3.688302516937256,358.4774475097656,-0.02800000086426735,0.0,1,2477.828
2478027774,0,3,397584599,2382,13,0.79,41.606454299999996,-86.356515,251.16,3.5454909801483154,359.0465087890625,-0.06000000238418579,0.0,0,2478.028
2478027815,1,3,397584599,2382,13,0.79,41.6064486,-86.3565139,250.95000000000002,3.633291244506836,359.2745666503906,-0.05100000277161598,0.0,1,2478.028
2478227762,0,3,397584799,2382,13,0.79,41.6064608,-86.3565151,251.17000000000002,3.63651180267334,359.0388488769531,-0.06599999964237213,0.0,0,2478.228
2478227798,1,3,397584799,2382,13,0.79,41.6064552,-86.3565141,250.93,3.6440930366516113,359.5911865234375,-0.03100000135600567,0.0,1,2478.228
2478427820,0,3,397584999,2382,13,0.79,41.6064673,-86.35651519999999,251.19,3.607887029647827,358.72943115234375,-0.0690000057220459,0.0,0,2478.428
2478427834,1,3,397584999,2382,13,0.79,41.6064617,-86.35651419999999,250.93,3.67862868309021,358.9408264160156,-0.0820000022649765,0.0,1,2478.428
2478627766,0,3,397585199,2382,13,0.79,41.6064739,-86.3565153,251.23000000000002,3.688148021697998,358.57061767578125,-0.06700000166893005,0.0,0,2478.628
2478627779,1,3,397585199,2382,13,0.79,41.606468199999995,-86.3565144,250.93,3.5724873542785645,359.0537109375,-0.16100001335144043,0.0,1,2478.628
2478827801,0,3,397585399,2382,13,0.79,41.606480399999995,-86.3565155,251.23000000000002,3.483705759048462,358.2070007324219,-0.17100000381469727,0.0,0,2478.828
2478827815,1,3,397585399,2382,13,0.79,41.6064746,-86.3565146,250.95000000000002,3.5392494201660156,359.320068359375,-0.1380000114440918,0.0,1,2478.828
2479027829,0,3,397585599,2382,13,0.79,41.6064866,-86.3565155,251.27,3.460000991821289,359.9668884277344,-0.09300000220537186,0.0,0,2479.028
2479027843,1,3,397585599,2382,13,0.79,41.6064809,-86.35651469999999,250.93,3.469001531600952,0.049549516290426254,-0.09700000286102295,0.0,1,2479.028
2479227730,0,3,397585799,2382,13,0.79,41.6064928,-86.35651539999999,251.31,3.445009469985962,359.866943359375,-0.023000001907348633,0.0,0,2479.228
2479227753,1,3,397585799,2382,13,0.79,41.606487,-86.35651469999999,250.94,3.4260528087615967,0.31774917244911194,-0.05700000375509262,0.0,1,2479.228
2479427777,0,3,397585999,2382,13,0.79,41.6064989,-86.3565153,251.34,3.3420040607452393,359.9142761230469,0.036000002175569534,0.0,0,2479.428
2479446808,1,3,397585999,2382,13,0.79,41.6064931,-86.3565146,250.93,3.3413593769073486,0.8402549624443054,-0.01900000125169754,0.0,1,2479.447
2479627786,0,3,397586199,2382,13,0.79,41.606504799999996,-86.3565153,251.33,3.2281687259674072,359.4142761230469,-0.013000000268220901,0.0,0,2479.628
2479627828,1,3,397586199,2382,13,0.79,41.606499,-86.35651469999999,250.91,3.2473607063293457,358.34124755859375,-0.07700000703334808,0.0,1,2479.628
2479827784,0,3,397586399,2382,13,0.79,41.6065104,-86.3565151,251.33,3.0844554901123047,0.9845581650733948,-0.07800000160932541,0.0,0,2479.828
2479827798,1,3,397586399,2382,13,0.79,41.6065046,-86.3565149,250.86,3.0710015296936035,0.05597110092639923,-0.05900000408291817,0.0,1,2479.828
2480027803,0,3,397586599,2382,13,0.79,41.6065158,-86.3565151,251.36,2.9936952590942383,357.5686340332031,-0.0010000000474974513,0.0,0,2480.028
2480027817,1,3,397586599,2382,13,0.79,41.60651,-86.3565149,250.89000000000001,2.9530489444732666,359.670166015625,-0.07800000160932541,0.0,1,2480.028
2480227718,0,3,397586799,2382,13,0.79,41.6065209,-86.3565151,251.41,2.724520206451416,358.0859375,-0.04400000348687172,0.0,0,2480.228
2480227801,1,3,397586799,2382,13,0.79,41.606515099999996,-86.356515,250.88,2.768162727355957,359.3790588378906,-0.09400000423192978,0.0,1,2480.228
2480427742,0,3,397586999,2382,13,0.79,41.6065257,-86.35651519999999,251.42000000000002,2.6136438846588135,358.7284240722656,-0.032999999821186066,0.0,0,2480.428
2480427755,1,3,397586999,2382,13,0.79,41.606519899999995,-86.356515,250.88,2.59212064743042,0.5526041388511658,-0.04500000178813934,0.0,1,2480.428
2480627769,0,3,397587199,2382,13,0.79,41.6065301,-86.35651519999999,251.44,2.386462926864624,358.87152099609375,-0.06200000271201134,0.0,0,2480.628
2480627782,1,3,397587199,2382,13,0.79,41.6065243,-86.356515,250.87,2.362950325012207,358.37518310546875,-0.13100001215934753,0.0,1,2480.628
2480827820,0,3,397587399,2382,13,0.79,41.6065341,-86.35651519999999,251.46,2.0741631984710693,359.2817687988281,0.04700000211596489,0.0,0,2480.828
2480827850,1,3,397587399,2382,13,0.79,41.606528399999995,-86.3565151,250.84,2.1912195682525635,359.18939208984375,-0.12800000607967377,0.0,1,2480.828
2481027740,0,3,397587599,2382,13,0.79,41.6065377,-86.3565151,251.49,1.8752732276916504,0.9777530431747437,-0.09200000762939453,0.0,0,2481.028
2481027754,1,3,397587599,2382,13,0.79,41.606532099999995,-86.3565151,250.86,1.9375461339950562,358.63958740234375,-0.16900001466274261,0.0,1,2481.028
2481227797,0,3,397587799,2382,13,0.79,41.6065408,-86.3565151,251.51000000000002,1.5470013618469238,359.9259338378906,-0.15200001001358032,0.0,0,2481.228
2481227810,1,3,397587799,2382,13,0.79,41.606535199999996,-86.35651519999999,250.83,1.6100153923034668,359.7508850097656,-0.11500000208616257,0.0,1,2481.228
2481427867,0,3,397587999,2382,13,0.79,41.6065433,-86.356515,251.52,1.2990466356277466,359.51483154296875,-0.09000000357627869,0.0,0,2481.428
2481427880,1,3,397587999,2382,13,0.79,41.6065378,-86.3565151,250.82,1.310013771057129,0.26242154836654663,-0.0560000017285347,0.0,1,2481.428
2481627791,0,3,397588199,2382,13,0.79,41.606545499999996,-86.3565149,251.54,1.0223307609558105,358.5426940917969,-0.10600000619888306,0.0,0,2481.628
2481627819,1,3,397588199,2382,13,0.79,41.6065399,-86.3565151,250.83,1.0133085250854492,358.5862731933594,-0.125,0.0,1,2481.628
2481827683,0,3,397588399,2382,13,0.79,41.606547,-86.3565148,251.58,0.6272304654121399,1.5530935525894165,-0.19300000369548798,0.0,0,2481.828
2481827699,1,3,397588399,2382,13,0.79,41.6065414,-86.3565151,250.84,0.7671277523040771,1.0456998348236084,-0.09700000286102295,0.0,1,2481.828
2482027727,0,3,397588599,2382,13,0.79,41.606548,-86.3565146,251.68,0.5265472531318665,357.3875427246094,-0.10100000351667404,0.0,0,2482.028
2482027741,1,3,397588599,2382,13,0.79,41.606542499999996,-86.356515,250.84,0.5055848360061646,4.5377726554870605,-0.16200000047683716,0.0,1,2482.028
2482227685,0,3,397588799,2382,13,0.79,41.6065488,-86.3565144,251.74,0.3666742444038391,5.477368354797363,-0.2150000035762787,0.0,0,2482.228
2482227701,1,3,397588799,2382,13,0.79,41.6065433,-86.356515,250.85,0.35350388288497925,353.1765441894531,-0.1860000044107437,0.0,1,2482.228
2482427689,0,3,397588999,2382,13,0.79,41.6065495,-86.3565144,251.76000000000002,0.2920222580432892,348.34375,-0.10400000214576721,0.0,0,2482.428
2482427702,1,3,397588999,2382,13,0.79,41.6065438,-86.3565151,250.86,0.24146635830402374,356.4384765625,-0.25,0.0,1,2482.428
2482627816,0,3,397589199,2382,13,0.79,41.60655,-86.35651419999999,251.83,0.22856073081493378,4.0141754150390625,-0.16700001060962677,0.0,0,2482.628
2482627833,1,3,397589199,2382,13,0.79,41.6065441,-86.35651519999999,250.88,0.15861904621124268,354.9363708496094,-0.26900002360343933,0.0,1,2482.628
2482827832,0,3,397589399,2382,13,0.79,41.606550399999996,-86.3565143,251.83,0.14840823411941528,339.4891357421875,-0.1860000044107437,0.0,0,2482.828
2482827845,1,3,397589399,2382,13,0.79,41.606544199999995,-86.35651519999999,250.89000000000001,0.04242640733718872,315.0,-0.21300001442432404,0.0,1,2482.828
2483027777,0,3,397589599,2382,13,0.79,41.6065505,-86.3565143,251.87,0.032557640224695206,222.5104522705078,-0.19300000369548798,0.0,0,2483.028
2483027790,1,3,397589599,2382,13,0.79,41.606544199999995,-86.3565153,250.92000000000002,0.0070710680447518826,261.8699035644531,-0.18200001120567322,0.0,1,2483.028
2483227772,0,3,397589799,2382,13,0.79,41.606550399999996,-86.3565145,251.89000000000001,0.10501905530691147,268.9087829589844,-0.20500001311302185,0.0,0,2483.228
2483227813,1,3,397589799,2382,13,0.79,41.606544199999995,-86.35651539999999,250.94,0.03544009104371071,286.3895568847656,-0.24700000882148743,0.0,1,2483.228
2483427727,0,3,397589999,2382,13,0.79,41.606550399999996,-86.3565146,251.88,0.00824621133506298,255.96377563476562,-0.1510000079870224,0.0,0,2483.428
2483427740,1,3,397589999,2382,13,0.79,41.606544199999995,-86.3565155,250.98000000000002,0.06920260936021805,307.3666687011719,-0.10100000351667404,0.0,1,2483.428
2483627701,0,3,397590199,2382,13,0.79,41.606550399999996,-86.3565146,251.86,0.07273238897323608,71.56504821777344,0.04200000315904617,0.0,0,2483.628
2483627761,1,3,397590199,2382,13,0.79,41.606544199999995,-86.3565156,250.99,0.06511528789997101,312.51043701171875,-0.05000000074505806,0.0,1,2483.628
2483827757,0,3,397590399,2382,13,0.79,41.6065505,-86.3565146,251.85,0.04609772190451622,347.47119140625,0.036000002175569534,0.0,0,2483.828
2483827792,1,3,397590399,2382,13,0.79,41.606544299999996,-86.3565157,250.97,0.08492938429117203,347.7638854980469,-0.04500000178813934,0.0,1,2483.828
2484027770,0,3,397590599,2382,13,0.79,41.6065508,-86.35651469999999,251.82,0.22410935163497925,1.7899105548858643,0.0650000050663948,0.0,0,2484.028
2484027783,1,3,397590599,2382,13,0.79,41.6065445,-86.3565157,250.97,0.11332255601882935,15.875946044921875,-0.07800000160932541,0.0,1,2484.028
2484227748,0,3,397590799,2382,13,0.79,41.6065511,-86.35651469999999,251.78,0.10066280514001846,13.207927703857422,0.08800000697374344,0.0,0,2484.228
2484227761,1,3,397590799,2382,13,0.79,41.6065447,-86.3565156,250.98000000000002,0.14847560226917267,10.477422714233398,-0.1420000046491623,0.0,1,2484.228
2484427835,0,3,397590999,2382,13,0.79,41.6065513,-86.3565146,251.74,0.23493191599845886,9.061378479003906,-0.012000000104308128,0.0,0,2484.428
2484427849,1,3,397590999,2382,13,0.79,41.606544899999996,-86.3565155,250.97,0.15572412312030792,31.342357635498047,-0.03100000135600567,0.0,1,2484.428
2484627771,0,3,397591199,2382,13,0.79,41.6065517,-86.3565144,251.74,0.2746124863624573,27.31153106689453,0.02800000086426735,0.0,0,2484.628
2484627784,1,3,397591199,2382,13,0.79,41.6065451,-86.3565153,250.93,0.18181860446929932,36.050540924072266,-0.03800000250339508,0.0,1,2484.628
2484827800,0,3,397591399,2382,13,0.79,41.606552,-86.3565139,251.74,0.22871161997318268,48.01278305053711,0.10400000214576721,0.0,0,2484.828
2484827814,1,3,397591399,2382,13,0.79,41.6065453,-86.356515,250.91,0.20576687157154083,62.1895866394043,-0.012000000104308128,0.0,1,2484.828
2485027735,0,3,397591599,2382,13,0.79,41.6065523,-86.3565133,251.71,0.33421552181243896,51.07245635986328,0.04000000283122063,0.0,0,2485.028
2485027755,1,3,397591599,2382,13,0.79,41.6065456,-86.3565145,250.87,0.34484347701072693,62.54325485229492,0.06200000271201134,0.0,1,2485.028
2485227780,0,3,397591799,2382,13,0.79,41.6065526,-86.3565124,251.71,0.45396146178245544,66.0887680053711,0.10100000351667404,0.0,0,2485.228
2485227793,1,3,397591799,2382,13,0.79,41.6065458,-86.3565137,250.84,0.39032551646232605,72.8648910522461,-0.06000000238418579,0.0,1,2485.228
2485427731,0,3,397591999,2382,13,0.79,41.6065529,-86.3565112,251.70000000000002,0.48347288370132446,64.12394714355469,0.09200000762939453,0.0,0,2485.428
2485427744,1,3,397591999,2382,13,0.79,41.606546099999996,-86.35651279999999,250.77,0.4820809066295624,72.9933853149414,0.1420000046491623,0.0,1,2485.428
2485627901,0,3,397592199,2382,13,0.79,41.6065532,-86.35650969999999,251.68,0.7083784341812134,71.0534896850586,0.1080000028014183,0.0,0,2485.628
2485646783,1,3,397592199,2382,13,0.79,41.6065462,-86.3565114,250.75,0.6741899251937866,88.6401138305664,-0.039000000804662704,0.0,1,2485.647
2485827723,0,3,397592399,2382,13,0.79,41.6065535,-86.3565076,251.64000000000001,1.017339825630188,80.03768920898438,0.11800000816583633,0.0,0,2485.828
2485827736,1,3,397592399,2382,13,0.79,41.6065463,-86.3565095,250.70000000000002,0.9271936416625977,83.93276977539062,0.10500000417232513,0.0,1,2485.828
2486027803,0,3,397592599,2382,13,0.79,41.6065536,-86.3565047,251.62,1.2359243631362915,81.39128875732422,0.10300000756978989,0.0,0,2486.028
2486027816,1,3,397592599,2382,13,0.79,41.6065464,-86.3565071,250.67000000000002,1.1451362371444702,87.4474105834961,0.010000000707805157,0.0,1,2486.028
2486227863,0,3,397592799,2382,13,0.79,41.6065538,-86.3565016,251.56,1.3919960260391235,83.48252868652344,0.08300000429153442,0.0,0,2486.228
2486227877,1,3,397592799,2382,13,0.79,41.6065465,-86.356504,250.62,1.4775199890136719,87.40095520019531,0.09200000762939453,0.0,1,2486.228
2486427778,0,3,397592999,2382,13,0.79,41.6065537,-86.3564976,251.59,1.9246759414672852,91.51838684082031,0.029000001028180122,0.0,0,2486.428
2486427791,1,3,397592999,2382,13,0.79,41.606546699999996,-86.3565003,250.59,1.673095941543579,85.9900131225586,0.11000000685453415,0.0,1,2486.428
2486627753,0,3,397593199,2382,13,0.79,41.6065537,-86.35649269999999,251.58,2.037139892578125,84.281005859375,0.032999999821186066,0.0,0,2486.628
2486627766,1,3,397593199,2382,13,0.79,41.6065468,-86.3564961,250.56,1.9160361289978027,88.1157455444336,-0.07800000160932541,0.0,1,2486.628
2486827677,0,3,397593399,2382,13,0.79,41.6065539,-86.3564876,251.55,2.1920766830444336,85.08007049560547,-0.0020000000949949026,0.0,0,2486.828
2486827694,1,3,397593399,2382,13,0.79,41.606547,-86.3564913,250.52,2.136082649230957,86.45712280273438,-0.024000000208616257,0.0,1,2486.828
2487027766,0,3,397593599,2382,13,0.79,41.6065541,-86.356482,251.52,2.414228677749634,84.72391510009766,0.013000000268220901,0.0,0,2487.028
2487027843,1,3,397593599,2382,13,0.79,41.606547299999995,-86.3564861,250.46,2.2887768745422363,85.58977508544922,0.06000000238418579,0.0,1,2487.028
2487227758,0,3,397593799,2382,13,0.79,41.6065544,-86.3564761,251.48000000000002,2.4454145431518555,84.46192169189453,0.06200000271201134,0.0,0,2487.228
2487227772,1,3,397593799,2382,13,0.79,41.6065477,-86.35648049999999,250.43,2.497939348220825,85.43064880371094,0.06000000238418579,0.0,1,2487.228
2487427765,0,3,397593999,2382,13,0.79,41.6065547,-86.3564699,251.44,2.7171812057495117,85.0384750366211,0.026000000536441803,0.0,0,2487.428
2487427779,1,3,397593999,2382,13,0.79,41.6065481,-86.3564744,250.39000000000001,2.6266393661499023,84.6041259765625,-0.0010000000474974513,0.0,1,2487.428
2487627810,0,3,397594199,2382,13,0.79,41.6065549,-86.3564631,251.41,2.8878045082092285,86.36672973632812,0.1380000114440918,0.0,0,2487.628
2487627824,1,3,397594199,2382,13,0.79,41.606548499999995,-86.35646799999999,250.37,2.783015251159668,86.5597915649414,0.0820000022649765,0.0,1,2487.628
2487827802,0,3,397594399,2382,13,0.79,41.6065553,-86.3564561,251.36,2.9471051692962646,84.19654846191406,0.05900000408291817,0.0,0,2487.828
2487827816,1,3,397594399,2382,13,0.79,41.6065488,-86.35646129999999,250.31,2.8582491874694824,85.6458740234375,0.1120000034570694,0.0,1,2487.828
2488027818,0,3,397594599,2382,13,0.79,41.6065557,-86.3564487,251.31,3.195949077606201,85.71128845214844,0.11800000816583633,0.0,0,2488.028
2488027832,1,3,397594599,2382,13,0.79,41.606549199999996,-86.3564542,250.28,3.125746965408325,87.19434356689453,0.0990000069141388,0.0,1,2488.028
2488227744,0,3,397594799,2382,13,0.79,41.6065559,-86.3564407,251.27,3.401087522506714,88.55105590820312,0.1510000079870224,0.0,0,2488.228
2488227758,1,3,397594799,2382,13,0.79,41.6065494,-86.35644669999999,250.24,3.1840052604675293,88.56025695800781,0.026000000536441803,0.0,1,2488.228
2488427798,0,3,397594999,2382,13,0.79,41.606555799999995,-86.3564323,251.34,3.4492321014404297,89.33553314208984,0.11600000411272049,0.0,0,2488.428
2488427811,1,3,397594999,2382,13,0.79,41.606549699999995,-86.3564391,250.21,3.1955788135528564,86.93255615234375,0.07800000160932541,0.0,1,2488.428
2488627747,0,3,397595199,2382,13,0.79,41.606555799999995,-86.35642399999999,251.24,3.5471932888031006,89.40234375,0.11700000613927841,0.0,0,2488.628
2488627824,1,3,397595199,2382,13,0.79,41.60655,-86.3564312,250.14000000000001,3.4578442573547363,87.2981185913086,0.1290000081062317,0.0,1,2488.628
2488827755,0,3,397595399,2382,13,0.79,41.606555799999995,-86.3564152,251.25,3.653838872909546,87.74134826660156,0.01100000087171793,0.0,0,2488.828
2488827769,1,3,397595399,2382,13,0.79,41.6065502,-86.35642279999999,250.09,3.6320035457611084,89.92111206054688,0.11900000274181366,0.0,1,2488.828
2489027817,0,3,397595599,2382,13,0.79,41.6065559,-86.3564061,251.22,3.882793664932251,88.25847625732422,0.0010000000474974513,0.0,0,2489.028
2489027855,1,3,397595599,2382,13,0.79,41.606550299999995,-86.3564141,250.07,3.6459102630615234,88.14529418945312,0.08000000566244125,0.0,1,2489.028
2489227759,0,3,397595799,2382,13,0.79,41.606556,-86.3563968,251.22,3.8030288219451904,87.36254119873047,0.005000000353902578,0.0,0,2489.228
2489227801,1,3,397595799,2382,13,0.79,41.6065506,-86.3564052,250.02,3.781296491622925,88.4997329711914,0.11900000274181366,0.0,1,2489.228
2489427787,0,3,397595999,2382,13,0.79,41.6065562,-86.3563874,251.11,4.0017008781433105,87.8947982788086,0.13100001215934753,0.0,0,2489.428
2489427801,1,3,397595999,2382,13,0.79,41.6065508,-86.3563961,249.97,3.8774192333221436,89.15768432617188,0.08400000631809235,0.0,1,2489.428
2489627812,0,3,397596199,2382,13,0.79,41.606556399999995,-86.35637779999999,251.05,3.9963130950927734,87.04522705078125,0.1600000113248825,0.0,0,2489.628
2489627825,1,3,397596199,2382,13,0.79,41.606550999999996,-86.3563866,249.9,4.043579578399658,88.39862823486328,0.15900000929832458,0.0,1,2489.628
2489827960,0,3,397596399,2382,13,0.79,41.606556399999995,-86.35636799999999,251.05,4.048676490783691,88.95271301269531,0.14400000870227814,0.0,0,2489.828
2489827974,1,3,397596399,2382,13,0.79,41.6065513,-86.3563769,249.83,4.04428768157959,88.07290649414062,0.15700000524520874,0.0,1,2489.828
2490027712,0,3,397596599,2382,13,0.79,41.606556399999995,-86.3563581,251.03,4.150085926055908,87.79049682617188,0.20900000631809235,0.0,0,2490.028
2490027726,1,3,397596599,2382,13,0.79,41.606551599999996,-86.3563671,249.78,4.156940460205078,88.24925994873047,0.16900001466274261,0.0,1,2490.028
2490227751,0,3,397596799,2382,13,0.79,41.606556399999995,-86.3563477,251.01000000000002,4.278805255889893,88.88850402832031,0.26200002431869507,0.0,0,2490.228
2490227765,1,3,397596799,2382,13,0.79,41.6065519,-86.35635719999999,249.74,4.074270248413086,88.08709716796875,0.1300000101327896,0.0,1,2490.228
2490427750,0,3,397596999,2382,13,0.79,41.6065563,-86.35633729999999,250.99,4.315253734588623,88.61900329589844,0.1210000067949295,0.0,0,2490.428
2490427763,1,3,397596999,2382,13,0.79,41.606552099999995,-86.3563472,249.66,4.275885105133057,88.83413696289062,0.1900000125169754,0.0,1,2490.428
2490627806,0,3,397597199,2382,13,0.79,41.6065562,-86.3563266,250.97,4.42400598526001,90.09064483642578,0.2760000228881836,0.0,0,2490.628
2490627844,1,3,397597199,2382,13,0.79,41.6065524,-86.3563369,249.63,4.293621063232422,87.9979248046875,0.17100000381469727,0.0,1,2490.628
2490827788,0,3,397597399,2382,13,0.79,41.6065562,-86.35631599999999,250.99,4.377313137054443,86.92253875732422,0.13900001347064972,0.0,0,2490.828
2490827801,1,3,397597399,2382,13,0.79,41.6065526,-86.3563264,249.61,4.465458869934082,89.17878723144531,0.2120000123977661,0.0,1,2490.828
2491027767,0,3,397597599,2382,13,0.79,41.606556399999995,-86.3563052,250.96,4.588318347930908,89.32566833496094,0.2600000202655792,0.0,0,2491.028
2491027824,1,3,397597599,2382,13,0.79,41.606552799999996,-86.3563157,249.54,4.439676761627197,88.42533874511719,0.22300000488758087,0.0,1,2491.028
2491227781,0,3,397597799,2382,13,0.79,41.606556499999996,-86.35629449999999,250.94,4.277867317199707,87.26667785644531,0.1290000081062317,0.0,0,2491.228
2491227795,1,3,397597799,2382,13,0.79,41.606553,-86.3563051,249.45000000000002,4.445022106170654,89.81953430175781,0.24000000953674316,0.0,1,2491.228
2491427663,0,3,397597999,2382,13,0.79,41.6065567,-86.356284,250.92000000000002,4.4715800285339355,89.077392578125,0.281000018119812,0.0,0,2491.428
2491427739,1,3,397597999,2382,13,0.79,41.6065532,-86.3562944,249.42000000000002,4.476078987121582,87.8746337890625,0.19700001180171967,0.0,1,2491.428
2491627823,0,3,397598199,2382,13,0.79,41.6065567,-86.35627339999999,250.84,4.322275638580322,88.60798645019531,0.445000022649765,0.0,0,2491.628
2491627837,1,3,397598199,2382,13,0.79,41.606553399999996,-86.35628369999999,249.35,4.425108909606934,89.5986099243164,0.2590000033378601,0.0,1,2491.628
2491827739,0,3,397598399,2382,13,0.79,41.6065569,-86.3562633,250.76000000000002,4.0508222579956055,86.67423248291016,0.2550000250339508,0.0,0,2491.828
2491827752,1,3,397598399,2382,13,0.79,41.6065537,-86.356273,249.23000000000002,4.541237831115723,88.6624984741211,0.28700000047683716,0.0,1,2491.828
2492027792,0,3,397598599,2382,13,0.79,41.6065573,-86.35625309999999,250.70000000000002,4.421414852142334,83.97606658935547,0.23100000619888306,0.0,0,2492.028
2492027806,1,3,397598599,2382,13,0.79,41.606553999999996,-86.3562626,249.14000000000001,4.195693016052246,87.59586334228516,0.4480000138282776,0.0,1,2492.028
2492227778,0,3,397598799,2382,13,0.79,41.606557599999995,-86.3562426,250.72,4.275012016296387,88.75347137451172,0.4230000078678131,0.0,0,2492.228
2492227792,1,3,397598799,2382,13,0.79,41.6065544,-86.3562527,249.01000000000002,4.0348405838012695,87.49995422363281,0.41600000858306885,0.0,1,2492.228
2492427793,0,3,397598999,2382,13,0.79,41.6065578,-86.3562326,250.63,4.054593563079834,87.95055389404297,0.4090000092983246,0.0,0,2492.428
2492427807,1,3,397598999,2382,13,0.79,41.6065549,-86.35624279999999,248.9,4.261838436126709,87.0006332397461,0.40400001406669617,0.0,1,2492.428
2492627790,0,3,397599199,2382,13,0.79,41.606558,-86.3562228,250.52,4.047361850738525,88.51341247558594,0.6040000319480896,0.0,0,2492.628
2492627817,1,3,397599199,2382,13,0.79,41.6065555,-86.3562329,248.74,4.055098056793213,85.57311248779297,0.48900002241134644,0.0,1,2492.628
2492827794,0,3,397599399,2382,13,0.79,41.6065581,-86.3562132,250.37,3.978221893310547,89.39508056640625,0.5820000171661377,0.0,0,2492.828
2492827808,1,3,397599399,2382,13,0.79,41.6065561,-86.3562233,248.58,3.9765896797180176,87.24695587158203,0.6210000514984131,0.0,1,2492.828
2493027781,0,3,397599599,2382,13,0.79,41.6065584,-86.3562037,250.17000000000002,4.047915935516357,87.47969818115234,0.492000013589859,0.0,0,2493.028
2493027794,1,3,397599599,2382,13,0.79,41.606556499999996,-86.3562135,248.43,4.137457370758057,87.3402099609375,0.6360000371932983,0.0,1,2493.028
2493227740,0,3,397599799,2382,13,0.79,41.606558799999995,-86.35619419999999,250.03,3.855930805206299,84.95623779296875,0.6080000400543213,0.0,0,2493.228
2493227753,1,3,397599799,2382,13,0.79,41.606556999999995,-86.3562038,248.25,3.9393789768218994,86.49261474609375,0.6970000267028809,0.0,1,2493.228
2493429628,0,3,397599999,2382,13,0.79,41.606559399999995,-86.35618509999999,249.88,3.7402594089508057,85.5531234741211,0.48900002241134644,0.0,0,2493.43
2493429642,1,3,397599999,2382,13,0.79,41.6065575,-86.3561945,248.1,3.8936874866485596,87.18829345703125,0.6110000014305115,0.0,1,2493.43
2493629842,0,3,397600199,2382,13,0.79,41.6065598,-86.3561764,249.74,3.587239980697632,86.11579895019531,0.656000018119812,0.0,0,2493.63
2493629857,1,3,397600199,2382,13,0.79,41.6065579,-86.35618509999999,247.95000000000002,3.9094841480255127,86.9648666381836,0.6820000410079956,0.0,1,2493.63
2493829718,0,3,397600399,2382,13,0.79,41.606560099999996,-86.3561677,249.57,3.715381383895874,87.94853210449219,0.7550000548362732,0.0,0,2493.83
2493829734,1,3,397600399,2382,13,0.79,41.6065584,-86.3561758,247.77,3.810210704803467,86.2379379272461,0.7450000643730164,0.0,1,2493.83
2494029730,0,3,397600599,2382,13,0.79,41.6065603,-86.3561587,249.34,3.807589530944824,88.99173736572266,0.7160000205039978,0.0,0,2494.03
2494029775,1,3,397600599,2382,13,0.79,41.6065587,-86.35616689999999,247.64000000000001,3.612560987472534,87.8425064086914,0.7210000157356262,0.0,1,2494.03
2494229768,0,3,397600799,2382,13,0.79,41.6065604,-86.35615,249.16,3.545865535736084,88.14144134521484,0.7700000405311584,0.0,0,2494.23
2494229782,1,3,397600799,2382,13,0.79,41.606559,-86.3561586,247.51000000000002,3.3572540283203125,87.90037536621094,0.6160000562667847,0.0,1,2494.23
2494429803,0,3,397600999,2382,13,0.79,41.6065605,-86.35614199999999,249.05,3.1848721504211426,87.17442321777344,0.4790000319480896,0.0,0,2494.43
2494429835,1,3,397600999,2382,13,0.79,41.6065592,-86.3561507,247.39000000000001,3.1977672576904297,87.61628723144531,0.6240000128746033,0.0,1,2494.43
2494629789,0,3,397601199,2382,13,0.79,41.6065608,-86.3561347,248.94,2.996532440185547,86.51788330078125,0.5290000438690186,0.0,0,2494.63
2494629838,1,3,397601199,2382,13,0.79,41.606559499999996,-86.35614319999999,247.25,3.108224630355835,87.01239776611328,0.5120000243186951,0.0,1,2494.63
2494829805,0,3,397601399,2382,13,0.79,41.6065611,-86.356128,248.77,2.749164342880249,86.162353515625,0.5049999952316284,0.0,0,2494.83
2494829821,1,3,397601399,2382,13,0.79,41.6065599,-86.35613579999999,247.1,3.0064353942871094,85.45950317382812,0.5690000057220459,0.0,1,2494.83
2495029816,0,3,397601599,2382,13,0.79,41.6065615,-86.3561218,248.66,2.593759059906006,83.29145050048828,0.3660000264644623,0.0,0,2495.03
2495029831,1,3,397601599,2382,13,0.79,41.6065604,-86.356129,246.99,2.6736679077148438,84.20410919189453,0.45600003004074097,0.0,1,2495.03
2495229801,0,3,397601799,2382,13,0.79,41.606562,-86.3561161,248.59,2.1885671615600586,82.33269500732422,0.2840000092983246,0.0,0,2495.23
2495229819,1,3,397601799,2382,13,0.79,41.6065608,-86.3561232,246.89000000000001,2.1830623149871826,83.26563262939453,0.39100003242492676,0.0,1,2495.23
2495429780,0,3,397601999,2382,13,0.79,41.6065627,-86.3561113,248.48000000000002,2.0085620880126953,77.37527465820312,0.20000000298023224,0.0,0,2495.43
2495429794,1,3,397601999,2382,13,0.79,41.606561299999996,-86.356118,246.79,2.0915839672088623,84.5129165649414,0.3370000123977661,0.0,1,2495.43
2495629868,0,3,397602199,2382,13,0.79,41.6065633,-86.3561071,248.4,1.6706206798553467,81.67103576660156,0.289000004529953,0.0,0,2495.63
2495649636,1,3,397602199,2382,13,0.79,41.606561899999996,-86.35611349999999,246.71,1.7320184707641602,77.05496978759766,0.17100000381469727,0.0,1,2495.65
2495829775,0,3,397602399,2382,13,0.79,41.606563699999995,-86.35610369999999,248.3,1.2834628820419312,80.53767395019531,0.02200000174343586,0.0,0,2495.83
2495829836,1,3,397602399,2382,13,0.79,41.6065624,-86.3561098,246.66,1.3661925792694092,85.00300598144531,-0.027000000700354576,0.0,1,2495.83
2496029788,0,3,397602599,2382,13,0.79,41.606564,-86.35610109999999,248.3,1.092139720916748,85.00980377197266,-0.0860000029206276,0.0,0,2496.03
2496029839,1,3,397602599,2382,13,0.79,41.6065627,-86.356107,246.66,1.0391660928726196,80.52861022949219,-0.11800000816583633,0.0,1,2496.03
2496229805,0,3,397602799,2382,13,0.79,41.6065642,-86.356099,248.29,0.8035123348236084,77.34744262695312,-0.2580000162124634,0.0,0,2496.23
2496229828,1,3,397602799,2382,13,0.79,41.606563,-86.3561048,246.67000000000002,0.7886406183242798,80.14352416992188,-0.17400000989437103,0.0,1,2496.23
2496429770,0,3,397602999,2382,13,0.79,41.606564399999996,-86.35609749999999,248.33,0.6219276785850525,80.28020477294922,-0.2370000183582306,0.0,0,2496.43
2496429786,1,3,397602999,2382,13,0.79,41.6065632,-86.35610319999999,246.69,0.6327242851257324,79.43596649169922,-0.2510000169277191,0.0,1,2496.43
2496629677,0,3,397603199,2382,13,0.79,41.6065646,-86.3560964,248.33,0.49077287316322327,79.78913116455078,-0.18400001525878906,0.0,0,2496.63
2496629690,1,3,397603199,2382,13,0.79,41.6065633,-86.3561019,246.72,0.4590185284614563,84.624755859375,-0.18400001525878906,0.0,1,2496.63
2496829820,0,3,397603399,2382,13,0.79,41.6065647,-86.3560955,248.33,0.3358467221260071,74.10147094726562,-0.17500001192092896,0.0,0,2496.83
2496829835,1,3,397603399,2382,13,0.79,41.6065634,-86.3561009,246.72,0.350365549325943,87.38258361816406,-0.21300001442432404,0.0,1,2496.83
2497029821,0,3,397603599,2382,13,0.79,41.6065648,-86.3560948,248.35,0.22663849592208862,85.69823455810547,-0.15900000929832458,0.0,0,2497.03
2497029835,1,3,397603599,2382,13,0.79,41.6065635,-86.3561002,246.74,0.18429596722126007,80.9465560913086,-0.18200001120567322,0.0,1,2497.03
2497229836,0,3,397603799,2382,13,0.79,41.6065647,-86.3560945,248.37,0.09904040396213531,106.42217254638672,-0.1810000091791153,0.0,0,2497.23
2497229852,1,3,397603799,2382,13,0.79,41.6065636,-86.3560998,246.75,0.18496757745742798,79.72285461425781,-0.1550000011920929,0.0,1,2497.23
2497429781,0,3,397603999,2382,13,0.79,41.6065646,-86.3560945,248.41,0.056293874979019165,102.3080062866211,0.012000000104308128,0.0,0,2497.43
2497429796,1,3,397603999,2382,13,0.79,41.6065636,-86.35609939999999,246.76000000000002,0.13548432290554047,81.51104736328125,-0.17800000309944153,0.0,1,2497.43
2497629802,0,3,397604199,2382,13,0.79,41.606564399999996,-86.3560947,248.48000000000002,0.0655209943652153,74.05460357666016,-0.0950000062584877,0.0,0,2497.63
2497629818,1,3,397604199,2382,13,0.79,41.606563699999995,-86.3560992,246.76000000000002,0.041880782693624496,123.31063079833984,-0.08900000154972076,0.0,1,2497.63
2497829810,0,3,397604399,2382,13,0.79,41.6065642,-86.356095,248.61,0.05941380560398102,96.76616668701172,-0.15200001001358032,0.0,0,2497.83
2497829825,1,3,397604399,2382,13,0.79,41.6065636,-86.3560991,246.77,0.04522167518734932,144.9041748046875,-0.14600001275539398,0.0,1,2497.83
2498029809,0,3,397604599,2382,13,0.79,41.6065642,-86.3560954,248.69,0.1925097554922104,330.7719421386719,-0.16600000858306885,0.0,0,2498.03
2498029823,1,3,397604599,2382,13,0.79,41.6065636,-86.3560992,246.77,0.0510392040014267,267.7542724609375,-0.09000000357627869,0.0,1,2498.03
2498229828,0,3,397604799,2382,13,0.79,41.606564299999995,-86.356096,248.82,0.08902247250080109,1.2873289585113525,-0.16100001335144043,0.0,0,2498.23
2498229843,1,3,397604799,2382,13,0.79,41.606563699999995,-86.35609939999999,246.78,0.067119300365448,294.6559143066406,-0.11300000548362732,0.0,1,2498.23
2498429643,0,3,397604999,2382,13,0.79,41.606564299999995,-86.3560964,248.9,0.08761849999427795,308.04705810546875,-0.08800000697374344,0.0,0,2498.43
2498429675,1,3,397604999,2382,13,0.79,41.606563699999995,-86.3560996,246.79,0.06902898102998734,271.6602783203125,-0.13500000536441803,0.0,1,2498.43
2498629744,0,3,397605199,2382,13,0.79,41.6065641,-86.3560969,248.99,0.08714356273412704,266.71075439453125,-0.13700000941753387,0.0,0,2498.63
2498629759,1,3,397605199,2382,13,0.79,41.606563699999995,-86.3560998,246.81,0.11449455469846725,295.8936462402344,-0.19500000774860382,0.0,1,2498.63
2498829830,0,3,397605399,2382,13,0.79,41.6065639,-86.3560972,249.08,0.04700000211596489,270.0,-0.20200000703334808,0.0,0,2498.83
2498829845,1,3,397605399,2382,13,0.79,41.606563799999996,-86.35610009999999,246.85,0.14176742732524872,310.9958190917969,-0.13300000131130219,0.0,1,2498.83
2499029886,0,3,397605599,2382,13,0.79,41.606563799999996,-86.35609749999999,249.11,0.06806614995002747,280.1542663574219,-0.10400000214576721,0.0,0,2499.03
2499029955,1,3,397605599,2382,13,0.79,41.6065639,-86.3561005,246.85,0.12955307960510254,278.88067626953125,-0.1900000125169754,0.0,1,2499.03
2499229774,0,3,397605799,2382,13,0.79,41.606563799999996,-86.3560978,249.09,0.2022992968559265,309.98687744140625,-0.11500000208616257,0.0,0,2499.23
2499229789,1,3,397605799,2382,13,0.79,41.606564,-86.3561008,246.88,0.14811144769191742,303.15362548828125,-0.13100001215934753,0.0,1,2499.23
2499429745,0,3,397605999,2382,13,0.79,41.606564,-86.356098,249.07,0.12920139729976654,322.864013671875,-0.06200000271201134,0.0,0,2499.43
2499429760,1,3,397605999,2382,13,0.79,41.6065641,-86.3561012,246.89000000000001,0.13535140454769135,304.1596984863281,-0.10400000214576721,0.0,1,2499.43
2499629601,0,3,397606199,2382,13,0.79,41.6065641,-86.3560984,249.06,0.20960916578769684,318.09405517578125,-0.12400000542402267,0.0,0,2499.63
2499629615,1,3,397606199,2382,13,0.79,41.6065642,-86.3561015,246.89000000000001,0.10454663634300232,291.9031982421875,-0.11100000888109207,0.0,1,2499.63
2499829615,0,3,397606399,2382,13,0.79,41.606564399999996,-86.35609889999999,249.01000000000002,0.2957972288131714,321.0376892089844,0.06000000238418579,0.0,0,2499.83
2499829673,1,3,397606399,2382,13,0.79,41.606564299999995,-86.35610179999999,246.89000000000001,0.16218817234039307,311.7508850097656,-0.07000000029802322,0.0,1,2499.83
2500029586,0,3,397606599,2382,13,0.79,41.6065645,-86.3560991,249.01000000000002,0.09613532572984695,288.8118896484375,-0.06000000238418579,0.0,0,2500.03
2500029600,1,3,397606599,2382,13,0.79,41.606564399999996,-86.3561021,246.89000000000001,0.10101979970932007,305.7354736328125,-0.10600000619888306,0.0,1,2500.03
2500229794,0,3,397606799,2382,13,0.79,41.606564399999996,-86.3560992,249.05,0.1091650128364563,183.15072631835938,-0.06400000303983688,0.0,0,2500.23
2500229811,1,3,397606799,2382,13,0.79,41.606564399999996,-86.35610229999999,246.92000000000002,0.1293870210647583,274.43267822265625,-0.15800000727176666,0.0,1,2500.23
2500429858,0,3,397606999,2382,13,0.79,41.606564299999995,-86.35609939999999,249.06,0.12184006720781326,286.20379638671875,-0.04000000283122063,0.0,0,2500.43
2500429873,1,3,397606999,2382,13,0.79,41.6065645,-86.3561026,246.93,0.07839005440473557,293.2945556640625,-0.16900001466274261,0.0,1,2500.43
2500629834,0,3,397607199,2382,13,0.79,41.606564299999995,-86.3560996,249.04,0.15008331835269928,276.88824462890625,-0.07600000500679016,0.0,0,2500.63
2500629904,1,3,397607199,2382,13,0.79,41.6065645,-86.3561027,246.92000000000002,0.06530696898698807,258.51800537109375,-0.18000000715255737,0.0,1,2500.63
2500829865,0,3,397607399,2382,13,0.79,41.606564299999995,-86.3560997,249.04,0.025612499564886093,141.34017944335938,-0.06100000441074371,0.0,0,2500.83
2500829879,1,3,397607399,2382,13,0.79,41.6065646,-86.3561029,246.91,0.09702061861753464,268.8188171386719,-0.1420000046491623,0.0,1,2500.83
2501029801,0,3,397607599,2382,13,0.79,41.6065641,-86.3560998,248.98000000000002,0.09638465195894241,202.5741424560547,0.00800000037997961,0.0,0,2501.03
2501029816,1,3,397607599,2382,13,0.79,41.6065646,-86.35610299999999,246.92000000000002,0.05885575711727142,279.78240966796875,-0.1340000033378601,0.0,1,2501.03
2501229805,0,3,397607799,2382,13,0.79,41.606564,-86.3560998,248.94,0.05948109179735184,343.39300537109375,0.06100000441074371,0.0,0,2501.23
2501229823,1,3,397607799,2382,13,0.79,41.6065646,-86.3561031,246.92000000000002,0.08729834109544754,279.8939208984375,-0.20500001311302185,0.0,1,2501.23
2501429899,0,3,397607999,2382,13,0.79,41.606564,-86.3560998,248.93,0.07387828081846237,309.5076904296875,-0.08100000023841858,0.0,0,2501.43
2501429913,1,3,397607999,2382,13,0.79,41.6065647,-86.35610319999999,246.92000000000002,0.019235385581851006,351.0273742675781,-0.10700000822544098,0.0,1,2501.43
2501629598,0,3,397608199,2382,13,0.79,41.606564,-86.35609989999999,248.89000000000001,0.06171710044145584,310.39990234375,0.03700000047683716,0.0,0,2501.63
2501629611,1,3,397608199,2382,13,0.79,41.6065647,-86.3561031,246.91,0.017888544127345085,296.5650634765625,-0.11500000208616257,0.0,1,2501.63
2501829811,0,3,397608399,2382,13,0.79,41.606564,-86.3560998,248.86,0.0585918091237545,62.56026840209961,-0.017000000923871994,0.0,0,2501.83
2501829825,1,3,397608399,2382,13,0.79,41.6065647,-86.3561031,246.91,0.03478505462408066,161.56504821777344,-0.1900000125169754,0.0,1,2501.83
2502029839,0,3,397608599,2382,13,0.79,41.6065639,-86.3560997,248.83,0.04561798274517059,333.99664306640625,-0.10200000554323196,0.0,0,2502.03
2502029854,1,3,397608599,2382,13,0.79,41.6065647,-86.35610299999999,246.92000000000002,0.016278821974992752,190.61965942382812,-0.16100001335144043,0.0,1,2502.03
2502229835,0,3,397608799,2382,13,0.79,41.606563799999996,-86.3560997,248.78,0.03671512007713318,209.35775756835938,-0.09200000762939453,0.0,0,2502.23
2502229891,1,3,397608799,2382,13,0.79,41.6065647,-86.3561029,246.92000000000002,0.04904080182313919,357.6626892089844,-0.1810000091791153,0.0,1,2502.23
2502429864,0,3,397608999,2382,13,0.79,41.606563699999995,-86.3560996,248.75,0.055713552981615067,158.9624786376953,-0.04700000211596489,0.0,0,2502.43
2502429879,1,3,397608999,2382,13,0.79,41.6065648,-86.3561029,246.92000000000002,0.014317820779979229,335.224853515625,-0.12400000542402267,0.0,1,2502.43
2502629844,0,3,397609199,2382,13,0.79,41.6065636,-86.3560996,248.71,0.035128336399793625,184.89910888671875,-0.004000000189989805,0.0,0,2502.63
2502629858,1,3,397609199,2382,13,0.79,41.6065648,-86.3561029,246.92000000000002,0.037215590476989746,149.30027770996094,-0.14300000667572021,0.0,1,2502.63
2502829841,0,3,397609399,2382,13,0.79,41.6065635,-86.3560996,248.64000000000001,0.04539823904633522,277.5946350097656,-0.04700000211596489,0.0,0,2502.83
2502829863,1,3,397609399,2382,13,0.79,41.6065648,-86.3561029,246.92000000000002,0.02865309827029705,60.75116729736328,-0.14000000059604645,0.0,1,2502.83
2503029727,0,3,397609599,2382,13,0.79,41.6065634,-86.3560997,248.6,0.024041632190346718,225.0,-0.04400000348687172,0.0,0,2503.03
2503029743,1,3,397609599,2382,13,0.79,41.6065648,-86.3561028,246.92000000000002,0.0458911769092083,191.3099365234375,-0.19500000774860382,0.0,1,2503.03
2503229740,0,3,397609799,2382,13,0.79,41.6065633,-86.3560997,248.57,0.039812058210372925,191.59219360351562,-0.036000002175569534,0.0,0,2503.23
2503229758,1,3,397609799,2382,13,0.79,41.6065648,-86.3561029,246.91,0.050219520926475525,282.6525573730469,-0.11100000888109207,0.0,1,2503.23
2503429843,0,3,397609999,2382,13,0.79,41.606563099999995,-86.3560997,248.57,0.05323532968759537,174.6106719970703,0.036000002175569534,0.0,0,2503.43
2503429857,1,3,397609999,2382,13,0.79,41.606564899999995,-86.3561031,246.92000000000002,0.06083584949374199,244.69862365722656,-0.12200000882148743,0.0,1,2503.43
2503629792,0,3,397610199,2382,13,0.79,41.6065629,-86.3560997,248.53,0.036221545189619064,263.6598205566406,-0.04800000041723251,0.0,0,2503.63
2503629806,1,3,397610199,2382,13,0.79,41.606564899999995,-86.35610319999999,246.94,0.05414794385433197,274.23638916015625,-0.0860000029206276,0.0,1,2503.63
2503829835,0,3,397610399,2382,13,0.79,41.6065628,-86.3560997,248.51000000000002,0.05688585340976715,259.8753356933594,0.07600000500679016,0.0,0,2503.83
2503829850,1,3,397610399,2382,13,0.79,41.606564899999995,-86.3561033,246.91,0.02789265289902687,284.5344543457031,-0.009000000543892384,0.0,1,2503.83
2504029826,0,3,397610599,2382,13,0.79,41.6065627,-86.3560998,248.44,0.01702938787639141,266.633544921875,0.13700000941753387,0.0,0,2504.03
2504029841,1,3,397610599,2382,13,0.79,41.606564899999995,-86.3561034,246.88,0.03206244111061096,183.5763397216797,-0.09400000423192978,0.0,1,2504.03
2504229828,0,3,397610799,2382,13,0.79,41.6065626,-86.3560997,248.4,0.0868331789970398,14.676393508911133,0.08400000631809235,0.0,0,2504.23
2504229874,1,3,397610799,2382,13,0.79,41.606564999999996,-86.35610349999999,246.88,0.028301944956183434,302.00537109375,-0.052000001072883606,0.0,1,2504.23
2504429875,0,3,397610999,2382,13,0.79,41.6065626,-86.3560997,248.37,0.0836002379655838,306.7328186035156,0.03400000184774399,0.0,0,2504.43
2504429889,1,3,397610999,2382,13,0.79,41.606564999999996,-86.3561036,246.86,0.04534313827753067,131.4236602783203,0.04400000348687172,0.0,1,2504.43
2504629785,0,3,397611199,2382,13,0.79,41.606562499999995,-86.3560997,248.34,0.05830951780080795,329.0362548828125,0.10600000619888306,0.0,0,2504.63
2504629801,1,3,397611199,2382,13,0.79,41.606564999999996,-86.3561036,246.84,0.05440588295459747,342.89727783203125,-0.02500000037252903,0.0,1,2504.63
2504829838,0,3,397611399,2382,13,0.79,41.606562499999995,-86.3560996,248.31,0.1596558839082718,26.404558181762695,-0.0990000069141388,0.0,0,2504.83
2504829853,1,3,397611399,2382,13,0.79,41.6065651,-86.35610369999999,246.82,0.02163330838084221,146.30992126464844,-0.02200000174343586,0.0,1,2504.83
2505029736,0,3,397611599,2382,13,0.79,41.6065626,-86.35609939999999,248.3,0.038639359176158905,10.437474250793457,0.0,0.0,0,2505.03
2505029751,1,3,397611599,2382,13,0.79,41.6065651,-86.35610369999999,246.82,0.059439048171043396,102.63335418701172,-0.08700000494718552,0.0,1,2505.03
2505229677,0,3,397611799,2382,13,0.79,41.6065626,-86.3560993,248.29,0.10155294835567474,25.050975799560547,0.03800000250339508,0.0,0,2505.23
2505229691,1,3,397611799,2382,13,0.79,41.6065651,-86.35610349999999,246.82,0.10890362411737442,82.61395263671875,-0.07900000363588333,0.0,1,2505.23
2505429693,0,3,397611999,2382,13,0.79,41.606562499999995,-86.356099,248.31,0.11715374886989594,87.06432342529297,-0.18800000846385956,0.0,0,2505.43
2505429706,1,3,397611999,2382,13,0.79,41.6065653,-86.3561033,246.84,0.14256227016448975,55.86405563354492,-0.18200001120567322,0.0,1,2505.43
2505629869,0,3,397612199,2382,13,0.79,41.606562499999995,-86.3560986,248.37,0.14455795288085938,70.18620300292969,-0.11500000208616257,0.0,0,2505.63
2505629884,1,3,397612199,2382,13,0.79,41.606565499999995,-86.3561031,246.86,0.21510231494903564,39.90788650512695,-0.164000004529953,0.0,1,2505.63
2505829697,0,3,397612399,2382,13,0.79,41.6065626,-86.3560981,248.4,0.24703238904476166,35.94211196899414,-0.10500000417232513,0.0,0,2505.83
2505829710,1,3,397612399,2382,13,0.79,41.6065658,-86.3561028,246.88,0.27647966146469116,44.85346221923828,-0.19200000166893005,0.0,1,2505.83
2506029663,0,3,397612599,2382,13,0.79,41.6065629,-86.35609749999999,248.39000000000001,0.3411407470703125,56.35651397705078,-0.12300000339746475,0.0,0,2506.03
2506029677,1,3,397612599,2382,13,0.79,41.6065663,-86.35610229999999,246.91,0.41093188524246216,43.718204498291016,-0.1810000091791153,0.0,1,2506.03
2506229865,0,3,397612799,2382,13,0.79,41.6065633,-86.3560967,248.45000000000002,0.45088914036750793,27.7585391998291,-0.09700000286102295,0.0,0,2506.23
2506229880,1,3,397612799,2382,13,0.79,41.606567,-86.3561017,246.94,0.5486647486686707,31.6622314453125,-0.15200001001358032,0.0,1,2506.23
2506429813,0,3,397612999,2382,13,0.79,41.6065642,-86.356096,248.43,0.6091543436050415,22.692216873168945,-0.06599999964237213,0.0,0,2506.43
2506429827,1,3,397612999,2382,13,0.79,41.606567999999996,-86.356101,246.95000000000002,0.7364136576652527,28.200632095336914,-0.08700000494718552,0.0,1,2506.43
2506629739,0,3,397613199,2382,13,0.79,41.6065653,-86.3560952,248.47,0.8101913332939148,21.656953811645508,-0.06400000303983688,0.0,0,2506.63
2506629754,1,3,397613199,2382,13,0.79,41.6065693,-86.3561002,246.96,0.9071059226989746,28.655824661254883,-0.04200000315904617,0.0,1,2506.63
2506829788,0,3,397613399,2382,13,0.79,41.606566699999995,-86.35609439999999,248.49,1.0246024131774902,16.38322639465332,-0.08100000023841858,0.0,0,2506.83
2506829802,1,3,397613399,2382,13,0.79,41.6065709,-86.3560993,246.95000000000002,1.1048986911773682,22.061403274536133,-0.04400000348687172,0.0,1,2506.83
2507029819,0,3,397613599,2382,13,0.79,41.606568599999996,-86.3560936,248.51000000000002,1.2466504573822021,13.735275268554688,-0.0020000000949949026,0.0,0,2507.03
2507029835,1,3,397613599,2382,13,0.79,41.606573,-86.3560983,246.97,1.3482080698013306,19.227872848510742,-0.04500000178813934,0.0,1,2507.03
2507229794,0,3,397613799,2382,13,0.79,41.6065707,-86.3560925,248.54,1.4145773649215698,20.26686668395996,0.02800000086426735,0.0,0,2507.23
2507229813,1,3,397613799,2382,13,0.79,41.6065754,-86.3560973,246.99,1.579243540763855,18.343164443969727,-0.01900000125169754,0.0,1,2507.23
2507429769,0,3,397613999,2382,13,0.79,41.6065732,-86.3560914,248.54,1.6542460918426514,10.413272857666016,-0.12600000202655792,0.0,0,2507.43
2507429784,1,3,397613999,2382,13,0.79,41.606578299999995,-86.3560962,247.0,1.821933388710022,14.98205852508545,-0.08300000429153442,0.0,1,2507.43
2507629764,0,3,397614199,2382,13,0.79,41.6065762,-86.3560904,248.53,1.8550173044204712,12.927478790283203,-0.012000000104308128,0.0,0,2507.63
2507629778,1,3,397614199,2382,13,0.79,41.6065816,-86.35609509999999,247.02,1.99657142162323,13.792638778686523,-0.02500000037252903,0.0,1,2507.63
2507829798,0,3,397614399,2382,13,0.79,41.606579499999995,-86.3560893,248.53,2.07000994682312,11.423927307128906,-0.08100000023841858,0.0,0,2507.83
2507829813,1,3,397614399,2382,13,0.79,41.6065852,-86.35609409999999,247.03,2.1345858573913574,11.731060981750488,-0.08400000631809235,0.0,1,2507.83
2508029902,0,3,397614599,2382,13,0.79,41.606583199999996,-86.3560883,248.53,2.2196106910705566,10.277139663696289,-0.09700000286102295,0.0,0,2508.03
2508029916,1,3,397614599,2382,13,0.79,41.6065891,-86.35609319999999,247.05,2.3106658458709717,10.22056770324707,-0.12000000476837158,0.0,1,2508.03
2508229710,0,3,397614799,2382,13,0.79,41.606587,-86.3560873,248.52,2.262795925140381,9.616342544555664,-0.05100000277161598,0.0,0,2508.23
2508229723,1,3,397614799,2382,13,0.79,41.6065933,-86.35609219999999,247.06,2.4234626293182373,10.484588623046875,-0.032999999821186066,0.0,1,2508.23
2508429798,0,3,397614999,2382,13,0.79,41.6065909,-86.3560862,248.6,2.36221981048584,11.352743148803711,-0.13199999928474426,0.0,0,2508.43
2508429813,1,3,397614999,2382,13,0.79,41.606597699999995,-86.3560914,247.04,2.5043020248413086,8.311293601989746,-0.04100000113248825,0.0,1,2508.43
2508629818,0,3,397615199,2382,13,0.79,41.6065952,-86.3560851,248.6,2.5675864219665527,9.55036735534668,-0.10600000619888306,0.0,0,2508.63
2508629832,1,3,397615199,2382,13,0.79,41.6066022,-86.3560904,247.05,2.553441286087036,10.583815574645996,-0.10700000822544098,0.0,1,2508.63
2508829777,0,3,397615399,2382,13,0.79,41.6065997,-86.3560839,248.57,2.700490951538086,12.250349998474121,-0.07400000095367432,0.0,0,2508.83
2508829809,1,3,397615399,2382,13,0.79,41.606606899999996,-86.3560894,247.06,2.682020902633667,9.65899658203125,-0.04000000283122063,0.0,1,2508.83
2509029778,0,3,397615599,2382,13,0.79,41.606604499999996,-86.3560825,248.52,2.7188000679016113,11.628170013427734,0.020000001415610313,0.0,0,2509.03
2509029793,1,3,397615599,2382,13,0.79,41.606611799999996,-86.3560883,247.04,2.803100824356079,11.48230266571045,-0.06700000166893005,0.0,1,2509.03
2509229673,0,3,397615799,2382,13,0.79,41.606609399999996,-86.35608099999999,248.49,2.916705846786499,13.340628623962402,-0.00800000037997961,0.0,0,2509.23
2509229687,1,3,397615799,2382,13,0.79,41.6066168,-86.356087,247.06,2.8607680797576904,11.533819198608398,-0.10600000619888306,0.0,1,2509.23
2509429716,0,3,397615999,2382,13,0.79,41.6066145,-86.3560794,248.46,2.9177258014678955,10.48575496673584,-0.04700000211596489,0.0,0,2509.43
2509429733,1,3,397615999,2382,13,0.79,41.6066219,-86.35608549999999,247.05,2.9078052043914795,14.356433868408203,0.010000000707805157,0.0,1,2509.43
2509629850,0,3,397616199,2382,13,0.79,41.606619599999995,-86.3560779,248.42000000000002,3.062028408050537,13.291947364807129,0.014000000432133675,0.0,0,2509.63
2509629869,1,3,397616199,2382,13,0.79,41.6066271,-86.3560838,247.07,3.0458691120147705,13.557191848754883,-0.07900000363588333,0.0,1,2509.63
2509829941,0,3,397616399,2382,13,0.79,41.6066249,-86.3560761,248.4,3.06522536277771,14.394392013549805,0.030000001192092896,0.0,0,2509.83
2509829994,1,3,397616399,2382,13,0.79,41.606632499999996,-86.3560822,247.05,3.0527963638305664,14.008930206298828,-0.03400000184774399,0.0,1,2509.83
2510029782,0,3,397616599,2382,13,0.79,41.6066303,-86.3560742,248.37,3.1688284873962402,14.49232006072998,0.05100000277161598,0.0,0,2510.03
2510029798,1,3,397616599,2382,13,0.79,41.606638,-86.35608049999999,247.03,3.1368439197540283,13.513493537902832,-0.06000000238418579,0.0,1,2510.03
2510229690,0,3,397616799,2382,13,0.79,41.6066358,-86.3560723,248.37,3.20609712600708,13.84119701385498,0.020000001415610313,0.0,0,2510.23
2510229703,1,3,397616799,2382,13,0.79,41.6066435,-86.3560787,247.05,3.105380058288574,14.680642127990723,-0.09000000357627869,0.0,1,2510.23
2510429765,0,3,397616999,2382,13,0.79,41.6066413,-86.3560704,248.31,3.105544090270996,14.90883731842041,0.09000000357627869,0.0,0,2510.43
2510429779,1,3,397616999,2382,13,0.79,41.606648899999996,-86.3560768,247.03,3.1037862300872803,17.010438919067383,-0.04000000283122063,0.0,1,2510.43
2510629775,0,3,397617199,2382,13,0.79,41.6066466,-86.35606829999999,248.32,3.1056406497955322,16.287508010864258,0.06400000303983688,0.0,0,2510.63
2510629789,1,3,397617199,2382,13,0.79,41.606654299999995,-86.3560748,247.01000000000002,3.077174186706543,15.725440979003906,0.007000000216066837,0.0,1,2510.63
2510829729,0,3,397617399,2382,13,0.79,41.6066521,-86.3560662,248.3,3.2294888496398926,14.54399585723877,0.12300000339746475,0.0,0,2510.83
2510829819,1,3,397617399,2382,13,0.79,41.6066597,-86.3560727,246.95000000000002,3.056101083755493,18.031797409057617,0.02800000086426735,0.0,1,2510.83
2511029717,0,3,397617599,2382,13,0.79,41.606657399999996,-86.35606399999999,248.28,3.0593950748443604,19.495092391967773,0.08000000566244125,0.0,0,2511.03
2511029779,1,3,397617599,2382,13,0.79,41.606665,-86.3560705,246.92000000000002,3.0636494159698486,18.162899017333984,0.06300000101327896,0.0,1,2511.03
2511229596,0,3,397617799,2382,13,0.79,41.6066624,-86.35606159999999,248.25,2.860764503479004,19.05563735961914,0.12400000542402267,0.0,0,2511.23
2511229626,1,3,397617799,2382,13,0.79,41.606670099999995,-86.3560684,246.89000000000001,2.874553918838501,18.119792938232422,-0.012000000104308128,0.0,1,2511.23
2511429753,0,3,397617999,2382,13,0.79,41.606667099999996,-86.35605939999999,248.19,2.6999576091766357,18.327577590942383,0.005000000353902578,0.0,0,2511.43
2511429770,1,3,397617999,2382,13,0.79,41.6066749,-86.3560662,246.85,2.7042670249938965,21.156160354614258,0.12000000476837158,0.0,1,2511.43
2511629921,0,3,397618199,2382,13,0.79,41.6066716,-86.3560571,248.17000000000002,2.5864410400390625,22.241565704345703,0.14600001275539398,0.0,0,2511.63
2511629943,1,3,397618199,2382,13,0.79,41.6066794,-86.35606399999999,246.79,2.5645663738250732,21.262073516845703,0.15700000524520874,0.0,1,2511.63
2511829789,0,3,397618399,2382,13,0.79,41.6066757,-86.3560547,248.15,2.432206153869629,25.18482208251953,0.14600001275539398,0.0,0,2511.83
2511829804,1,3,397618399,2382,13,0.79,41.606683499999995,-86.35606179999999,246.78,2.357227325439453,21.972923278808594,0.058000002056360245,0.0,1,2511.83
2512029756,0,3,397618599,2382,13,0.79,41.6066794,-86.3560523,248.09,2.1177878379821777,25.718076705932617,0.15700000524520874,0.0,0,2512.03
2512029770,1,3,397618599,2382,13,0.79,41.6066873,-86.3560597,246.75,2.1456611156463623,24.9765625,0.03700000047683716,0.0,1,2512.03
2512229640,0,3,397618799,2382,13,0.79,41.6066826,-86.3560502,248.08,1.8945884704589844,25.077180862426758,0.07400000095367432,0.0,0,2512.23
2512229655,1,3,397618799,2382,13,0.79,41.6066905,-86.3560576,246.74,1.893057107925415,26.646263122558594,0.01600000075995922,0.0,1,2512.23
2512429724,0,3,397618999,2382,13,0.79,41.606685299999995,-86.3560483,248.08,1.6068072319030762,29.245092391967773,0.10000000149011612,0.0,0,2512.43
2512429739,1,3,397618999,2382,13,0.79,41.606693299999996,-86.3560558,246.73000000000002,1.549635410308838,26.151668548583984,-0.04200000315904617,0.0,1,2512.43
2512629811,0,3,397619199,2382,13,0.79,41.606687699999995,-86.3560466,248.06,1.3855512142181396,25.936262130737305,0.12400000542402267,0.0,0,2512.63
2512629828,1,3,397619199,2382,13,0.79,41.606695599999995,-86.3560542,246.74,1.3033223152160645,27.410465240478516,0.01900000125169754,0.0,1,2512.63
2512829717,0,3,397619399,2382,13,0.79,41.606689599999996,-86.35604529999999,248.06,1.009475588798523,27.428104400634766,0.14800000190734863,0.0,0,2512.83
2512829731,1,3,397619399,2382,13,0.79,41.606697499999996,-86.3560529,246.70000000000002,1.0316206216812134,31.563838958740234,-0.023000001907348633,0.0,1,2512.83
2513029703,0,3,397619599,2382,13,0.79,41.606691,-86.3560442,248.02,0.8126450777053833,33.96383285522461,0.13100001215934753,0.0,0,2513.03
2513029717,1,3,397619599,2382,13,0.79,41.606699,-86.3560519,246.66,0.8609326481819153,27.160306930541992,0.09200000762939453,0.0,1,2513.03
2513229700,0,3,397619799,2382,13,0.79,41.606691999999995,-86.3560433,248.05,0.5817258954048157,29.561630249023438,0.08100000023841858,0.0,0,2513.23
2513229714,1,3,397619799,2382,13,0.79,41.6067002,-86.356051,246.64000000000001,0.6172139644622803,34.77147674560547,-0.021000001579523087,0.0,1,2513.23
2513429867,0,3,397619999,2382,13,0.79,41.606692699999996,-86.3560426,248.03,0.461615651845932,37.341556549072266,0.17000000178813934,0.0,0,2513.43
2513429882,1,3,397619999,2382,13,0.79,41.6067009,-86.3560504,246.63,0.4019079804420471,33.01789093017578,-0.07300000637769699,0.0,1,2513.43
2513629778,0,3,397620199,2382,13,0.79,41.606693199999995,-86.356042,248.02,0.24537523090839386,45.495338439941406,0.026000000536441803,0.0,0,2513.63
2513629817,1,3,397620199,2382,13,0.79,41.6067014,-86.3560499,246.61,0.21651098132133484,39.94110107421875,0.021000001579523087,0.0,1,2513.63
2513829797,0,3,397620399,2382,13,0.79,41.6066934,-86.35604169999999,248.03,0.21964745223522186,27.965076446533203,0.03400000184774399,0.0,0,2513.83
2513829816,1,3,397620399,2382,13,0.79,41.606701699999995,-86.3560497,246.59,0.1958979368209839,40.03025436401367,-0.07700000703334808,0.0,1,2513.83
2514029932,0,3,397620599,2382,13,0.79,41.6066934,-86.35604149999999,248.06,0.09571311622858047,117.36820220947266,-0.017000000923871994,0.0,0,2514.03
2514029947,1,3,397620599,2382,13,0.79,41.6067019,-86.35604939999999,246.58,0.12761269509792328,52.32190704345703,-0.029000001028180122,0.0,1,2514.03
2514229835,0,3,397620799,2382,13,0.79,41.606693199999995,-86.3560413,248.11,0.0879317969083786,107.19853210449219,-0.11900000274181366,0.0,0,2514.23
2514229850,1,3,397620799,2382,13,0.79,41.6067019,-86.3560493,246.57,0.058523502200841904,109.98310089111328,-0.10200000554323196,0.0,1,2514.23
2514429690,0,3,397620999,2382,13,0.79,41.6066931,-86.3560411,248.14000000000001,0.03101612627506256,69.22773742675781,-0.12600000202655792,0.0,0,2514.43
2514429703,1,3,397620999,2382,13,0.79,41.6067019,-86.3560492,246.57,0.06264982372522354,151.38954162597656,-0.12400000542402267,0.0,1,2514.43
2514629683,0,3,397621199,2382,13,0.79,41.6066929,-86.3560411,248.16,0.07404053211212158,163.52310180664062,0.05900000408291817,0.0,0,2514.63
2514629696,1,3,397621199,2382,13,0.79,41.6067019,-86.3560493,246.53,0.02828427217900753,261.8699035644531,0.03800000250339508,0.0,1,2514.63
2514829860,0,3,397621399,2382,13,0.79,41.606692699999996,-86.35604099999999,248.15,0.03401470556855202,114.3045425415039,0.30000001192092896,0.0,0,2514.83
2514829874,1,3,397621399,2382,13,0.79,41.6067019,-86.35604939999999,246.49,0.03577708825469017,116.5650405883789,0.11600000411272049,0.0,1,2514.83
2515029863,0,3,397621599,2382,13,0.79,41.606692599999995,-86.35604099999999,248.07,0.05913543701171875,251.2586669921875,0.4390000104904175,0.0,0,2515.03
2515029886,1,3,397621599,2382,13,0.79,41.606702,-86.35604939999999,246.37,0.018027756363153458,340.5599670410156,0.3800000250339508,0.0,1,2515.03
2515229818,0,3,397621799,2382,13,0.79,41.6066924,-86.3560409,247.99,0.13293609023094177,135.0,0.6510000228881836,0.0,0,2515.23
2515229833,1,3,397621799,2382,13,0.79,41.606702,-86.35604939999999,246.24,0.1290736347436905,139.39869689941406,0.6460000276565552,0.0,1,2515.23
2515429798,0,3,397621999,2382,13,0.79,41.6066922,-86.3560407,247.81,0.10400000214576721,90.0,0.9410000443458557,0.0,0,2515.43
2515429863,1,3,397621999,2382,13,0.79,41.606702,-86.35604939999999,245.99,0.030413813889026642,350.5376892089844,0.9430000185966492,0.0,1,2515.43
2515629760,0,3,397622199,2382,13,0.79,41.6066922,-86.35604049999999,247.61,0.12473973631858826,41.09950256347656,1.1630001068115234,0.0,0,2515.63
2515649664,1,3,397622199,2382,13,0.79,41.6067021,-86.35604959999999,245.75,0.06296825408935547,290.4495544433594,1.187000036239624,0.0,1,2515.65
2515829842,0,3,397622399,2382,13,0.79,41.6066922,-86.3560404,247.38,0.015811389312148094,341.5650634765625,1.3750001192092896,0.0,0,2515.83
2515829857,1,3,397622399,2382,13,0.79,41.6067021,-86.3560498,245.46,0.06621933728456497,255.12432861328125,1.3390001058578491,0.0,1,2515.83
2516029866,0,3,397622599,2382,13,0.79,41.6066922,-86.35604049999999,247.09,0.067601777613163,299.21923828125,1.5830000638961792,0.0,0,2516.03
2516029882,1,3,397622599,2382,13,0.79,41.6067021,-86.35605009999999,245.13,0.04810405522584915,290.6954650878906,1.499000072479248,0.0,1,2516.03
2516229820,0,3,397622799,2382,13,0.79,41.6066922,-86.35604049999999,246.79,0.08115417510271072,22.45693588256836,1.4910000562667847,0.0,0,2516.23
2516229834,1,3,397622799,2382,13,0.79,41.606702299999995,-86.3560502,244.76,0.07324616611003876,345.7740478515625,1.596000075340271,0.0,1,2516.23
2516429718,0,3,397622999,2382,13,0.79,41.6066922,-86.35604049999999,246.48000000000002,0.07863841205835342,172.69422912597656,1.5410001277923584,0.0,0,2516.43
2516429732,1,3,397622999,2382,13,0.79,41.606702299999995,-86.35605029999999,244.42000000000002,0.056320514529943466,106.50435638427734,1.5470000505447388,0.0,1,2516.43
2516629690,0,3,397623199,2382,13,0.79,41.606691999999995,-86.3560404,246.17000000000002,0.1446927934885025,139.48460388183594,1.5260000228881836,0.0,0,2516.63
2516629705,1,3,397623199,2382,13,0.79,41.606702299999995,-86.35605009999999,244.09,0.10623089224100113,104.16704559326172,1.5070000886917114,0.0,1,2516.63
2516829636,0,3,397623399,2382,13,0.79,41.6066918,-86.3560402,245.86,0.1149347722530365,100.52777862548828,1.2850000858306885,0.0,0,2516.83
2516829725,1,3,397623399,2382,13,0.79,41.6067022,-86.35605,243.78,0.09068627655506134,131.4236602783203,1.3870000839233398,0.0,1,2516.83
2517029705,0,3,397623599,2382,13,0.79,41.6066916,-86.3560399,245.62,0.21163412928581238,142.10125732421875,1.2700001001358032,0.0,0,2517.03
2517029719,1,3,397623599,2382,13,0.79,41.6067021,-86.3560499,243.49,0.1691892445087433,145.84030151367188,1.290000081062317,0.0,1,2517.03
2517229555,0,3,397623799,2382,13,0.79,41.6066913,-86.3560397,245.36,0.16147446632385254,152.32408142089844,1.371000051498413,0.0,0,2517.23
2517229598,1,3,397623799,2382,13,0.79,41.606701699999995,-86.3560497,243.25,0.20286941528320312,170.35194396972656,1.2320001125335693,0.0,1,2517.23
2517429652,0,3,397623999,2382,13,0.79,41.606691,-86.3560397,245.04,0.16063936054706573,190.4005584716797,1.3140000104904175,0.0,0,2517.43
2517429716,1,3,397623999,2382,13,0.79,41.6067014,-86.3560497,242.97,0.1563713699579239,159.01510620117188,1.215000033378601,0.0,1,2517.43
2517629644,0,3,397624199,2382,13,0.79,41.6066907,-86.35603979999999,244.8,0.11884864419698715,218.5092315673828,1.3370000123977661,0.0,0,2517.63
2517629657,1,3,397624199,2382,13,0.79,41.6067013,-86.3560497,242.67000000000002,0.0298328697681427,219.55967712402344,1.2510000467300415,0.0,1,2517.63
2517829697,0,3,397624399,2382,13,0.79,41.6066907,-86.35604,244.46,0.09352005273103714,335.3532409667969,1.377000093460083,0.0,0,2517.83
2517829712,1,3,397624399,2382,13,0.79,41.606701199999996,-86.3560498,242.38,0.07818568497896194,200.98489379882812,1.3340001106262207,0.0,1,2517.83
2518029694,0,3,397624599,2382,13,0.79,41.6066907,-86.3560401,244.15,0.07443118095397949,186.17018127441406,1.4560000896453857,0.0,0,2518.03
2518029735,1,3,397624599,2382,13,0.79,41.606701099999995,-86.35605,242.09,0.054129477590322495,281.72509765625,1.3230000734329224,0.0,1,2518.03
2518229730,0,3,397624799,2382,13,0.79,41.6066905,-86.35604029999999,243.85,0.1366528570652008,218.46336364746094,1.3830000162124634,0.0,0,2518.23
2518229772,1,3,397624799,2382,13,0.79,41.606701099999995,-86.3560502,241.81,0.09899495542049408,261.8699035644531,1.409000039100647,0.0,1,2518.23
2518429644,0,3,397624999,2382,13,0.79,41.6066904,-86.3560404,243.57,0.08329465985298157,355.1792297363281,1.4880000352859497,0.0,0,2518.43
2518429664,1,3,397624999,2382,13,0.79,41.606701199999996,-86.35605059999999,241.48000000000002,0.1664121448993683,297.95098876953125,1.4410001039505005,0.0,1,2518.43
2518629588,0,3,397625199,2382,13,0.79,41.6066904,-86.3560406,243.29,0.08254089951515198,250.90652465820312,1.4980000257492065,0.0,0,2518.63
2518629631,1,3,397625199,2382,13,0.79,41.6067013,-86.3560509,241.17000000000002,0.10962208360433578,316.10882568359375,1.5250000953674316,0.0,1,2518.63
2518829764,0,3,397625399,2382,13,0.79,41.6066904,-86.3560409,243.0,0.1310267150402069,301.26373291015625,1.4980000257492065,0.0,0,2518.83
2518829777,1,3,397625399,2382,13,0.79,41.6067014,-86.3560511,240.87,0.11272089928388596,291.3294677734375,1.4540001153945923,0.0,1,2518.83
2519029609,0,3,397625599,2382,13,0.79,41.6066903,-86.3560411,242.71,0.1491643339395523,182.6897735595703,1.4170000553131104,0.0,0,2519.03
2519029625,1,3,397625599,2382,13,0.79,41.606701199999996,-86.35605129999999,240.57,0.15493224561214447,191.16488647460938,1.4900001287460327,0.0,1,2519.03
2519229645,0,3,397625799,2382,13,0.79,41.6066901,-86.35604119999999,242.44,0.07102112472057343,147.6525421142578,1.4560000896453857,0.0,0,2519.23
2519229660,1,3,397625799,2382,13,0.79,41.606701,-86.3560514,240.28,0.07623647898435593,184.5139923095703,1.3560000658035278,0.0,1,2519.23
2519429692,0,3,397625999,2382,13,0.79,41.60669,-86.3560411,242.16,0.08338465541601181,157.4329833984375,1.4420000314712524,0.0,0,2519.43
2519429706,1,3,397625999,2382,13,0.79,41.6067009,-86.3560514,239.97,0.09534149616956711,167.275634765625,1.4180001020431519,0.0,1,2519.43
2519629691,0,3,397626199,2382,13,0.79,41.6066899,-86.3560411,241.87,0.044721364974975586,153.43495178222656,1.4000000953674316,0.0,0,2519.63
2519629704,1,3,397626199,2382,13,0.79,41.6067007,-86.35605149999999,239.67000000000002,0.09095603972673416,194.6473846435547,1.340000033378601,0.0,1,2519.63
2519829697,0,3,397626399,2382,13,0.79,41.60669,-86.35604119999999,241.56,0.05872819200158119,312.9299621582031,1.412000060081482,0.0,0,2519.83
2519829710,1,3,397626399,2382,13,0.79,41.606700499999995,-86.3560514,239.38,0.0915914848446846,100.69650268554688,1.4320000410079956,0.0,1,2519.83
2520029602,0,3,397626599,2382,13,0.79,41.6066901,-86.3560413,241.23000000000002,0.041773200035095215,78.95906066894531,1.4630000591278076,0.0,0,2520.03
2520029618,1,3,397626599,2382,13,0.79,41.606700499999995,-86.35605129999999,239.09,0.07702597230672836,29.560354232788086,1.406000018119812,0.0,1,2520.03
2520229604,0,3,397626799,2382,13,0.79,41.6066901,-86.3560414,240.95000000000002,0.03701351210474968,308.4180603027344,1.3220000267028809,0.0,0,2520.23
2520229671,1,3,397626799,2382,13,0.79,41.606700499999995,-86.3560512,238.84,0.14204224944114685,147.6525421142578,1.2790000438690186,0.0,1,2520.23
2520429634,0,3,397626999,2382,13,0.79,41.606690199999996,-86.35604149999999,240.66,0.06806614995002747,177.473876953125,1.340000033378601,0.0,0,2520.43
2520429665,1,3,397626999,2382,13,0.79,41.6067002,-86.356051,238.6,0.1828797608613968,141.43804931640625,1.1330000162124634,0.0,1,2520.43
2520629703,0,3,397627199,2382,13,0.79,41.6066901,-86.3560416,240.38,0.1038171574473381,187.1934814453125,1.3850001096725464,0.0,0,2520.63
2520629768,1,3,397627199,2382,13,0.79,41.606699899999995,-86.35605079999999,238.37,0.17240940034389496,156.40867614746094,1.1290000677108765,0.0,1,2520.63
2520829710,0,3,397627399,2382,13,0.79,41.6066899,-86.3560416,240.12,0.08354640007019043,168.95904541015625,1.4520000219345093,0.0,0,2520.83
2520829723,1,3,397627399,2382,13,0.79,41.6066996,-86.3560507,238.1,0.10358572006225586,139.69866943359375,1.218000054359436,0.0,1,2520.83
2521029707,0,3,397627599,2382,13,0.79,41.6066899,-86.35604169999999,239.81,0.0150332972407341,3.814074754714966,1.3930000066757202,0.0,0,2521.03
2521029720,1,3,397627599,2382,13,0.79,41.6066995,-86.35605079999999,237.8,0.09002777934074402,319.0535583496094,1.281000018119812,0.0,1,2521.03
2521229668,0,3,397627799,2382,13,0.79,41.6066899,-86.3560419,239.51,0.047423623502254486,312.43621826171875,1.3470001220703125,0.0,0,2521.23
2521229681,1,3,397627799,2382,13,0.79,41.6066997,-86.356051,237.52,0.17288435995578766,321.3401794433594,1.3000000715255737,0.0,1,2521.23
2521429587,0,3,397627999,2382,13,0.79,41.60669,-86.356042,239.23000000000002,0.03801315650343895,26.56505012512207,1.5040000677108765,0.0,0,2521.43
2521429602,1,3,397627999,2382,13,0.79,41.6066998,-86.3560512,237.22,0.012369317002594471,104.0362319946289,1.4220000505447388,0.0,1,2521.43
2521629672,0,3,397628199,2382,13,0.79,41.60669,-86.35604219999999,238.89000000000001,0.10754068940877914,239.85861206054688,1.471000075340271,0.0,0,2521.63
2521629685,1,3,397628199,2382,13,0.79,41.6066997,-86.35605129999999,236.89000000000001,0.023345235735177994,226.73570251464844,1.53000009059906,0.0,1,2521.63
2521829590,0,3,397628399,2382,13,0.79,41.6066903,-86.35604239999999,238.54,0.19842632114887238,3.7564523220062256,1.5440000295639038,0.0,0,2521.83
2521829604,1,3,397628399,2382,13,0.79,41.6066996,-86.3560514,236.59,0.05375872179865837,251.5650634765625,1.409000039100647,0.0,1,2521.83
2522029604,0,3,397628599,2382,13,0.79,41.6066905,-86.3560425,238.20000000000002,0.09783659875392914,319.1446228027344,1.5500000715255737,0.0,0,2522.03
2522029650,1,3,397628599,2382,13,0.79,41.6066996,-86.3560516,236.29,0.08949301391839981,341.76751708984375,1.4470000267028809,0.0,1,2522.03
2522229678,0,3,397628799,2382,13,0.79,41.6066906,-86.35604269999999,237.93,0.10124228149652481,343.3549499511719,1.5410001277923584,0.0,0,2522.23
2522229691,1,3,397628799,2382,13,0.79,41.6066996,-86.35605149999999,235.97,0.17785951495170593,125.38787841796875,1.4380000829696655,0.0,1,2522.23
2522429777,0,3,397628999,2382,13,0.79,41.606690799999996,-86.35604289999999,237.63,0.14263591170310974,324.4156188964844,1.3650000095367432,0.0,0,2522.43
2522429791,1,3,397628999,2382,13,0.79,41.606699299999995,-86.35605129999999,235.68,0.11624974012374878,144.80609130859375,1.2970000505447388,0.0,1,2522.43
2522629700,0,3,397629199,2382,13,0.79,41.606691,-86.356043,237.37,0.107079416513443,348.6900634765625,1.1990000009536743,0.0,0,2522.63
2522629714,1,3,397629199,2382,13,0.79,41.606699299999995,-86.3560511,235.44,0.16868017613887787,35.10332489013672,1.059000015258789,0.0,1,2522.63
2522829691,0,3,397629399,2382,13,0.79,41.6066912,-86.3560435,237.16,0.2759438455104828,291.9170837402344,0.8350000381469727,0.0,0,2522.83
2522829704,1,3,397629399,2382,13,0.79,41.6066994,-86.35605079999999,235.25,0.20905980467796326,101.30992126464844,0.7610000371932983,0.0,1,2522.83
2523029592,0,3,397629599,2382,13,0.79,41.6066915,-86.356044,237.0,0.320062518119812,311.9606018066406,0.4830000102519989,0.0,0,2523.03
2523029609,1,3,397629599,2382,13,0.79,41.606699299999995,-86.3560505,235.1,0.13815933465957642,67.89054870605469,0.5879999995231628,0.0,1,2523.03
2523229677,0,3,397629799,2382,13,0.79,41.6066918,-86.35604409999999,236.99,0.2324177324771881,23.58702850341797,0.2980000078678131,0.0,0,2523.23
2523229690,1,3,397629799,2382,13,0.79,41.6066995,-86.3560505,235.01,0.2544896900653839,332.6294250488281,0.2639999985694885,0.0,1,2523.23
2523429589,0,3,397629999,2382,13,0.79,41.606691999999995,-86.35604409999999,236.94,0.24686232209205627,296.4612731933594,0.1720000058412552,0.0,0,2523.43
2523429616,1,3,397629999,2382,13,0.79,41.6066997,-86.35605079999999,234.96,0.08823832124471664,321.44158935546875,0.11800000816583633,0.0,1,2523.43
2523629614,0,3,397630199,2382,13,0.79,41.606691999999995,-86.356044,236.97,0.09160786122083664,323.88067626953125,0.1770000010728836,0.0,0,2523.63
2523629627,1,3,397630199,2382,13,0.79,41.606699899999995,-86.3560509,234.93,0.13267254829406738,350.8926696777344,0.1300000101327896,0.0,1,2523.63
2523829664,0,3,397630399,2382,13,0.79,41.606691999999995,-86.3560438,236.98000000000002,0.12214745581150055,357.1844482421875,0.17500001192092896,0.0,0,2523.83
2523829681,1,3,397630399,2382,13,0.79,41.6067001,-86.3560511,234.9,0.16273291409015656,313.0079040527344,0.15300001204013824,0.0,1,2523.83
2524029737,0,3,397630599,2382,13,0.79,41.6066922,-86.3560438,236.96,0.06726811826229095,354.8826904296875,0.20900000631809235,0.0,0,2524.03
2524029750,1,3,397630599,2382,13,0.79,41.6067003,-86.35605129999999,234.87,0.1578480452299118,337.65936279296875,0.125,0.0,1,2524.03
2524229746,0,3,397630799,2382,13,0.79,41.6066923,-86.3560438,236.9,0.25728780031204224,318.93975830078125,0.27000001072883606,0.0,0,2524.23
2524229760,1,3,397630799,2382,13,0.79,41.6067004,-86.3560514,234.81,0.08558621257543564,353.2901611328125,0.2510000169277191,0.0,1,2524.23
2524429692,0,3,397630999,2382,13,0.79,41.6066923,-86.35604339999999,236.86,0.039115212857723236,212.47120666503906,0.3660000264644623,0.0,0,2524.43
2524429706,1,3,397630999,2382,13,0.79,41.606700499999995,-86.35605149999999,234.78,0.03244996443390846,326.3099365234375,0.23500001430511475,0.0,1,2524.43
2524629592,0,3,397631199,2382,13,0.79,41.6066922,-86.3560432,236.8,0.08072174340486526,48.01278305053711,0.4180000126361847,0.0,0,2524.63
2524629605,1,3,397631199,2382,13,0.79,41.606700499999995,-86.3560516,234.69,0.0660378709435463,32.00537872314453,0.3570000231266022,0.0,1,2524.63
2524829571,0,3,397631399,2382,13,0.79,41.6066922,-86.3560431,236.74,0.07611832767724991,279.83355712890625,0.36000001430511475,0.0,0,2524.83
2524829612,1,3,397631399,2382,13,0.79,41.606700499999995,-86.3560516,234.6,0.10937093198299408,175.2798614501953,0.40300002694129944,0.0,1,2524.83
2525029600,0,3,397631599,2382,13,0.79,41.6066923,-86.356043,236.67000000000002,0.19620652496814728,52.662864685058594,0.42600002884864807,0.0,0,2525.03
2525029616,1,3,397631599,2382,13,0.79,41.6067003,-86.3560514,234.55,0.1290348768234253,107.59242248535156,0.23800000548362732,0.0,1,2525.03
2525229624,0,3,397631799,2382,13,0.79,41.6066924,-86.35604269999999,236.54,0.12182364612817764,170.07374572753906,0.39900001883506775,0.0,0,2525.23
2525229638,1,3,397631799,2382,13,0.79,41.6067001,-86.3560512,234.51,0.10307764261960983,165.9637451171875,0.2370000183582306,0.0,1,2525.23
2525429631,0,3,397631999,2382,13,0.79,41.6066923,-86.3560426,236.48000000000002,0.1220368891954422,88.59136962890625,0.2770000100135803,0.0,0,2525.43
2525429678,1,3,397631999,2382,13,0.79,41.6067001,-86.3560511,234.41,0.18515129387378693,63.01976013183594,0.3680000305175781,0.0,1,2525.43
2525629665,0,3,397632199,2382,13,0.79,41.6066923,-86.35604219999999,236.41,0.03679674118757248,137.2025909423828,0.35600000619888306,0.0,0,2525.63
2525649356,1,3,397632199,2382,13,0.79,41.6067001,-86.35605079999999,234.36,0.07569016516208649,133.3939971923828,0.28200000524520874,0.0,1,2525.649
2525829714,0,3,397632399,2382,13,0.79,41.6066925,-86.356042,236.34,0.24462421238422394,56.50481414794922,0.41200003027915955,0.0,0,2525.83
2525829747,1,3,397632399,2382,13,0.79,41.6067001,-86.35605079999999,234.31,0.06791170686483383,13.626994132995605,0.15600000321865082,0.0,1,2525.83
2526029738,0,3,397632599,2382,13,0.79,41.606692599999995,-86.3560419,236.25,0.06328506767749786,264.5596923828125,0.3500000238418579,0.0,0,2526.03
2526029752,1,3,397632599,2382,13,0.79,41.6067001,-86.35605079999999,234.21,0.1244266927242279,76.52217102050781,0.31800001859664917,0.0,1,2526.03
2526229597,0,3,397632799,2382,13,0.79,41.6066928,-86.356042,236.19,0.11321661621332169,42.852413177490234,0.406000018119812,0.0,0,2526.23
2526229610,1,3,397632799,2382,13,0.79,41.6067002,-86.35605059999999,234.18,0.08532878011465073,10.12467098236084,0.2710000276565552,0.0,1,2526.23
2526429580,0,3,397632999,2382,13,0.79,41.606693,-86.35604219999999,236.09,0.19266551733016968,318.366455078125,0.3440000116825104,0.0,0,2526.43
2526429607,1,3,397632999,2382,13,0.79,41.6067002,-86.3560505,234.1,0.11808895319700241,44.65690994262695,0.3060000240802765,0.0,1,2526.43
2526629869,0,3,397633199,2382,13,0.79,41.606693199999995,-86.35604219999999,236.05,0.06466065347194672,58.27639389038086,0.23200000822544098,0.0,0,2526.63
2526629883,1,3,397633199,2382,13,0.79,41.6067002,-86.3560504,233.99,0.04085339978337288,21.540973663330078,0.35100001096725464,0.0,1,2526.63
2526829623,0,3,397633399,2382,13,0.79,41.606693299999996,-86.35604219999999,235.98000000000002,0.12167169898748398,334.6986083984375,0.24400001764297485,0.0,0,2526.83
2526829636,1,3,397633399,2382,13,0.79,41.6067003,-86.3560504,233.97,0.059908267110586166,14.500164985656738,0.2070000171661377,0.0,1,2526.83
2527029700,0,3,397633599,2382,13,0.79,41.6066935,-86.35604219999999,235.9,0.041593268513679504,332.8188781738281,0.328000009059906,0.0,0,2527.03
2527029714,1,3,397633599,2382,13,0.79,41.6067002,-86.3560504,233.87,0.06931810826063156,153.43495178222656,0.3500000238418579,0.0,1,2527.03
2527229703,0,3,397633799,2382,13,0.79,41.6066935,-86.35604219999999,235.86,0.04606517404317856,27.12130355834961,0.22800001502037048,0.0,0,2527.23
2527229716,1,3,397633799,2382,13,0.79,41.6067002,-86.3560505,233.83,0.10652699321508408,320.3321533203125,0.3330000042915344,0.0,1,2527.23
2527429687,0,3,397633999,2382,13,0.79,41.6066935,-86.3560423,235.79,0.09800510853528976,269.4153747558594,0.2800000011920929,0.0,0,2527.43
2527429704,1,3,397633999,2382,13,0.79,41.6067001,-86.3560505,233.77,0.1410319209098816,156.1612548828125,0.2639999985694885,0.0,1,2527.43
2527629717,0,3,397634199,2382,13,0.79,41.6066936,-86.35604239999999,235.73000000000002,0.034365683794021606,351.6341247558594,0.1680000126361847,0.0,0,2527.63
2527629731,1,3,397634199,2382,13,0.79,41.6067,-86.3560505,233.71,0.07788453251123428,15.642245292663574,0.3710000216960907,0.0,1,2527.63
2527829746,0,3,397634399,2382,13,0.79,41.6066937,-86.3560426,235.69,0.12419340014457703,345.0685729980469,0.30900001525878906,0.0,0,2527.83
2527829760,1,3,397634399,2382,13,0.79,41.6067,-86.3560505,233.63,0.06080296263098717,143.69549560546875,0.29600000381469727,0.0,1,2527.83
2528029580,0,3,397634599,2382,13,0.79,41.606693899999996,-86.3560428,235.63,0.02607681229710579,32.471187591552734,0.21000000834465027,0.0,0,2528.03
2528029597,1,3,397634599,2382,13,0.79,41.6067,-86.3560505,233.58,0.06648308038711548,338.8387451171875,0.289000004529953,0.0,1,2528.03
2528229630,0,3,397634799,2382,13,0.79,41.606694,-86.356043,235.58,0.09929753839969635,332.4027099609375,0.32200002670288086,0.0,0,2528.23
2528229643,1,3,397634799,2382,13,0.79,41.6067001,-86.3560505,233.51,0.07716217637062073,356.2846984863281,0.34700000286102295,0.0,1,2528.23
2528429683,0,3,397634999,2382,13,0.79,41.6066941,-86.3560431,235.49,0.027784889563918114,120.25643157958984,0.3050000071525574,0.0,0,2528.43
2528429697,1,3,397634999,2382,13,0.79,41.6067001,-86.35605059999999,233.45000000000002,0.025019992142915726,272.2906188964844,0.27900001406669617,0.0,1,2528.43
2528629667,0,3,397635199,2382,13,0.79,41.6066942,-86.3560431,235.43,0.13100382685661316,0.4373638331890106,0.23600001633167267,0.0,0,2528.63
2528629709,1,3,397635199,2382,13,0.79,41.6067002,-86.3560507,233.39000000000001,0.12106610834598541,358.10662841796875,0.2670000195503235,0.0,1,2528.63
2528829704,0,3,397635399,2382,13,0.79,41.606694399999995,-86.3560432,235.32,0.02900000289082527,316.3971862792969,0.37300002574920654,0.0,0,2528.83
2528829717,1,3,397635399,2382,13,0.79,41.6067003,-86.3560507,233.31,0.012206556275486946,34.99201583862305,0.3050000071525574,0.0,1,2528.83
2529029689,0,3,397635599,2382,13,0.79,41.606694499999996,-86.3560433,235.23000000000002,0.12614277005195618,357.273681640625,0.3890000283718109,0.0,0,2529.03
2529029703,1,3,397635599,2382,13,0.79,41.6067004,-86.35605079999999,233.26,0.15500323474407196,346.9499816894531,0.3320000171661377,0.0,1,2529.03
2529229606,0,3,397635799,2382,13,0.79,41.6066946,-86.3560432,235.14000000000001,0.11997083574533463,129.92787170410156,0.31700000166893005,0.0,0,2529.23
2529229620,1,3,397635799,2382,13,0.79,41.6067004,-86.3560507,233.17000000000002,0.20441626012325287,124.23423767089844,0.2460000067949295,0.0,1,2529.23
2529429664,0,3,397635999,2382,13,0.79,41.606694499999996,-86.356043,235.08,0.14136478304862976,115.11483001708984,0.33800002932548523,0.0,0,2529.43
2529429678,1,3,397635999,2382,13,0.79,41.6067004,-86.35605059999999,233.13,0.21038062870502472,330.998291015625,0.4230000078678131,0.0,1,2529.43
2529629662,0,3,397636199,2382,13,0.79,41.606694499999996,-86.3560428,234.98000000000002,0.08709191530942917,105.31281280517578,0.3700000047683716,0.0,0,2529.63
2529629676,1,3,397636199,2382,13,0.79,41.606700499999995,-86.35605059999999,232.98000000000002,0.25391730666160583,130.52786254882812,0.3890000283718109,0.0,1,2529.63
2529829604,0,3,397636399,2382,13,0.79,41.606694399999995,-86.3560428,234.93,0.02941088378429413,125.31120300292969,0.36900001764297485,0.0,0,2529.83
2529829652,1,3,397636399,2382,13,0.79,41.6067004,-86.35605029999999,232.97,0.1540292352437973,358.8840026855469,0.3920000195503235,0.0,1,2529.83
2530029686,0,3,397636599,2382,13,0.79,41.6066946,-86.3560428,234.84,0.061522357165813446,7.471558094024658,0.25300002098083496,0.0,0,2530.03
2530029700,1,3,397636599,2382,13,0.79,41.606700499999995,-86.35605029999999,232.88,0.13035720586776733,145.9442138671875,0.2600000202655792,0.0,1,2530.03
2530229714,0,3,397636799,2382,13,0.79,41.6066948,-86.356043,234.73000000000002,0.03471311181783676,131.4964599609375,0.3320000171661377,0.0,0,2530.23
2530229728,1,3,397636799,2382,13,0.79,41.6067004,-86.3560502,232.8,0.015231546945869923,156.8013916015625,0.38600000739097595,0.0,1,2530.23
2530429689,0,3,397636999,2382,13,0.79,41.6066948,-86.356043,234.64000000000001,0.057775430381298065,113.45901489257812,0.3150000274181366,0.0,0,2530.43
2530429703,1,3,397636999,2382,13,0.79,41.6067003,-86.35605029999999,232.74,0.06545991450548172,198.7117462158203,0.26600000262260437,0.0,1,2530.43
2530629666,0,3,397637199,2382,13,0.79,41.6066949,-86.356043,234.56,0.0885494202375412,333.14556884765625,0.24900001287460327,0.0,0,2530.63
2530629680,1,3,397637199,2382,13,0.79,41.6067003,-86.35605029999999,232.70000000000002,0.07660940289497375,54.027610778808594,0.31700000166893005,0.0,1,2530.63
2530829758,0,3,397637399,2382,13,0.79,41.606694999999995,-86.3560432,234.5,0.12003333866596222,190.56101989746094,0.2680000066757202,0.0,0,2530.83
2530829772,1,3,397637399,2382,13,0.79,41.6067003,-86.35605029999999,232.62,0.033526111394166946,252.64598083496094,0.28200000524520874,0.0,1,2530.83
2531029659,0,3,397637599,2382,13,0.79,41.606694999999995,-86.3560433,234.43,0.016124514862895012,299.744873046875,0.1810000091791153,0.0,0,2531.03
2531029674,1,3,397637599,2382,13,0.79,41.6067004,-86.3560504,232.55,0.1207021176815033,6.182929992675781,0.3710000216960907,0.0,1,2531.03
2531229663,0,3,397637799,2382,13,0.79,41.606695099999996,-86.35604339999999,234.35,0.03280244022607803,232.43142700195312,0.2850000262260437,0.0,0,2531.23
2531229682,1,3,397637799,2382,13,0.79,41.6067004,-86.3560504,232.46,0.11107205599546432,177.93617248535156,0.2970000207424164,0.0,1,2531.23
2531429692,0,3,397637999,2382,13,0.79,41.6066952,-86.35604359999999,234.31,0.05478138476610184,291.4129638671875,0.2990000247955322,0.0,0,2531.43
2531429705,1,3,397637999,2382,13,0.79,41.6067004,-86.3560505,232.42000000000002,0.12713772058486938,340.7099609375,0.2939999997615814,0.0,1,2531.43
2531629653,0,3,397638199,2382,13,0.79,41.6066953,-86.3560438,234.23000000000002,0.026683328673243523,257.0054016113281,0.3050000071525574,0.0,0,2531.63
2531629666,1,3,397638199,2382,13,0.79,41.6067004,-86.35605059999999,232.31,0.07088018208742142,196.38954162597656,0.4180000126361847,0.0,1,2531.63
2531829728,0,3,397638399,2382,13,0.79,41.6066954,-86.356044,234.11,0.06664083153009415,244.2039794921875,0.40800002217292786,0.0,0,2531.83
2531829742,1,3,397638399,2382,13,0.79,41.6067003,-86.35605059999999,232.25,0.04973932355642319,30.17351722717285,0.2850000262260437,0.0,1,2531.83
2532029690,0,3,397638599,2382,13,0.79,41.6066955,-86.35604409999999,234.02,0.07333485782146454,354.52264404296875,0.38700002431869507,0.0,0,2532.03
2532029704,1,3,397638599,2382,13,0.79,41.6067003,-86.35605059999999,232.21,0.058137767016887665,176.0548095703125,0.22500000894069672,0.0,1,2532.03
2532229698,0,3,397638799,2382,13,0.79,41.606695699999996,-86.3560442,233.97,0.11371895670890808,336.13983154296875,0.4410000145435333,0.0,0,2532.23
2532229711,1,3,397638799,2382,13,0.79,41.6067004,-86.3560505,232.16,0.1230650246143341,28.647615432739258,0.31200000643730164,0.0,1,2532.23
2532429604,0,3,397638999,2382,13,0.79,41.6066958,-86.3560442,233.87,0.053823791444301605,35.16643524169922,0.3290000259876251,0.0,0,2532.43
2532429621,1,3,397638999,2382,13,0.79,41.6067004,-86.35605059999999,232.05,0.10515227168798447,237.82135009765625,0.42600002884864807,0.0,1,2532.43
2532629590,0,3,397639199,2382,13,0.79,41.6066959,-86.3560442,233.77,0.09360022097826004,323.2525329589844,0.36000001430511475,0.0,0,2532.63
2532629620,1,3,397639199,2382,13,0.79,41.6067002,-86.3560507,232.01,0.09847842901945114,147.43955993652344,0.3230000138282776,0.0,1,2532.63
2532829624,0,3,397639399,2382,13,0.79,41.6066961,-86.3560444,233.70000000000002,0.09087354689836502,335.9735107421875,0.4280000329017639,0.0,0,2532.83
2532829637,1,3,397639399,2382,13,0.79,41.6067002,-86.3560505,231.98000000000002,0.14534097909927368,34.34609603881836,0.1770000010728836,0.0,1,2532.83
2533029735,0,3,397639599,2382,13,0.79,41.606696199999995,-86.3560444,233.59,0.12762445211410522,122.19572448730469,0.2240000069141388,0.0,0,2533.03
2533029764,1,3,397639599,2382,13,0.79,41.6067002,-86.35605059999999,231.87,0.1543113738298416,222.37359619140625,0.3360000252723694,0.0,1,2533.03
2533229692,0,3,397639799,2382,13,0.79,41.606696199999995,-86.3560444,233.53,0.10907796025276184,328.4957275390625,0.3450000286102295,0.0,0,2533.23
2533229707,1,3,397639799,2382,13,0.79,41.6067002,-86.35605059999999,231.81,0.18930663168430328,28.731233596801758,0.30900001525878906,0.0,1,2533.23
2533429666,0,3,397639999,2382,13,0.79,41.606696299999996,-86.3560445,233.45000000000002,0.04548626393079758,146.65928649902344,0.24000000953674316,0.0,0,2533.43
2533429679,1,3,397639999,2382,13,0.79,41.6067002,-86.35605059999999,231.71,0.15116217732429504,177.34579467773438,0.3570000231266022,0.0,1,2533.43
2533629681,0,3,397640199,2382,13,0.79,41.606696299999996,-86.3560445,233.37,0.08796590566635132,319.61065673828125,0.3960000276565552,0.0,0,2533.63
2533629695,1,3,397640199,2382,13,0.79,41.6067001,-86.35605059999999,231.65,0.1523975133895874,347.8789978027344,0.3620000183582306,0.0,1,2533.63
2533829705,0,3,397640399,2382,13,0.79,41.6066964,-86.35604459999999,233.31,0.06435060501098633,302.94921875,0.34800001978874207,0.0,0,2533.83
2533829721,1,3,397640399,2382,13,0.79,41.6067002,-86.3560505,231.56,0.08532878011465073,100.12466430664062,0.34800001978874207,0.0,1,2533.83
2534029652,0,3,397640599,2382,13,0.79,41.6066966,-86.3560447,233.19,0.04753946140408516,67.75096893310547,0.2939999997615814,0.0,0,2534.03
2534029694,1,3,397640599,2382,13,0.79,41.6067002,-86.3560505,231.44,0.04801041632890701,215.67642211914062,0.5010000467300415,0.0,1,2534.03
2534229575,0,3,397640799,2382,13,0.79,41.6066965,-86.3560447,233.19,0.11311057209968567,177.4664306640625,0.328000009059906,0.0,0,2534.23
2534229590,1,3,397640799,2382,13,0.79,41.6067002,-86.35605059999999,231.37,0.12202458828687668,347.216552734375,0.46700000762939453,0.0,1,2534.23
2534429618,0,3,397640999,2382,13,0.79,41.6066965,-86.35604479999999,233.07,0.11178998649120331,291.5158996582031,0.2510000169277191,0.0,0,2534.43
2534429632,1,3,397640999,2382,13,0.79,41.6067002,-86.3560505,231.27,0.18016104400157928,139.50218200683594,0.2580000162124634,0.0,1,2534.43
2534629645,0,3,397641199,2382,13,0.79,41.6066967,-86.356045,232.97,0.10041912645101547,315.80694580078125,0.2540000081062317,0.0,0,2534.63
2534629658,1,3,397641199,2382,13,0.79,41.6067002,-86.3560505,231.27,0.17686718702316284,316.83282470703125,0.41100001335144043,0.0,1,2534.63
2534829701,0,3,397641399,2382,13,0.79,41.606696799999995,-86.3560451,232.86,0.03969886898994446,139.08560180664062,0.35600000619888306,0.0,0,2534.83
2534829717,1,3,397641399,2382,13,0.79,41.6067002,-86.35605059999999,231.11,0.12880994379520416,126.1581802368164,0.28200000524520874,0.0,1,2534.83
2535029764,0,3,397641599,2382,13,0.79,41.606696899999996,-86.3560451,232.78,0.03361547365784645,337.2490234375,0.2970000207424164,0.0,0,2535.03
2535029825,1,3,397641599,2382,13,0.79,41.6067002,-86.3560505,231.05,0.08249242603778839,329.3935852050781,0.44600000977516174,0.0,1,2535.03
2535229691,0,3,397641799,2382,13,0.79,41.606697,-86.3560451,232.72,0.14571547508239746,348.9214172363281,0.3150000274181366,0.0,0,2535.23
2535229704,1,3,397641799,2382,13,0.79,41.6067002,-86.3560505,230.95000000000002,0.16264072060585022,134.5017852783203,0.4360000193119049,0.0,1,2535.23
2535429594,0,3,397641999,2382,13,0.79,41.6066972,-86.3560451,232.64000000000001,0.04904080182313919,163.4126434326172,0.2939999997615814,0.0,0,2535.43
2535429702,1,3,397641999,2382,13,0.79,41.6067002,-86.35605029999999,230.89000000000001,0.12553884088993073,30.650667190551758,0.2670000195503235,0.0,1,2535.43
2535629648,0,3,397642199,2382,13,0.79,41.6066973,-86.3560451,232.6,0.10538026690483093,9.283553123474121,0.26900002360343933,0.0,0,2535.63
2535629663,1,3,397642199,2382,13,0.79,41.6067003,-86.3560504,230.83,0.10511898994445801,258.4762878417969,0.3270000219345093,0.0,1,2535.63
2535809342,0,3,397642399,2382,13,0.79,41.6066977,-86.3560452,232.5,0.19132433831691742,342.03857421875,0.2980000078678131,0.0,0,2535.809
2535829590,1,3,397642399,2382,13,0.79,41.6067004,-86.3560505,230.75,0.13980701565742493,52.55634307861328,0.39500001072883606,0.0,1,2535.83
2536029661,0,3,397642599,2382,13,0.79,41.606698,-86.35604529999999,232.43,0.0650000050663948,53.13010025024414,0.28300002217292786,0.0,0,2536.03
2536029676,1,3,397642599,2382,13,0.79,41.606700499999995,-86.3560504,230.72,0.032756682485342026,77.66090393066406,0.25200000405311584,0.0,1,2536.03
2536229696,0,3,397642799,2382,13,0.79,41.606698099999996,-86.3560452,232.36,0.04816637933254242,94.76364135742188,0.38700002431869507,0.0,0,2536.23
2536229710,1,3,397642799,2382,13,0.79,41.606700499999995,-86.35605029999999,230.70000000000002,0.06300793588161469,54.03948211669922,0.27300000190734863,0.0,1,2536.23
2536429723,0,3,397642999,2382,13,0.79,41.6066983,-86.3560452,232.27,0.0751664862036705,3.814074754714966,0.4390000104904175,0.0,0,2536.43
2536429737,1,3,397642999,2382,13,0.79,41.6067007,-86.35605029999999,230.59,0.07400000095367432,18.92464256286621,0.3050000071525574,0.0,1,2536.43
2536629784,0,3,397643199,2382,13,0.79,41.6066984,-86.3560452,232.20000000000002,0.057271286845207214,167.9052276611328,0.3450000286102295,0.0,0,2536.63
2536629797,1,3,397643199,2382,13,0.79,41.6067007,-86.3560504,230.54,0.09304837882518768,268.15240478515625,0.30300000309944153,0.0,1,2536.63
2536829807,0,3,397643399,2382,13,0.79,41.6066986,-86.3560454,232.09,0.13401493430137634,307.7250061035156,0.3290000259876251,0.0,0,2536.83
2536829820,1,3,397643399,2382,13,0.79,41.6067007,-86.3560505,230.45000000000002,0.0752861276268959,73.00917053222656,0.32600000500679016,0.0,1,2536.83
2537029716,0,3,397643599,2382,13,0.79,41.606698699999995,-86.3560455,232.02,0.052009616047143936,181.10171508789062,0.3490000069141388,0.0,0,2537.03
2537029729,1,3,397643599,2382,13,0.79,41.6067007,-86.35605059999999,230.39000000000001,0.12795311212539673,245.03721618652344,0.29100000858306885,0.0,1,2537.03
2537229686,0,3,397643799,2382,13,0.79,41.6066988,-86.3560456,231.87,0.0766615942120552,300.5792236328125,0.46300002932548523,0.0,0,2537.23
2537229700,1,3,397643799,2382,13,0.79,41.6067008,-86.35605079999999,230.28,0.16630694270133972,11.445062637329102,0.3400000035762787,0.0,1,2537.23
2537429616,0,3,397643999,2382,13,0.79,41.6066991,-86.3560457,231.74,0.077006496489048,0.7440590858459473,0.4400000274181366,0.0,0,2537.43
2537429694,1,3,397643999,2382,13,0.79,41.606701,-86.3560509,230.20000000000002,0.114017553627491,285.255126953125,0.4020000100135803,0.0,1,2537.43
2537629664,0,3,397644199,2382,13,0.79,41.606699299999995,-86.3560459,231.63,0.1861719787120819,309.33270263671875,0.3850000202655792,0.0,0,2537.63
2537629680,1,3,397644199,2382,13,0.79,41.606701,-86.356051,230.11,0.06585590541362762,41.92254638671875,0.37700000405311584,0.0,1,2537.63
2537829683,0,3,397644399,2382,13,0.79,41.6066995,-86.35604599999999,231.5,0.004999999888241291,36.869895935058594,0.3840000033378601,0.0,0,2537.83
2537829741,1,3,397644399,2382,13,0.79,41.606701099999995,-86.356051,230.01,0.03505709767341614,3.2704880237579346,0.49500003457069397,0.0,1,2537.83
2538029734,0,3,397644599,2382,13,0.79,41.6066996,-86.35604599999999,231.41,0.0454532727599144,140.35581970214844,0.3490000069141388,0.0,0,2538.03
2538029747,1,3,397644599,2382,13,0.79,41.606701199999996,-86.356051,229.95000000000002,0.07707788795232773,337.09423828125,0.3100000023841858,0.0,1,2538.03
2538229735,0,3,397644799,2382,13,0.79,41.6066997,-86.3560459,231.3,0.03661966696381569,34.99201965332031,0.3410000205039978,0.0,0,2538.23
2538229749,1,3,397644799,2382,13,0.79,41.606701199999996,-86.356051,229.89000000000001,0.012041594833135605,94.76364135742188,0.3240000009536743,0.0,1,2538.23
2538429793,0,3,397644999,2382,13,0.79,41.6066998,-86.3560459,231.25,0.033837851136922836,325.8403015136719,0.18700000643730164,0.0,0,2538.43
2538429807,1,3,397644999,2382,13,0.79,41.606701199999996,-86.356051,229.83,0.07762087881565094,165.06857299804688,0.2990000247955322,0.0,1,2538.43
2538629799,0,3,397645199,2382,13,0.79,41.6067,-86.35604599999999,231.14000000000001,0.057688821107149124,236.3099365234375,0.2850000262260437,0.0,0,2538.63
2538629849,1,3,397645199,2382,13,0.79,41.606701,-86.356051,229.77,0.05703508108854294,182.0095672607422,0.20000000298023224,0.0,1,2538.63
2538829694,0,3,397645399,2382,13,0.79,41.6067,-86.3560461,231.04,0.009219544008374214,229.39871215820312,0.27800002694129944,0.0,0,2538.83
2538829714,1,3,397645399,2382,13,0.79,41.6067009,-86.3560511,229.72,0.044944413006305695,200.85447692871094,0.22100001573562622,0.0,1,2538.83
2539029690,0,3,397645599,2382,13,0.79,41.6067,-86.3560461,230.98000000000002,0.050219520926475525,234.72760009765625,0.23500001430511475,0.0,0,2539.03
2539029705,1,3,397645599,2382,13,0.79,41.6067009,-86.3560511,229.67000000000002,0.04763402044773102,140.9644775390625,0.22100001573562622,0.0,1,2539.03
2539229861,0,3,397645799,2382,13,0.79,41.6067001,-86.3560462,230.93,0.045793015509843826,328.39251708984375,0.30300000309944153,0.0,0,2539.23
2539229898,1,3,397645799,2382,13,0.79,41.6067007,-86.3560511,229.63,0.07569016516208649,164.67848205566406,0.1770000010728836,0.0,1,2539.23
2539429676,0,3,397645999,2382,13,0.79,41.6067001,-86.3560462,230.85,0.0760263130068779,153.43495178222656,0.24900001287460327,0.0,0,2539.43
2539429690,1,3,397645999,2382,13,0.79,41.606700599999996,-86.356051,229.6,0.0596657395362854,140.44032287597656,0.1770000010728836,0.0,1,2539.43
2539629759,0,3,397646199,2382,13,0.79,41.6067,-86.3560461,230.77,0.12854960560798645,156.62583923339844,0.23100000619888306,0.0,0,2539.63
2539629773,1,3,397646199,2382,13,0.79,41.606700599999996,-86.3560511,229.55,0.02475883811712265,316.6365661621094,0.17500001192092896,0.0,1,2539.63
2539829766,0,3,397646399,2382,13,0.79,41.606699899999995,-86.3560459,230.70000000000002,0.04123105853796005,104.0362319946289,0.2290000170469284,0.0,0,2539.83
2539829785,1,3,397646399,2382,13,0.79,41.606700599999996,-86.3560511,229.52,0.11067972332239151,145.30484008789062,0.17500001192092896,0.0,1,2539.83
2540029717,0,3,397646599,2382,13,0.79,41.6067,-86.35604579999999,230.65,0.11452947556972504,61.868656158447266,0.2110000103712082,0.0,0,2540.03
2540029732,1,3,397646599,2382,13,0.79,41.606700499999995,-86.356051,229.49,0.042059481143951416,118.39302062988281,0.125,0.0,1,2540.03
2540229744,0,3,397646799,2382,13,0.79,41.6067001,-86.3560455,230.59,0.11113955825567245,59.743560791015625,0.17000000178813934,0.0,0,2540.23
2540229758,1,3,397646799,2382,13,0.79,41.606700499999995,-86.356051,229.46,0.009000000543892384,180.0,0.0650000050663948,0.0,1,2540.23
2540429773,0,3,397646999,2382,13,0.79,41.6067002,-86.3560454,230.52,0.08318653702735901,9.688785552978516,0.17800000309944153,0.0,0,2540.43
2540429786,1,3,397646999,2382,13,0.79,41.6067004,-86.3560509,229.44,0.1061696857213974,93.23969268798828,0.12000000476837158,0.0,1,2540.43
2540629696,0,3,397647199,2382,13,0.79,41.6067003,-86.3560454,230.5,0.013928388245403767,248.96249389648438,0.10400000214576721,0.0,0,2540.63
2540629711,1,3,397647199,2382,13,0.79,41.606700499999995,-86.3560507,229.42000000000002,0.0522015355527401,69.829345703125,0.030000001192092896,0.0,1,2540.63
2540829737,0,3,397647399,2382,13,0.79,41.6067003,-86.35604529999999,230.45000000000002,0.06902898102998734,1.6602821350097656,-0.015000000596046448,0.0,0,2540.83
2540829766,1,3,397647399,2382,13,0.79,41.6067004,-86.35605059999999,229.42000000000002,0.10599057376384735,116.32328033447266,-0.026000000536441803,0.0,1,2540.83
2541029706,0,3,397647599,2382,13,0.79,41.6067003,-86.3560452,230.41,0.07816009223461151,93.66777801513672,0.04500000178813934,0.0,0,2541.03
2541029721,1,3,397647599,2382,13,0.79,41.6067004,-86.3560505,229.41,0.062297675758600235,71.27420806884766,-0.052000001072883606,0.0,1,2541.03
2541209294,1,3,397647799,2382,13,0.79,41.6067004,-86.3560505,229.4,0.050328921526670456,20.95577621459961,0.004000000189989805,0.0,1,2541.209
2541230288,0,3,397647799,2382,13,0.79,41.6067004,-86.3560451,230.36,0.03080584481358528,13.134021759033203,0.06599999964237213,0.0,0,2541.23
2541429762,0,3,397647999,2382,13,0.79,41.6067004,-86.356045,230.36,0.03801315650343895,271.5074462890625,0.11000000685453415,0.0,0,2541.43
2541429776,1,3,397647999,2382,13,0.79,41.606700499999995,-86.3560505,229.39000000000001,0.05656854435801506,8.13010311126709,-0.04700000211596489,0.0,1,2541.43
2541629739,0,3,397648199,2382,13,0.79,41.6067004,-86.3560451,230.36,0.06236986815929413,347.9693908691406,0.18000000715255737,0.0,0,2541.63
2541629753,1,3,397648199,2382,13,0.79,41.606700599999996,-86.35605059999999,229.39000000000001,0.06400781124830246,28.967660903930664,0.0010000000474974513,0.0,1,2541.63
2541829746,0,3,397648399,2382,13,0.79,41.606700599999996,-86.356045,230.33,0.08888757228851318,17.00794792175293,0.0690000057220459,0.0,0,2541.83
2541829760,1,3,397648399,2382,13,0.79,41.6067007,-86.35605059999999,229.38,0.032388269901275635,8.880658149719238,0.01100000087171793,0.0,1,2541.83
2542029693,0,3,397648599,2382,13,0.79,41.6067009,-86.356045,230.31,0.11792370676994324,337.5670166015625,0.07100000232458115,0.0,0,2542.03
2542029772,1,3,397648599,2382,13,0.79,41.6067007,-86.3560507,229.37,0.02088061533868313,286.6992492675781,-0.058000002056360245,0.0,1,2542.03
2542229812,0,3,397648799,2382,13,0.79,41.606701099999995,-86.356045,230.29,0.061684682965278625,70.09624481201172,0.04200000315904617,0.0,0,2542.23
2542229832,1,3,397648799,2382,13,0.79,41.6067008,-86.35605079999999,229.36,0.003162277862429619,71.56504821777344,-0.08900000154972076,0.0,1,2542.23
2542429662,0,3,397648999,2382,13,0.79,41.606701199999996,-86.35604479999999,230.29,0.09323090314865112,67.28558349609375,-0.04700000211596489,0.0,0,2542.43
2542429677,1,3,397648999,2382,13,0.79,41.6067008,-86.3560509,229.38,0.031240999698638916,140.1944122314453,-0.03800000250339508,0.0,1,2542.43
2542629698,0,3,397649199,2382,13,0.79,41.6067013,-86.35604479999999,230.28,0.052239831537008286,275.4923095703125,0.032999999821186066,0.0,0,2542.63
2542629715,1,3,397649199,2382,13,0.79,41.6067008,-86.356051,229.38,0.014000000432133675,0.0,-0.05700000375509262,0.0,1,2542.63
2542829740,0,3,397649399,2382,13,0.79,41.6067013,-86.3560447,230.27,0.06356886029243469,70.70995330810547,0.03100000135600567,0.0,0,2542.83
2542829754,1,3,397649399,2382,13,0.79,41.6067008,-86.356051,229.39000000000001,0.02416609413921833,155.5560302734375,0.036000002175569534,0.0,1,2542.83
2543029774,0,3,397649599,2382,13,0.79,41.6067013,-86.3560445,230.24,0.08962701261043549,100.9338150024414,0.030000001192092896,0.0,0,2543.03
2543029788,1,3,397649599,2382,13,0.79,41.6067008,-86.3560511,229.38,0.03716180846095085,113.80593872070312,0.02800000086426735,0.0,1,2543.03
2543229729,0,3,397649799,2382,13,0.79,41.6067014,-86.3560443,230.20000000000002,0.05536244437098503,69.928466796875,0.07400000095367432,0.0,0,2543.23
2543229742,1,3,397649799,2382,13,0.79,41.6067008,-86.3560511,229.37,0.03753664717078209,131.7602996826172,-0.012000000104308128,0.0,1,2543.23
2543429825,0,3,397649999,2382,13,0.79,41.6067014,-86.35604409999999,230.17000000000002,0.11053507030010223,131.33221435546875,0.05300000309944153,0.0,0,2543.43
2543429838,1,3,397649999,2382,13,0.79,41.6067008,-86.3560512,229.36,0.04060788452625275,170.07374572753906,-0.08300000429153442,0.0,1,2543.43
2543629652,0,3,397650199,2382,13,0.79,41.6067014,-86.3560439,230.13,0.06802941113710403,88.3153076171875,0.15900000929832458,0.0,0,2543.63
2543629679,1,3,397650199,2382,13,0.79,41.6067008,-86.3560512,229.35,0.04197618365287781,77.61923217773438,-0.010000000707805157,0.0,1,2543.63
2543829690,0,3,397650399,2382,13,0.79,41.6067015,-86.3560439,230.07,0.030413813889026642,279.46234130859375,0.08100000023841858,0.0,0,2543.83
2543829761,1,3,397650399,2382,13,0.79,41.6067009,-86.3560512,229.35,0.05693856626749039,120.61859130859375,0.007000000216066837,0.0,1,2543.83
2544029744,0,3,397650599,2382,13,0.79,41.6067016,-86.3560439,230.05,0.025806976482272148,54.46232223510742,0.0,0.0,0,2544.03
2544029785,1,3,397650599,2382,13,0.79,41.6067008,-86.3560512,229.35,0.041773200035095215,137.91082763671875,-0.03400000184774399,0.0,1,2544.03
2544229718,0,3,397650799,2382,13,0.79,41.6067016,-86.3560438,230.04,0.04707441106438637,192.26478576660156,0.020000001415610313,0.0,0,2544.23
2544229732,1,3,397650799,2382,13,0.79,41.6067008,-86.3560512,229.36,0.053037725389003754,135.76390075683594,-0.06200000271201134,0.0,1,2544.23
2544429725,0,3,397650999,2382,13,0.79,41.6067015,-86.3560437,230.02,0.11788978427648544,145.36631774902344,0.10700000822544098,0.0,0,2544.43
2544429738,1,3,397650999,2382,13,0.79,41.6067008,-86.3560512,229.39000000000001,0.03534119576215744,115.11483001708984,-0.06599999964237213,0.0,1,2544.43
2544629762,0,3,397651199,2382,13,0.79,41.6067014,-86.3560435,229.99,0.09319335222244263,146.82147216796875,-0.08900000154972076,0.0,0,2544.63
2544629777,1,3,397651199,2382,13,0.79,41.6067008,-86.3560512,229.4,0.026683328673243523,102.9946060180664,-0.07000000029802322,0.0,1,2544.63
2544829721,0,3,397651399,2382,13,0.79,41.6067014,-86.35604339999999,229.98000000000002,0.032999999821186066,180.0,0.04100000113248825,0.0,0,2544.83
2544829736,1,3,397651399,2382,13,0.79,41.6067008,-86.3560512,229.41,0.020518286153674126,136.9749298095703,-0.12200000882148743,0.0,1,2544.83
2545029664,0,3,397651599,2382,13,0.79,41.6067014,-86.35604339999999,229.97,0.04940648004412651,125.94210815429688,0.10400000214576721,0.0,0,2545.03
2545029754,1,3,397651599,2382,13,0.79,41.6067008,-86.3560512,229.42000000000002,0.031906113028526306,32.195735931396484,-0.046000003814697266,0.0,1,2545.03
2545229644,0,3,397651799,2382,13,0.79,41.6067013,-86.3560433,229.97,0.08796590566635132,220.3893585205078,0.024000000208616257,0.0,0,2545.23
2545229686,1,3,397651799,2382,13,0.79,41.6067008,-86.3560512,229.44,0.03492850065231323,103.24050903320312,-0.0950000062584877,0.0,1,2545.23
2545429731,0,3,397651999,2382,13,0.79,41.6067014,-86.35604339999999,229.95000000000002,0.01303840521723032,175.60128784179688,0.006000000052154064,0.0,0,2545.43
2545429744,1,3,397651999,2382,13,0.79,41.6067008,-86.3560512,229.44,0.06621178239583969,115.01688385009766,-0.04500000178813934,0.0,1,2545.43
2545629710,0,3,397652199,2382,13,0.79,41.6067014,-86.3560432,229.95000000000002,0.06923149526119232,79.1769790649414,-0.00800000037997961,0.0,0,2545.63
2545629727,1,3,397652199,2382,13,0.79,41.6067008,-86.3560512,229.46,0.020615529268980026,104.0362319946289,-0.05000000074505806,0.0,1,2545.63
2545829815,0,3,397652399,2382,13,0.79,41.606701199999996,-86.356043,230.0,0.10562197118997574,161.2219696044922,0.0430000014603138,0.0,0,2545.83
2545829828,1,3,397652399,2382,13,0.79,41.6067008,-86.3560512,229.46,0.03981206193566322,25.277721405029297,-0.032999999821186066,0.0,1,2545.83
2546029741,0,3,397652599,2382,13,0.79,41.606701099999995,-86.3560428,230.02,0.029154758900403976,30.963756561279297,0.032999999821186066,0.0,0,2546.03
2546029784,1,3,397652599,2382,13,0.79,41.6067008,-86.35605129999999,229.46,0.02523886039853096,326.3099365234375,-0.049000002443790436,0.0,1,2546.03
2546229788,0,3,397652799,2382,13,0.79,41.606701,-86.35604269999999,230.04,0.06356099992990494,167.275634765625,0.039000000804662704,0.0,0,2546.23
2546229818,1,3,397652799,2382,13,0.79,41.6067008,-86.3560514,229.47,0.022203605622053146,262.2348327636719,0.02800000086426735,0.0,1,2546.23
2546429741,0,3,397652999,2382,13,0.79,41.606701,-86.3560425,229.99,0.05166236683726311,42.646697998046875,0.08500000089406967,0.0,0,2546.43
2546429755,1,3,397652999,2382,13,0.79,41.6067009,-86.3560516,229.47,0.017000000923871994,270.0,-0.010000000707805157,0.0,1,2546.43
2546629694,0,3,397653199,2382,13,0.79,41.606701,-86.35604239999999,230.0,0.0403112918138504,316.0050964355469,0.08100000023841858,0.0,0,2546.63
2546629735,1,3,397653199,2382,13,0.79,41.6067009,-86.3560517,229.47,0.019209373742341995,128.65980529785156,-0.026000000536441803,0.0,1,2546.63
2546829638,0,3,397653399,2382,13,0.79,41.606701,-86.35604239999999,230.03,0.048703186213970184,340.82098388671875,0.09000000357627869,0.0,0,2546.83
2546829723,1,3,397653399,2382,13,0.79,41.606701,-86.3560518,229.47,0.004242640919983387,225.0,0.009000000543892384,0.0,1,2546.83
2547029792,0,3,397653599,2382,13,0.79,41.606701,-86.35604219999999,230.06,0.0999249741435051,112.97270965576172,-0.00800000037997961,0.0,0,2547.03
2547029806,1,3,397653599,2382,13,0.79,41.606701099999995,-86.3560519,229.46,0.013601471669971943,53.97262191772461,-0.04800000041723251,0.0,1,2547.03
2547229678,0,3,397653799,2382,13,0.79,41.6067009,-86.356042,230.1,0.047010637819767,330.7086486816406,-0.0820000022649765,0.0,0,2547.23
2547229691,1,3,397653799,2382,13,0.79,41.606701099999995,-86.35605199999999,229.47,0.03635932132601738,148.4957275390625,-0.03500000014901161,0.0,1,2547.23
2547429795,0,3,397653999,2382,13,0.79,41.6067009,-86.3560419,230.15,0.05830951780080795,149.03623962402344,0.014000000432133675,0.0,0,2547.43
2547429809,1,3,397653999,2382,13,0.79,41.606701099999995,-86.3560521,229.48000000000002,0.01910497434437275,173.99098205566406,-0.05100000277161598,0.0,1,2547.43
2547629812,0,3,397654199,2382,13,0.79,41.6067007,-86.3560418,230.20000000000002,0.06103278324007988,181.8778839111328,-0.06100000441074371,0.0,0,2547.63
2547629854,1,3,397654199,2382,13,0.79,41.606701099999995,-86.3560522,229.5,0.02900000289082527,43.602813720703125,-0.03400000184774399,0.0,1,2547.63
2547829722,0,3,397654399,2382,13,0.79,41.606700599999996,-86.35604169999999,230.26,0.032557643949985504,312.51043701171875,-0.09100000560283661,0.0,0,2547.83
2547829763,1,3,397654399,2382,13,0.79,41.606701199999996,-86.3560523,229.5,0.05830951780080795,149.03623962402344,-0.052000001072883606,0.0,1,2547.83
2548029766,0,3,397654599,2382,13,0.79,41.606700599999996,-86.3560416,230.33,0.03047950379550457,221.00909423828125,-0.09000000357627869,0.0,0,2548.03
2548029780,1,3,397654599,2382,13,0.79,41.606701199999996,-86.3560523,229.5,0.03138471022248268,30.650667190551758,-0.03700000047683716,0.0,1,2548.03
2548229648,0,3,397654799,2382,13,0.79,41.606700599999996,-86.35604149999999,230.3,0.03405877575278282,130.23634338378906,0.006000000052154064,0.0,0,2548.23
2548229665,1,3,397654799,2382,13,0.79,41.6067013,-86.3560524,229.51,0.022360682487487793,100.30484008789062,-0.08500000089406967,0.0,1,2548.23
2548429644,0,3,397654999,2382,13,0.79,41.6067007,-86.3560414,230.28,0.07000713795423508,359.1815490722656,-0.027000000700354576,0.0,0,2548.43
2548429684,1,3,397654999,2382,13,0.79,41.6067014,-86.35605249999999,229.51,0.012529964558780193,61.3895378112793,-0.07900000363588333,0.0,1,2548.43
2548629503,0,3,397655199,2382,13,0.79,41.6067008,-86.3560413,230.31,0.03200000151991844,90.0,0.024000000208616257,0.0,0,2548.63
2548629520,1,3,397655199,2382,13,0.79,41.6067015,-86.3560526,229.53,0.02088061533868313,16.699243545532227,-0.05100000277161598,0.0,1,2548.63
2548829569,0,3,397655399,2382,13,0.79,41.6067007,-86.3560411,230.34,0.0458911769092083,191.3099365234375,-0.08500000089406967,0.0,0,2548.83
2548829585,1,3,397655399,2382,13,0.79,41.6067015,-86.35605269999999,229.55,0.012806249782443047,141.34017944335938,-0.024000000208616257,0.0,1,2548.83
2549029545,0,3,397655599,2382,13,0.79,41.606700499999995,-86.35604099999999,230.39000000000001,0.06530696898698807,168.5179901123047,0.039000000804662704,0.0,0,2549.03
2549029561,1,3,397655599,2382,13,0.79,41.6067016,-86.3560528,229.53,0.02745906077325344,79.5085220336914,-0.01100000087171793,0.0,1,2549.03
2549229643,0,3,397655799,2382,13,0.79,41.6067004,-86.3560408,230.38,0.09087354689836502,114.02649688720703,0.01900000125169754,0.0,0,2549.23
2549229659,1,3,397655799,2382,13,0.79,41.6067016,-86.3560529,229.53,0.033526111394166946,162.64596557617188,0.005000000353902578,0.0,1,2549.23
2549429677,0,3,397655999,2382,13,0.79,41.6067002,-86.35604049999999,230.47,0.018439089879393578,167.47119140625,-0.07800000160932541,0.0,0,2549.43
2549429694,1,3,397655999,2382,13,0.79,41.606701699999995,-86.356053,229.53,0.05185557156801224,309.52264404296875,0.006000000052154064,0.0,1,2549.43
2549629529,0,3,397656199,2382,13,0.79,41.6067002,-86.35604049999999,230.47,0.05345091596245766,342.58203125,-0.19600000977516174,0.0,0,2549.63
2549629587,1,3,397656199,2382,13,0.79,41.606701799999996,-86.3560531,229.54,0.008062257431447506,119.744873046875,-0.0560000017285347,0.0,1,2549.63
2549829499,0,3,397656399,2382,13,0.79,41.6067003,-86.35604049999999,230.45000000000002,0.03130495175719261,243.43496704101562,-0.06300000101327896,0.0,0,2549.829
2549829523,1,3,397656399,2382,13,0.79,41.6067019,-86.35605319999999,229.54,0.04965883865952492,64.98310089111328,-0.01100000087171793,0.0,1,2549.83
2550029511,0,3,397656599,2382,13,0.79,41.6067004,-86.35604049999999,230.46,0.11699999868869781,292.619873046875,-0.10600000619888306,0.0,0,2550.03
2550029553,1,3,397656599,2382,13,0.79,41.6067019,-86.3560533,229.55,0.024041632190346718,343.0724792480469,-0.015000000596046448,0.0,1,2550.03
2550229532,0,3,397656799,2382,13,0.79,41.6067003,-86.35604049999999,230.5,0.04535416513681412,75.96375274658203,-0.15700000524520874,0.0,0,2550.23
2550229597,1,3,397656799,2382,13,0.79,41.6067021,-86.3560534,229.54,0.046572525054216385,345.0685729980469,-0.020000001415610313,0.0,1,2550.23
2550429584,0,3,397656999,2382,13,0.79,41.6067002,-86.35604029999999,230.53,0.10017984360456467,116.0534896850586,-0.06800000369548798,0.0,0,2550.43
2550429599,1,3,397656999,2382,13,0.79,41.6067021,-86.3560535,229.55,0.0010000000474974513,90.0,-0.02200000174343586,0.0,1,2550.43
2550629579,0,3,397657199,2382,13,0.79,41.6067002,-86.3560402,230.52,0.07543209195137024,255.4110870361328,-0.10500000417232513,0.0,0,2550.63
2550629596,1,3,397657199,2382,13,0.79,41.606702299999995,-86.3560536,229.54,0.053009435534477234,358.9190673828125,-0.0560000017285347,0.0,1,2550.63
2550829618,0,3,397657399,2382,13,0.79,41.6067002,-86.3560402,230.57,0.03328663483262062,327.2647705078125,-0.06700000166893005,0.0,0,2550.83
2550829634,1,3,397657399,2382,13,0.79,41.606702299999995,-86.35605369999999,229.57,0.013152946718037128,351.25384521484375,-0.02800000086426735,0.0,1,2550.83
2551029552,0,3,397657599,2382,13,0.79,41.6067003,-86.3560402,230.57,0.10187247395515442,328.6504211425781,-0.05400000140070915,0.0,0,2551.03
2551029569,1,3,397657599,2382,13,0.79,41.606702299999995,-86.35605369999999,229.57,0.10568822920322418,159.5074005126953,-0.020000001415610313,0.0,1,2551.03
2551229596,0,3,397657799,2382,13,0.79,41.6067004,-86.3560401,230.61,0.10462313145399094,58.28486251831055,0.03100000135600567,0.0,0,2551.23
2551229641,1,3,397657799,2382,13,0.79,41.6067021,-86.35605369999999,229.57,0.12264175713062286,147.99459838867188,0.024000000208616257,0.0,1,2551.23
2551429465,0,3,397657999,2382,13,0.79,41.6067004,-86.3560399,230.62,0.04548626393079758,146.65928649902344,-0.0020000000949949026,0.0,0,2551.429
2551429485,1,3,397657999,2382,13,0.79,41.6067021,-86.35605369999999,229.55,0.05295281112194061,10.885526657104492,-0.013000000268220901,0.0,1,2551.429
2551629558,0,3,397658199,2382,13,0.79,41.6067003,-86.3560399,230.65,0.014764823950827122,28.300756454467773,0.01900000125169754,0.0,0,2551.63
2551629574,1,3,397658199,2382,13,0.79,41.6067022,-86.3560538,229.55,0.03014962747693062,174.28939819335938,-0.07400000095367432,0.0,1,2551.63
2551829582,0,3,397658399,2382,13,0.79,41.6067003,-86.3560397,230.67000000000002,0.06726811826229095,101.14288330078125,0.06200000271201134,0.0,0,2551.83
2551829598,1,3,397658399,2382,13,0.79,41.606702299999995,-86.356054,229.53,0.03753665089607239,221.76031494140625,-0.06599999964237213,0.0,1,2551.83
2552029593,0,3,397658599,2382,13,0.79,41.6067002,-86.3560395,230.63,0.10484752058982849,147.06776428222656,0.0020000000949949026,0.0,0,2552.03
2552029609,1,3,397658599,2382,13,0.79,41.606702299999995,-86.3560541,229.53,0.033837851136922836,198.9704132080078,-0.02500000037252903,0.0,1,2552.03
2552229585,0,3,397658799,2382,13,0.79,41.6067002,-86.3560394,230.65,0.09404785931110382,314.5692138671875,0.05300000309944153,0.0,0,2552.23
2552229601,1,3,397658799,2382,13,0.79,41.606702299999995,-86.3560542,229.55,0.07582216709852219,41.25700759887695,-0.03100000135600567,0.0,1,2552.23
2552429617,0,3,397658999,2382,13,0.79,41.6067002,-86.3560394,230.66,0.0769675225019455,155.4328155517578,0.014000000432133675,0.0,0,2552.43
2552429640,1,3,397658999,2382,13,0.79,41.606702399999996,-86.3560542,229.55,0.071867935359478,158.790771484375,-0.055000003427267075,0.0,1,2552.43
2552629468,0,3,397659199,2382,13,0.79,41.6067002,-86.35603929999999,230.66,0.05939697474241257,315.0,-0.013000000268220901,0.0,0,2552.629
2552629545,1,3,397659199,2382,13,0.79,41.606702399999996,-86.3560543,229.54,0.029154760763049126,239.0362548828125,-0.05000000074505806,0.0,1,2552.63
2552829630,0,3,397659399,2382,13,0.79,41.6067002,-86.35603929999999,230.72,0.061814241111278534,350.6900634765625,0.00800000037997961,0.0,0,2552.83
2552829646,1,3,397659399,2382,13,0.79,41.606702399999996,-86.35605439999999,229.53,0.01612451672554016,7.125016212463379,-0.05700000375509262,0.0,1,2552.83
2553029530,0,3,397659599,2382,13,0.79,41.6067002,-86.3560392,230.76,0.06586349755525589,120.06857299804688,0.03500000014901161,0.0,0,2553.03
2553029546,1,3,397659599,2382,13,0.79,41.6067025,-86.3560545,229.52,0.012083047069609165,294.4439697265625,0.006000000052154064,0.0,1,2553.03
2553229591,0,3,397659799,2382,13,0.79,41.6067003,-86.3560392,230.76,0.08459905534982681,241.0111846923828,-0.030000001192092896,0.0,0,2553.23
2553229623,1,3,397659799,2382,13,0.79,41.6067026,-86.3560546,229.52,0.03921734541654587,19.358993530273438,0.021000001579523087,0.0,1,2553.23
2553429555,0,3,397659999,2382,13,0.79,41.6067003,-86.3560392,230.8,0.07615773379802704,103.67130279541016,0.018000001087784767,0.0,0,2553.43
2553429571,1,3,397659999,2382,13,0.79,41.6067027,-86.3560548,229.5,0.0708378478884697,221.56637573242188,-0.015000000596046448,0.0,1,2553.43
2553629577,0,3,397660199,2382,12,0.79,41.6067004,-86.356039,230.78,0.11597413569688797,134.30128479003906,0.017000000923871994,0.0,0,2553.63
2553629593,1,3,397660199,2382,13,0.79,41.6067027,-86.356055,229.48000000000002,0.01615549437701702,248.1986083984375,-0.03800000250339508,0.0,1,2553.63
2553829590,0,3,397660399,2382,12,1.0,41.606700499999995,-86.3560389,230.77,0.01835756003856659,299.3577575683594,0.007000000216066837,0.0,0,2553.83
2553829605,1,3,397660399,2382,13,0.79,41.6067028,-86.35605509999999,229.48000000000002,0.036124784499406815,4.763641357421875,0.020000001415610313,0.0,1,2553.83
2554029550,0,3,397660599,2382,13,1.0,41.606700599999996,-86.3560388,230.78,0.03500000014901161,126.8698959350586,-0.017000000923871994,0.0,0,2554.03
2554029633,1,3,397660599,2382,13,0.79,41.6067028,-86.35605509999999,229.47,0.0259422454982996,117.55279541015625,-0.01900000125169754,0.0,1,2554.03
2554229540,0,3,397660799,2382,13,1.0,41.606700599999996,-86.3560388,230.83,0.07510659098625183,176.94711303710938,-0.007000000216066837,0.0,0,2554.23
2554229555,1,3,397660799,2382,13,0.79,41.6067028,-86.3560552,229.46,0.05830952152609825,157.83364868164062,-0.05100000277161598,0.0,1,2554.23
2554429524,0,3,397660999,2382,13,1.0,41.606700599999996,-86.3560387,230.87,0.03606937825679779,316.123291015625,0.06599999964237213,0.0,0,2554.43
2554429540,1,3,397660999,2382,13,0.79,41.6067028,-86.3560552,229.47,0.046324942260980606,346.26373291015625,-0.03500000014901161,0.0,1,2554.43
2554629553,0,3,397661199,2382,13,1.0,41.6067007,-86.3560387,230.89000000000001,0.018384777009487152,112.380126953125,-0.0010000000474974513,0.0,0,2554.63
2554629569,1,3,397661199,2382,13,0.79,41.606702999999996,-86.3560554,229.44,0.027294687926769257,331.55706787109375,-0.027000000700354576,0.0,1,2554.63
2554809286,0,3,397661399,2382,13,0.79,41.6067007,-86.35603859999999,230.92000000000002,0.06551336497068405,167.66090393066406,-0.0020000000949949026,0.0,0,2554.809
2554829556,1,3,397661399,2382,13,0.79,41.6067031,-86.3560555,229.44,0.03328663483262062,32.73522186279297,-0.02200000174343586,0.0,1,2554.83
2555029558,0,3,397661599,2382,13,0.79,41.606700599999996,-86.3560385,230.97,0.049000002443790436,180.0,0.06200000271201134,0.0,0,2555.03
2555029574,1,3,397661599,2382,13,0.79,41.6067031,-86.3560555,229.43,0.034885529428720474,152.70042419433594,-0.05100000277161598,0.0,1,2555.03
2555229517,0,3,397661799,2382,12,0.79,41.6067007,-86.3560384,230.97,0.04464302957057953,74.40718841552734,-0.04700000211596489,0.0,0,2555.23
2555229534,1,3,397661799,2382,13,0.79,41.6067031,-86.35605559999999,229.44,0.04036087170243263,311.9872131347656,-0.06200000271201134,0.0,1,2555.23
2555429626,0,3,397661999,2382,12,0.79,41.6067008,-86.3560384,230.98000000000002,0.05900847911834717,0.9710218906402588,0.009000000543892384,0.0,0,2555.43
2555429645,1,3,397661999,2382,13,0.79,41.6067032,-86.3560557,229.45000000000002,0.014317820779979229,294.775146484375,-0.007000000216066837,0.0,1,2555.43
2555629547,0,3,397662199,2382,13,0.79,41.606701,-86.3560383,230.99,0.040049970149993896,2.8624048233032227,-0.02200000174343586,0.0,0,2555.63
2555629626,1,3,397662199,2382,13,0.79,41.6067032,-86.3560558,229.45000000000002,0.0428018718957901,127.40534210205078,-0.08900000154972076,0.0,1,2555.63
2555829484,0,3,397662399,2382,13,0.79,41.606701099999995,-86.3560382,231.01,0.05096077173948288,15.945393562316895,0.0430000014603138,0.0,0,2555.829
2555829513,1,3,397662399,2382,13,0.79,41.6067032,-86.3560558,229.46,0.02828427217900753,351.8699035644531,-0.05000000074505806,0.0,1,2555.83
2556029531,0,3,397662599,2382,13,0.79,41.606701199999996,-86.3560382,230.99,0.015524175018072128,194.93142700195312,-0.055000003427267075,0.0,0,2556.03
2556029547,1,3,397662599,2382,13,0.79,41.6067033,-86.3560559,229.46,0.055036354809999466,335.2975769042969,-0.05900000408291817,0.0,1,2556.03
2556209275,0,3,397662799,2382,13,0.79,41.606701199999996,-86.35603809999999,231.0,0.012369317002594471,104.0362319946289,-0.010000000707805157,0.0,0,2556.209
2556229524,1,3,397662799,2382,13,0.79,41.6067033,-86.3560559,229.46,0.05660388991236687,122.00537109375,-0.049000002443790436,0.0,1,2556.23
2556429565,0,3,397662999,2382,13,0.79,41.606701199999996,-86.35603809999999,231.06,0.023086795583367348,252.34988403320312,0.003000000026077032,0.0,0,2556.43
2556429583,1,3,397662999,2382,13,0.79,41.6067033,-86.3560559,229.47,0.04201190546154976,88.63607025146484,-0.07600000500679016,0.0,1,2556.43
2556629612,0,3,397663199,2382,13,0.79,41.606701099999995,-86.356038,231.11,0.12300407141447067,152.393310546875,-0.021000001579523087,0.0,0,2556.63
2556629630,1,3,397663199,2382,13,0.79,41.6067034,-86.356056,229.46,0.025495098903775215,311.8201599121094,-0.0820000022649765,0.0,1,2556.63
2556829563,0,3,397663399,2382,13,0.79,41.606701099999995,-86.35603789999999,231.11,0.034365683794021606,188.3658905029297,-0.049000002443790436,0.0,0,2556.83
2556829579,1,3,397663399,2382,13,0.79,41.606703499999995,-86.35605609999999,229.45000000000002,0.009219544008374214,130.60128784179688,0.006000000052154064,0.0,1,2556.83
2557029582,0,3,397663599,2382,13,0.79,41.606701199999996,-86.35603789999999,231.11,0.056293874979019165,347.6919860839844,0.03200000151991844,0.0,0,2557.03
2557029598,1,3,397663599,2382,13,0.79,41.606703499999995,-86.3560562,229.44,0.03176476061344147,151.8214111328125,-0.06400000303983688,0.0,1,2557.03
2557229552,0,3,397663799,2382,13,0.79,41.6067013,-86.3560378,231.14000000000001,0.09180959314107895,122.99769592285156,-0.006000000052154064,0.0,0,2557.23
2557229568,1,3,397663799,2382,13,0.79,41.606703499999995,-86.3560564,229.44,0.04570557922124863,259.9194030761719,-0.010000000707805157,0.0,1,2557.23
2557429506,0,3,397663999,2382,13,0.79,41.6067013,-86.3560377,231.12,0.09317188709974289,167.60458374023438,0.03500000014901161,0.0,0,2557.43
2557429587,1,3,397663999,2382,13,0.79,41.606703599999996,-86.3560565,229.41,0.03036445379257202,107.241455078125,0.003000000026077032,0.0,1,2557.43
2557629487,0,3,397664199,2382,13,0.79,41.6067013,-86.3560377,231.14000000000001,0.003162277862429619,198.43495178222656,-0.003000000026077032,0.0,0,2557.629
2557629533,1,3,397664199,2382,13,0.79,41.606703599999996,-86.3560566,229.4,0.04318564757704735,137.8155517578125,-0.029000001028180122,0.0,1,2557.63
2557829506,0,3,397664399,2382,13,0.79,41.6067014,-86.3560378,231.18,0.08112335950136185,300.3581237792969,0.012000000104308128,0.0,0,2557.83
2557829547,1,3,397664399,2382,13,0.79,41.606703599999996,-86.3560566,229.4,0.018384777009487152,67.61985778808594,-0.003000000026077032,0.0,1,2557.83
2558029510,0,3,397664599,2382,12,0.79,41.6067015,-86.35603789999999,231.21,0.034176018089056015,249.4439697265625,-0.09100000560283661,0.0,0,2558.03
2558029557,1,3,397664599,2382,13,0.79,41.606703599999996,-86.3560567,229.39000000000001,0.02801785245537758,325.1755065917969,-0.006000000052154064,0.0,1,2558.03
2558229587,0,3,397664799,2382,13,0.79,41.6067016,-86.356038,231.23000000000002,0.041593268513679504,350.31121826171875,-0.058000002056360245,0.0,0,2558.23
2558229603,1,3,397664799,2382,13,0.79,41.6067037,-86.3560569,229.39000000000001,0.03800000250339508,180.0,-0.04200000315904617,0.0,1,2558.23
2558429624,0,3,397664999,2382,13,0.79,41.606701799999996,-86.35603789999999,231.24,0.07119691371917725,10.520784378051758,-0.08400000631809235,0.0,0,2558.43
2558429684,1,3,397664999,2382,13,0.79,41.6067037,-86.3560569,229.37,0.04114608094096184,115.94229125976562,-0.03500000014901161,0.0,1,2558.43
2558629634,0,3,397665199,2382,13,0.79,41.606702,-86.35603789999999,231.27,0.033970579504966736,47.38594055175781,-0.12200000882148743,0.0,0,2558.63
2558629650,1,3,397665199,2382,13,0.79,41.6067037,-86.35605699999999,229.36,0.02280350960791111,307.875,-0.007000000216066837,0.0,1,2558.63
2558829546,0,3,397665399,2382,13,0.79,41.6067021,-86.35603789999999,231.29,0.04876474291086197,331.8583984375,-0.0430000014603138,0.0,0,2558.83
2558829562,1,3,397665399,2382,13,0.79,41.6067038,-86.3560571,229.37,0.025495097041130066,191.3099365234375,-0.010000000707805157,0.0,1,2558.83
2559029514,0,3,397665599,2382,13,0.79,41.6067022,-86.3560378,231.31,0.05510898306965828,78.48616027832031,-0.02500000037252903,0.0,0,2559.03
2559029582,1,3,397665599,2382,13,0.79,41.6067038,-86.35605729999999,229.34,0.03962322697043419,259.8244934082031,-0.04800000041723251,0.0,1,2559.03
2559229463,0,3,397665799,2382,13,0.79,41.606702299999995,-86.3560378,231.3,0.03701351210474968,268.45184326171875,-0.08100000023841858,0.0,0,2559.229
2559229480,1,3,397665799,2382,13,0.79,41.6067038,-86.35605729999999,229.34,0.04482187330722809,128.65980529785156,-0.03200000151991844,0.0,1,2559.229
2559429514,0,3,397665999,2382,13,0.79,41.606702399999996,-86.35603789999999,231.31,0.02402082458138466,92.38594055175781,-0.04800000041723251,0.0,0,2559.43
2559429530,1,3,397665999,2382,13,0.79,41.6067039,-86.3560574,229.32,0.026248810812830925,72.25532531738281,-0.058000002056360245,0.0,1,2559.43
2559629556,0,3,397666199,2382,13,0.79,41.6067026,-86.35603789999999,231.27,0.0403112918138504,352.8749694824219,-0.10200000554323196,0.0,0,2559.63
2559629621,1,3,397666199,2382,13,0.79,41.606704,-86.3560574,229.32,0.012529964558780193,118.6104507446289,-0.055000003427267075,0.0,1,2559.63
2559829543,0,3,397666399,2382,13,0.79,41.6067028,-86.3560378,231.3,0.04365776106715202,69.9047622680664,-0.0430000014603138,0.0,0,2559.83
2559829559,1,3,397666399,2382,13,0.79,41.606704,-86.35605749999999,229.32,0.018439089879393578,40.60129165649414,-0.005000000353902578,0.0,1,2559.83
2560029611,0,3,397666599,2382,13,0.79,41.606702899999995,-86.3560378,231.34,0.0442831814289093,83.51692199707031,-0.04100000113248825,0.0,0,2560.03
2560029668,1,3,397666599,2382,13,0.79,41.606704099999995,-86.35605749999999,229.31,0.03498571366071701,300.9637451171875,-0.026000000536441803,0.0,1,2560.03
2560229671,0,3,397666799,2382,13,0.79,41.606702899999995,-86.3560377,231.35,0.00412310566753149,284.0362548828125,-0.09800000488758087,0.0,0,2560.23
2560229687,1,3,397666799,2382,13,0.79,41.606704199999996,-86.3560576,229.3,0.04248529300093651,63.4349479675293,-0.06200000271201134,0.0,1,2560.23
2560429526,0,3,397666999,2382,13,0.79,41.606702999999996,-86.3560377,231.38,0.10335376858711243,118.3007583618164,-0.03200000151991844,0.0,0,2560.43
2560429542,1,3,397666999,2382,13,0.79,41.6067043,-86.3560576,229.29,0.017804494127631187,128.1572265625,-0.006000000052154064,0.0,1,2560.43
2560629523,0,3,397667199,2382,13,0.79,41.6067031,-86.3560376,231.35,0.046690475195646286,136.73568725585938,-0.012000000104308128,0.0,0,2560.63
2560629539,1,3,397667199,2382,13,0.79,41.6067043,-86.3560576,229.28,0.032557640224695206,317.48956298828125,-0.012000000104308128,0.0,1,2560.63
2560829517,0,3,397667399,2382,13,0.79,41.6067032,-86.3560376,231.32,0.030083218589425087,248.55227661132812,-0.015000000596046448,0.0,0,2560.83
2560829532,1,3,397667399,2382,13,0.79,41.6067044,-86.3560577,229.27,0.018973667174577713,198.43495178222656,0.02500000037252903,0.0,1,2560.83
2561029579,0,3,397667599,2382,13,0.79,41.6067033,-86.3560378,231.31,0.08509407192468643,340.0744323730469,0.029000001028180122,0.0,0,2561.03
2561029595,1,3,397667599,2382,13,0.79,41.6067044,-86.3560577,229.28,0.04197618365287781,12.380757331848145,0.010000000707805157,0.0,1,2561.03
2561229548,0,3,397667799,2382,13,0.79,41.606703499999995,-86.3560378,231.29,0.01910497434437275,137.12109375,-0.026000000536441803,0.0,0,2561.23
2561229564,1,3,397667799,2382,13,0.79,41.6067044,-86.3560576,229.27,0.044598206877708435,132.273681640625,-0.027000000700354576,0.0,1,2561.23
2561429587,0,3,397667999,2382,13,0.79,41.606703499999995,-86.3560378,231.27,0.02280350960791111,285.255126953125,-0.05400000140070915,0.0,0,2561.43
2561429603,1,3,397667999,2382,13,0.79,41.6067044,-86.35605749999999,229.27,0.03569313883781433,168.6900634765625,-0.06800000369548798,0.0,1,2561.43
2561629633,0,3,397668199,2382,13,0.79,41.606703599999996,-86.35603789999999,231.26,0.0820731446146965,316.9749450683594,0.06700000166893005,0.0,0,2561.63
2561629649,1,3,397668199,2382,13,0.79,41.6067044,-86.35605749999999,229.26,0.04201190546154976,141.76617431640625,-0.012000000104308128,0.0,1,2561.63
2561829624,0,3,397668399,2382,13,0.79,41.6067037,-86.35603789999999,231.22,0.10140019655227661,126.98291015625,-0.07000000029802322,0.0,0,2561.83
2561829642,1,3,397668399,2382,13,0.79,41.6067044,-86.35605749999999,229.26,0.015033296309411526,273.8140869140625,0.04200000315904617,0.0,1,2561.83
2562029584,0,3,397668599,2382,13,0.79,41.6067037,-86.3560377,231.24,0.03224903345108032,97.12501525878906,0.04800000041723251,0.0,0,2562.03
2562029600,1,3,397668599,2382,13,0.79,41.6067044,-86.35605749999999,229.25,0.0585918091237545,297.4397277832031,-0.024000000208616257,0.0,1,2562.03
2562229512,0,3,397668799,2382,13,0.79,41.6067038,-86.3560377,231.23000000000002,0.028635641559958458,24.77513885498047,0.14800000190734863,0.0,0,2562.23
2562229546,1,3,397668799,2382,13,0.79,41.6067045,-86.3560577,229.23000000000002,0.04973932355642319,300.17352294921875,-0.039000000804662704,0.0,1,2562.23
2562429473,0,3,397668999,2382,13,0.79,41.6067039,-86.3560377,231.21,0.0374833308160305,316.0809326171875,0.07000000029802322,0.0,0,2562.429
2562429489,1,3,397668999,2382,13,0.79,41.6067046,-86.3560577,229.23000000000002,0.03189043700695038,318.8140869140625,-0.07800000160932541,0.0,1,2562.429
2562629531,0,3,397669199,2382,13,0.79,41.606704,-86.3560377,231.19,0.018027756363153458,19.440032958984375,0.09800000488758087,0.0,0,2562.63
2562629547,1,3,397669199,2382,13,0.79,41.6067047,-86.3560577,229.23000000000002,0.026248810812830925,319.6354675292969,-0.052000001072883606,0.0,1,2562.63
2562829559,0,3,397669399,2382,13,0.79,41.606704,-86.3560376,231.17000000000002,0.03125699982047081,7.352378845214844,0.03200000151991844,0.0,0,2562.83
2562829575,1,3,397669399,2382,13,0.79,41.6067047,-86.3560577,229.24,0.02088061533868313,196.69924926757812,-0.03100000135600567,0.0,1,2562.83
2563029599,0,3,397669599,2382,13,0.79,41.606704,-86.3560375,231.18,0.03624913841485977,155.5560302734375,-0.012000000104308128,0.0,0,2563.03
2563029614,1,3,397669599,2382,13,0.79,41.606704799999996,-86.3560577,229.24,0.03101612627506256,1.8476099967956543,-0.0560000017285347,0.0,1,2563.03
2563229606,0,3,397669799,2382,13,0.79,41.606704,-86.3560375,231.19,0.04939636215567589,158.62937927246094,0.03100000135600567,0.0,0,2563.23
2563229622,1,3,397669799,2382,13,0.79,41.606704799999996,-86.3560577,229.24,0.0646374523639679,145.08058166503906,-0.024000000208616257,0.0,1,2563.23
2563429549,0,3,397669999,2382,13,0.79,41.606704,-86.35603739999999,231.17000000000002,0.07117584347724915,355.97174072265625,-0.06400000303983688,0.0,0,2563.43
2563429629,1,3,397669999,2382,13,0.79,41.6067047,-86.3560576,229.24,0.05325411260128021,124.28687286376953,-0.06200000271201134,0.0,1,2563.43
