TimeUS,Type,pX,pY,pZ,Terrain,vX,vY,vZ,aX,aY,aZ,t_s
2354959515,4,0.0,0.0,0.0,0,0.0,0.0,0.0,0.0,0.0,0.0,2354.96
2354992035,4,0.0,0.0,0.0,0,0.0,0.0,0.0,0.0,0.0,0.0,2354.992
2355040218,2,416066944.0,-863560448.0,23171.0,0,0.0,0.0,0.0,0.0,0.0,0.0,2355.04
2355074969,2,416066944.0,-863560448.0,23171.0,0,0.0,0.0,0.0,0.0,0.0,0.0,2355.075
2355112512,2,416066944.0,-863560448.0,23171.0,0,0.0,0.0,0.0,0.0,0.0,0.0,2355.113
2355154410,2,416066944.0,-863560448.0,23171.0,0,0.0,0.0,0.0,0.0,0.0,0.0,2355.154
2355196948,2,416066944.0,-863560448.0,23175.0,0,0.0,0.0,0.0,0.0,0.0,0.0,2355.197
2355241900,2,416066944.0,-863560448.0,23175.0,0,0.0,0.0,0.0,0.0,0.0,0.0,2355.242
2355277901,2,416066944.0,-863560448.0,23176.0,0,0.0,0.0,0.0,0.0,0.0,0.0,2355.278
2355316836,2,416066944.0,-863560448.0,23176.0,0,0.0,0.0,0.0,0.0,0.0,0.0,2355.317
2355359439,2,416066944.0,-863560448.0,23176.0,0,0.0,0.0,0.0,0.0,0.0,0.0,2355.359
2355399763,2,416066944.0,-863560448.0,23176.0,0,0.0,0.0,0.0,0.0,0.0,0.0,2355.4
2355441959,2,416066944.0,-863560448.0,23176.0,0,0.0,0.0,0.0,0.0,0.0,0.0,2355.442
2355479628,2,416066944.0,-863560448.0,23176.0,0,0.0,0.0,0.0,0.0,0.0,0.0,2355.48
2355521107,2,416066944.0,-863560448.0,23176.0,0,0.0,0.0,0.0,0.0,0.0,0.0,2355.521
2355559478,2,416066944.0,-863560448.0,23176.0,0,0.0,0.0,0.0,0.0,0.0,0.0,2355.559
2355599736,2,416066944.0,-863560448.0,23177.0,0,0.0,0.0,0.0,0.0,0.0,0.0,2355.6
2355647070,2,416066944.0,-863560448.0,23177.0,0,0.0,0.0,0.0,0.0,0.0,0.0,2355.647
2355682394,2,416066944.0,-863560448.0,23177.0,0,0.0,0.0,0.0,0.0,0.0,0.0,2355.682
2355726141,2,416066944.0,-863560448.0,23178.0,0,0.0,0.0,0.0,0.0,0.0,0.0,2355.726
2355764690,2,416066944.0,-863560448.0,23179.0,0,0.0,0.0,0.0,0.0,0.0,0.0,2355.765
2355804428,2,416066944.0,-863560448.0,23179.0,0,0.0,0.0,0.0,0.0,0.0,0.0,2355.804
2355847030,2,416066944.0,-863560448.0,23180.0,0,0.0,0.0,0.0,0.0,0.0,0.0,2355.847
2355887311,2,416066944.0,-863560448.0,23181.0,0,0.0,0.0,0.0,0.0,0.0,0.0,2355.887
2355937272,2,416066944.0,-863560448.0,23182.0,0,0.0,0.0,0.0,0.0,0.0,0.0,2355.937
2355969797,2,416066944.0,-863560448.0,23183.0,0,0.0,0.0,0.0,0.0,0.0,0.0,2355.97
2356007276,2,416066912.0,-863560448.0,23184.0,0,0.0,0.0,0.0,0.0,0.0,0.0,2356.007
2356050346,2,416066912.0,-863560448.0,23186.0,0,0.0,0.0,0.0,0.0,0.0,0.0,2356.05
2356087352,2,416066912.0,-863560448.0,23187.0,0,0.0,0.0,0.0,0.0,0.0,0.0,2356.087
2356126080,2,416066912.0,-863560448.0,23189.0,0,0.0,0.0,0.0,0.0,0.0,0.0,2356.126
2356166971,2,416066912.0,-863560448.0,23191.0,0,0.0,0.0,0.0,0.0,0.0,0.0,2356.167
2356207242,2,416066912.0,-863560448.0,23193.0,0,0.0,0.0,0.0,0.0,0.0,0.0,2356.207
2356246952,2,416066912.0,-863560448.0,23195.0,0,0.0,0.0,0.0,0.0,0.0,0.0,2356.247
2356287333,2,416066912.0,-863560448.0,23197.0,0,0.0,0.0,0.0,0.0,0.0,0.0,2356.287
2356327299,2,416066912.0,-863560448.0,23200.0,0,0.0,0.0,0.0,0.0,0.0,0.0,2356.327
2356367031,2,416066912.0,-863560448.0,23202.0,0,0.0,0.0,0.0,0.0,0.0,0.0,2356.367
2356407247,2,416066912.0,-863560512.0,23205.0,0,0.0,0.0,0.0,0.0,0.0,0.0,2356.407
2356447013,2,416066912.0,-863560512.0,23208.0,0,0.0,0.0,0.0,0.0,0.0,0.0,2356.447
2356489706,2,416066912.0,-863560512.0,23211.0,0,0.0,0.0,0.0,0.0,0.0,0.0,2356.49
2356527309,2,416066912.0,-863560512.0,23214.0,0,0.0,0.0,0.0,0.0,0.0,0.0,2356.527
2356567041,2,416066880.0,-863560512.0,23218.0,0,0.0,0.0,0.0,0.0,0.0,0.0,2356.567
2356607281,2,416066880.0,-863560512.0,23221.0,0,0.0,0.0,0.0,0.0,0.0,0.0,2356.607
2356650898,2,416066880.0,-863560512.0,23225.0,0,0.0,0.0,0.0,0.0,0.0,0.0,2356.651
2356689737,2,416066880.0,-863560512.0,23229.0,0,0.0,0.0,0.0,0.0,0.0,0.0,2356.69
2356729500,2,416066880.0,-863560512.0,23233.0,0,0.0,0.0,0.0,0.0,0.0,0.0,2356.729
2356769764,2,416066880.0,-863560512.0,23237.0,0,0.0,0.0,0.0,0.0,0.0,0.0,2356.77
2356809485,2,416066880.0,-863560512.0,23242.0,0,0.0,0.0,0.0,0.0,0.0,0.0,2356.809
2356850388,2,416066880.0,-863560512.0,23246.0,0,0.0,0.0,0.0,0.0,0.0,0.0,2356.85
2356889703,2,416066848.0,-863560512.0,23251.0,0,0.0,0.0,0.0,0.0,0.0,0.0,2356.89
2356932293,2,416066848.0,-863560512.0,23256.0,0,0.0,0.0,0.0,0.0,0.0,0.0,2356.932
2356971941,2,416066848.0,-863560512.0,23261.0,0,0.0,0.0,0.0,0.0,0.0,0.0,2356.972
2357009520,2,416066848.0,-863560512.0,23266.0,0,0.0,0.0,0.0,0.0,0.0,0.0,2357.01
2357052197,2,416066848.0,-863560512.0,23271.0,0,0.0,0.0,0.0,0.0,0.0,0.0,2357.052
2357089727,2,416066848.0,-863560512.0,23277.0,0,0.0,0.0,0.0,0.0,0.0,0.0,2357.09
2357129575,2,416066816.0,-863560512.0,23282.0,0,0.0,0.0,0.0,0.0,0.0,0.0,2357.13
2357169867,2,416066816.0,-863560512.0,23288.0,0,0.0,0.0,0.0,0.0,0.0,0.0,2357.17
2357209477,2,416066816.0,-863560512.0,23294.0,0,0.0,0.0,0.0,0.0,0.0,0.0,2357.209
2357250343,2,416066816.0,-863560512.0,23300.0,0,0.0,0.0,0.0,0.0,0.0,0.0,2357.25
2357291998,2,416066816.0,-863560512.0,23307.0,0,0.0,0.0,0.0,0.0,0.0,0.0,2357.292
2357332334,2,416066784.0,-863560512.0,23313.0,0,0.0,0.0,0.0,0.0,0.0,0.0,2357.332
2357374863,2,416066784.0,-863560576.0,23320.0,0,0.0,0.0,0.0,0.0,0.0,0.0,2357.375
2357412335,2,416066784.0,-863560576.0,23327.0,0,0.0,0.0,0.0,0.0,0.0,0.0,2357.412
2357450793,2,416066784.0,-863560576.0,23334.0,0,0.0,0.0,0.0,0.0,0.0,0.0,2357.451
2357492017,2,416066752.0,-863560576.0,23341.0,0,0.0,0.0,0.0,0.0,0.0,0.0,2357.492
2357532348,2,416066752.0,-863560576.0,23348.0,0,0.0,0.0,0.0,0.0,0.0,0.0,2357.532
2357572031,2,416066752.0,-863560576.0,23355.0,0,0.0,0.0,0.0,0.0,0.0,0.0,2357.572
2357615977,2,416066752.0,-863560576.0,23363.0,0,0.0,0.0,0.0,0.0,0.0,0.0,2357.616
2357654508,2,416066720.0,-863560576.0,23371.0,0,0.0,0.0,0.0,0.0,0.0,0.0,2357.655
2357694688,2,416066720.0,-863560576.0,23379.0,0,0.0,0.0,0.0,0.0,0.0,0.0,2357.695
2357734418,2,416066720.0,-863560576.0,23387.0,0,0.0,0.0,0.0,0.0,0.0,0.0,2357.734
2357774878,2,416066720.0,-863560576.0,23395.0,0,0.0,0.0,0.0,0.0,0.0,0.0,2357.775
2357812309,2,416066688.0,-863560576.0,23404.0,0,0.0,0.0,0.0,0.0,0.0,0.0,2357.812
2357852601,2,416066688.0,-863560576.0,23412.0,0,0.0,0.0,0.0,0.0,0.0,0.0,2357.853
2357894908,2,416066688.0,-863560576.0,23421.0,0,0.0,0.0,0.0,0.0,0.0,0.0,2357.895
2357934476,2,416066688.0,-863560576.0,23430.0,0,0.0,0.0,0.0,0.0,0.0,0.0,2357.934
2357979533,2,416066656.0,-863560576.0,23440.0,0,0.0,0.0,0.0,0.0,0.0,0.0,2357.98
2358015937,2,416066656.0,-863560576.0,23448.0,0,0.0,0.0,0.0,0.0,0.0,0.0,2358.016
2358062235,2,416066656.0,-863560576.0,23457.0,0,0.0,0.0,0.0,0.0,0.0,0.0,2358.062
2358094747,2,416066624.0,-863560576.0,23466.0,0,0.0,0.0,0.0,0.0,0.0,0.0,2358.095
2358134426,2,416066624.0,-863560576.0,23476.0,0,0.0,0.0,0.0,0.0,0.0,0.0,2358.134
2358177292,2,416066624.0,-863560576.0,23485.0,0,0.0,0.0,0.0,0.0,0.0,0.0,2358.177
2358215981,2,416066624.0,-863560576.0,23495.0,0,0.0,0.0,0.0,0.0,0.0,0.0,2358.216
2358254438,2,416066592.0,-863560576.0,23505.0,0,0.0,0.0,0.0,0.0,0.0,0.0,2358.254
2358294819,2,416066592.0,-863560576.0,23514.0,0,0.0,0.0,0.0,0.0,0.0,0.0,2358.295
2358337313,2,416066592.0,-863560576.0,23524.0,0,0.0,0.0,0.0,0.0,0.0,0.0,2358.337
2358374835,2,416066560.0,-863560640.0,23534.0,0,0.0,0.0,0.0,0.0,0.0,0.0,2358.375
2358416031,2,416066560.0,-863560640.0,23544.0,0,0.0,0.0,0.0,0.0,0.0,0.0,2358.416
2358457246,2,416066560.0,-863560640.0,23554.0,0,0.0,0.0,0.0,0.0,0.0,0.0,2358.457
2358497015,2,416066560.0,-863560640.0,23564.0,0,0.0,0.0,0.0,0.0,0.0,0.0,2358.497
2358537200,2,416066528.0,-863560640.0,23574.0,0,0.0,0.0,0.0,0.0,0.0,0.0,2358.537
2358577387,2,416066528.0,-863560640.0,23585.0,0,0.0,0.0,0.0,0.0,0.0,0.0,2358.577
2358621181,2,416066528.0,-863560640.0,23595.0,0,0.0,0.0,0.0,0.0,0.0,0.0,2358.621
2358659500,2,416066528.0,-863560640.0,23605.0,0,0.0,0.0,0.0,0.0,0.0,0.0,2358.66
2358699807,2,416066496.0,-863560640.0,23615.0,0,0.0,0.0,0.0,0.0,0.0,0.0,2358.7
2358737347,2,416066496.0,-863560640.0,23625.0,0,0.0,0.0,0.0,0.0,0.0,0.0,2358.737
2358777257,2,416066496.0,-863560640.0,23636.0,0,0.0,0.0,0.0,0.0,0.0,0.0,2358.777
2358816941,2,416066464.0,-863560640.0,23646.0,0,0.0,0.0,0.0,0.0,0.0,0.0,2358.817
2358857295,2,416066464.0,-863560640.0,23656.0,0,0.0,0.0,0.0,0.0,0.0,0.0,2358.857
2358899858,2,416066464.0,-863560640.0,23666.0,0,0.0,0.0,0.0,0.0,0.0,0.0,2358.9
2358939730,2,416066464.0,-863560640.0,23677.0,0,0.0,0.0,0.0,0.0,0.0,0.0,2358.94
2358982180,2,416066432.0,-863560640.0,23688.0,0,0.0,0.0,0.0,0.0,0.0,0.0,2358.982
2359021140,2,416066432.0,-863560640.0,23697.0,0,0.0,0.0,0.0,0.0,0.0,0.0,2359.021
2359062260,2,416066432.0,-863560640.0,23708.0,0,0.0,0.0,0.0,0.0,0.0,0.0,2359.062
2359099805,2,416066400.0,-863560640.0,23718.0,0,0.0,0.0,0.0,0.0,0.0,0.0,2359.1
2359139610,2,416066400.0,-863560640.0,23729.0,0,0.0,0.0,0.0,0.0,0.0,0.0,2359.14
2359179475,2,416066400.0,-863560640.0,23740.0,0,0.0,0.0,0.0,0.0,0.0,0.0,2359.179
2359221219,2,416066400.0,-863560640.0,23750.0,0,0.0,0.0,0.0,0.0,0.0,0.0,2359.221
2359259600,2,416066368.0,-863560704.0,23761.0,0,0.0,0.0,0.0,0.0,0.0,0.0,2359.26
2359299741,2,416066368.0,-863560704.0,23771.0,0,0.0,0.0,0.0,0.0,0.0,0.0,2359.3
2359339753,2,416066368.0,-863560704.0,23782.0,0,0.0,0.0,0.0,0.0,0.0,0.0,2359.34
2359379513,2,416066336.0,-863560704.0,23793.0,0,0.0,0.0,0.0,0.0,0.0,0.0,2359.38
2359421151,2,416066336.0,-863560704.0,23803.0,0,0.0,0.0,0.0,0.0,0.0,0.0,2359.421
2359459519,2,416066336.0,-863560704.0,23814.0,0,0.0,0.0,0.0,0.0,0.0,0.0,2359.46
2359499856,2,416066304.0,-863560704.0,23825.0,0,0.0,0.0,0.0,0.0,0.0,0.0,2359.5
2359539685,2,416066304.0,-863560704.0,23835.0,0,0.0,0.0,0.0,0.0,0.0,0.0,2359.54
2359582250,2,416066304.0,-863560704.0,23846.0,0,0.0,0.0,0.0,0.0,0.0,0.0,2359.582
2359621125,2,416066272.0,-863560704.0,23857.0,0,0.0,0.0,0.0,0.0,0.0,0.0,2359.621
2359662185,2,416066272.0,-863560704.0,23867.0,0,0.0,0.0,0.0,0.0,0.0,0.0,2359.662
2359702161,2,416066272.0,-863560704.0,23878.0,0,0.0,0.0,0.0,0.0,0.0,0.0,2359.702
2359741928,2,416066240.0,-863560704.0,23889.0,0,0.0,0.0,0.0,0.0,0.0,0.0,2359.742
2359782256,2,416066240.0,-863560704.0,23899.0,0,0.0,0.0,0.0,0.0,0.0,0.0,2359.782
2359822105,2,416066240.0,-863560704.0,23910.0,0,0.0,0.0,0.0,0.0,0.0,0.0,2359.822
2359862264,2,416066208.0,-863560704.0,23921.0,0,0.0,0.0,0.0,0.0,0.0,0.0,2359.862
2359902159,2,416066208.0,-863560704.0,23931.0,0,0.0,0.0,0.0,0.0,0.0,0.0,2359.902
2359942021,2,416066208.0,-863560768.0,23942.0,0,0.0,0.0,0.0,0.0,0.0,0.0,2359.942
2359984756,2,416066176.0,-863560768.0,23954.0,0,0.0,0.0,0.0,0.0,0.0,0.0,2359.985
2360022052,2,416066176.0,-863560768.0,23964.0,0,0.0,0.0,0.0,0.0,0.0,0.0,2360.022
2360066995,2,416066176.0,-863560768.0,23974.0,0,0.0,0.0,0.0,0.0,0.0,0.0,2360.067
2360104405,2,416066144.0,-863560768.0,23985.0,0,0.0,0.0,0.0,0.0,0.0,0.0,2360.104
2360144731,2,416066144.0,-863560768.0,23996.0,0,0.0,0.0,0.0,0.0,0.0,0.0,2360.145
2360182345,2,416066144.0,-863560768.0,24006.0,0,0.0,0.0,0.0,0.0,0.0,0.0,2360.182
2360227346,2,416066112.0,-863560768.0,24017.0,0,0.0,0.0,0.0,0.0,0.0,0.0,2360.227
2360264805,2,416066112.0,-863560768.0,24027.0,0,0.0,0.0,0.0,0.0,0.0,0.0,2360.265
2360304481,2,416066112.0,-863560768.0,24038.0,0,0.0,0.0,0.0,0.0,0.0,0.0,2360.304
2360344751,2,416066080.0,-863560768.0,24049.0,0,0.0,0.0,0.0,0.0,0.0,0.0,2360.345
2360384622,2,416066080.0,-863560768.0,24059.0,0,0.0,0.0,0.0,0.0,0.0,0.0,2360.385
2360426102,2,416066080.0,-863560768.0,24070.0,0,0.0,0.0,0.0,0.0,0.0,0.0,2360.426
2360484323,2,416066048.0,-863560768.0,24080.0,0,0.0,0.0,0.0,0.0,0.0,0.0,2360.484
2360544586,2,416066048.0,-863560768.0,24090.0,0,0.0,0.0,0.0,0.0,0.0,0.0,2360.545
2360544712,2,416066048.0,-863560832.0,24101.0,0,0.0,0.0,0.0,0.0,0.0,0.0,2360.545
2360584612,2,416066016.0,-863560832.0,24111.0,0,0.0,0.0,0.0,0.0,0.0,0.0,2360.585
2360627339,2,416066016.0,-863560832.0,24121.0,0,0.0,0.0,0.0,0.0,0.0,0.0,2360.627
2360664830,2,416066016.0,-863560832.0,24131.0,0,0.0,0.0,0.0,0.0,0.0,0.0,2360.665
2360707248,2,416065984.0,-863560832.0,24141.0,0,0.0,0.0,0.0,0.0,0.0,0.0,2360.707
2360747189,2,416065984.0,-863560832.0,24151.0,0,0.0,0.0,0.0,0.0,0.0,0.0,2360.747
2360787302,2,416065984.0,-863560832.0,24160.0,0,0.0,0.0,0.0,0.0,0.0,0.0,2360.787
2360826129,2,416065952.0,-863560832.0,24170.0,0,0.0,0.0,0.0,0.0,0.0,0.0,2360.826
2360867009,2,416065952.0,-863560832.0,24179.0,0,0.0,0.0,0.0,0.0,0.0,0.0,2360.867
2360907227,2,416065952.0,-863560832.0,24189.0,0,0.0,0.0,0.0,0.0,0.0,0.0,2360.907
2360947171,2,416065920.0,-863560832.0,24198.0,0,0.0,0.0,0.0,0.0,0.0,0.0,2360.947
2360989644,2,416065920.0,-863560832.0,24208.0,0,0.0,0.0,0.0,0.0,0.0,0.0,2360.99
2361027285,2,416065920.0,-863560832.0,24216.0,0,0.0,0.0,0.0,0.0,0.0,0.0,2361.027
2361069793,2,416065888.0,-863560832.0,24225.0,0,0.0,0.0,0.0,0.0,0.0,0.0,2361.07
2361107288,2,416065888.0,-863560832.0,24233.0,0,0.0,0.0,0.0,0.0,0.0,0.0,2361.107
2361147064,2,416065888.0,-863560832.0,24242.0,0,0.0,0.0,0.0,0.0,0.0,0.0,2361.147
2361189674,2,416065856.0,-863560896.0,24250.0,0,0.0,0.0,0.0,0.0,0.0,0.0,2361.19
2361227356,2,416065856.0,-863560896.0,24258.0,0,0.0,0.0,0.0,0.0,0.0,0.0,2361.227
2361269691,2,416065856.0,-863560896.0,24266.0,0,0.0,0.0,0.0,0.0,0.0,0.0,2361.27
2361309481,2,416065856.0,-863560896.0,24274.0,0,0.0,0.0,0.0,0.0,0.0,0.0,2361.309
2361347065,2,416065824.0,-863560896.0,24282.0,0,0.0,0.0,0.0,0.0,0.0,0.0,2361.347
2361389760,2,416065824.0,-863560896.0,24289.0,0,0.0,0.0,0.0,0.0,0.0,0.0,2361.39
2361427301,2,416065824.0,-863560896.0,24296.0,0,0.0,0.0,0.0,0.0,0.0,0.0,2361.427
2361469825,2,416065824.0,-863560896.0,24304.0,0,0.0,0.0,0.0,0.0,0.0,0.0,2361.47
2361512355,2,416065792.0,-863560896.0,24311.0,0,0.0,0.0,0.0,0.0,0.0,0.0,2361.512
2361552140,2,416065792.0,-863560896.0,24318.0,0,0.0,0.0,0.0,0.0,0.0,0.0,2361.552
2361594748,2,416065792.0,-863560896.0,24325.0,0,0.0,0.0,0.0,0.0,0.0,0.0,2361.595
2361633405,2,416065792.0,-863560896.0,24331.0,0,0.0,0.0,0.0,0.0,0.0,0.0,2361.633
2361671878,2,416065760.0,-863560896.0,24338.0,0,0.0,0.0,0.0,0.0,0.0,0.0,2361.672
2361716084,2,416065760.0,-863560896.0,24344.0,0,0.0,0.0,0.0,0.0,0.0,0.0,2361.716
2361757317,2,416065760.0,-863560896.0,24350.0,0,0.0,0.0,0.0,0.0,0.0,0.0,2361.757
2361791972,2,416065760.0,-863560960.0,24356.0,0,0.0,0.0,0.0,0.0,0.0,0.0,2361.792
2361834473,2,416065728.0,-863560960.0,24361.0,0,0.0,0.0,0.0,0.0,0.0,0.0,2361.834
2361877864,2,416065728.0,-863560960.0,24367.0,0,0.0,0.0,0.0,0.0,0.0,0.0,2361.878
2361912473,2,416065728.0,-863560960.0,24372.0,0,0.0,0.0,0.0,0.0,0.0,0.0,2361.912
2361957278,2,416065728.0,-863560960.0,24378.0,0,0.0,0.0,0.0,0.0,0.0,0.0,2361.957
2361999707,2,416065728.0,-863560960.0,24383.0,0,0.0,0.0,0.0,0.0,0.0,0.0,2362.0
2362037234,2,416065728.0,-863560960.0,24388.0,0,0.0,0.0,0.0,0.0,0.0,0.0,2362.037
2362077850,2,416065696.0,-863560960.0,24392.0,0,0.0,0.0,0.0,0.0,0.0,0.0,2362.078
2362116050,2,416065696.0,-863560960.0,24397.0,0,0.0,0.0,0.0,0.0,0.0,0.0,2362.116
2362157244,2,416065696.0,-863560960.0,24401.0,0,0.0,0.0,0.0,0.0,0.0,0.0,2362.157
2362196977,2,416065696.0,-863560960.0,24406.0,0,0.0,0.0,0.0,0.0,0.0,0.0,2362.197
2362239689,2,416065696.0,-863560960.0,24410.0,0,0.0,0.0,0.0,0.0,0.0,0.0,2362.24
2362277897,2,416065696.0,-863560960.0,24414.0,0,0.0,0.0,0.0,0.0,0.0,0.0,2362.278
2362315997,2,416065696.0,-863560960.0,24417.0,0,0.0,0.0,0.0,0.0,0.0,0.0,2362.316
2362357430,2,416065664.0,-863560960.0,24421.0,0,0.0,0.0,0.0,0.0,0.0,0.0,2362.357
2362396932,2,416065664.0,-863560960.0,24424.0,0,0.0,0.0,0.0,0.0,0.0,0.0,2362.397
2362437276,2,416065664.0,-863560960.0,24428.0,0,0.0,0.0,0.0,0.0,0.0,0.0,2362.437
2362477983,2,416065664.0,-863561024.0,24431.0,0,0.0,0.0,0.0,0.0,0.0,0.0,2362.478
2362516990,2,416065664.0,-863561024.0,24434.0,0,0.0,0.0,0.0,0.0,0.0,0.0,2362.517
2362557182,2,416065664.0,-863561024.0,24436.0,0,0.0,0.0,0.0,0.0,0.0,0.0,2362.557
2362596926,2,416065664.0,-863561024.0,24439.0,0,0.0,0.0,0.0,0.0,0.0,0.0,2362.597
2362637303,2,416065664.0,-863561024.0,24442.0,0,0.0,0.0,0.0,0.0,0.0,0.0,2362.637
2362677911,2,416065664.0,-863561024.0,24444.0,0,0.0,0.0,0.0,0.0,0.0,0.0,2362.678
2362721005,2,416065664.0,-863561024.0,24446.0,0,0.0,0.0,0.0,0.0,0.0,0.0,2362.721
2362759430,2,416065664.0,-863561024.0,24448.0,0,0.0,0.0,0.0,0.0,0.0,0.0,2362.759
2362799801,2,416065664.0,-863561024.0,24450.0,0,0.0,0.0,0.0,0.0,0.0,0.0,2362.8
2362839728,2,416065664.0,-863561024.0,24452.0,0,0.0,0.0,0.0,0.0,0.0,0.0,2362.84
2362879871,2,416065664.0,-863561024.0,24453.0,0,0.0,0.0,0.0,0.0,0.0,0.0,2362.88
2362918647,2,416065632.0,-863561024.0,24454.0,0,0.0,0.0,0.0,0.0,0.0,0.0,2362.919
2362959458,2,416065632.0,-863561024.0,24456.0,0,0.0,0.0,0.0,0.0,0.0,0.0,2362.959
2363004717,2,416065632.0,-863561024.0,24457.0,0,0.0,0.0,0.0,0.0,0.0,0.0,2363.005
2363040325,2,416065632.0,-863561024.0,24458.0,0,0.0,0.0,0.0,0.0,0.0,0.0,2363.04
2363081964,2,416065632.0,-863561024.0,24459.0,0,0.0,0.0,0.0,0.0,0.0,0.0,2363.082
2363119497,2,416065632.0,-863561024.0,24460.0,0,0.0,0.0,0.0,0.0,0.0,0.0,2363.119
2363159466,2,416065632.0,-863561024.0,24460.0,0,0.0,0.0,0.0,0.0,0.0,0.0,2363.159
2363199785,2,416065632.0,-863561024.0,24461.0,0,0.0,0.0,0.0,0.0,0.0,0.0,2363.2
2363239721,2,416065632.0,-863561024.0,24461.0,0,0.0,0.0,0.0,0.0,0.0,0.0,2363.24
2363279817,2,416065632.0,-863561024.0,24462.0,0,0.0,0.0,0.0,0.0,0.0,0.0,2363.28
2363321965,2,416065632.0,-863561024.0,24462.0,0,0.0,0.0,0.0,0.0,0.0,0.0,2363.322
2363362273,2,416065632.0,-863561024.0,24463.0,0,0.0,0.0,0.0,0.0,0.0,0.0,2363.362
2363402267,2,416065632.0,-863561024.0,24463.0,0,0.0,0.0,0.0,0.0,0.0,0.0,2363.402
2363442226,2,416065632.0,-863561024.0,24463.0,0,0.0,0.0,0.0,0.0,0.0,0.0,2363.442
2363481946,2,416065632.0,-863561024.0,24463.0,0,0.0,0.0,0.0,0.0,0.0,0.0,2363.482
2363521971,2,416065632.0,-863561024.0,24463.0,0,0.0,0.0,0.0,0.0,0.0,0.0,2363.522
2363562220,2,416065632.0,-863561024.0,24463.0,0,0.0,0.0,0.0,0.0,0.0,0.0,2363.562
2363602237,2,416065632.0,-863561024.0,24463.0,0,0.0,0.0,0.0,0.0,0.0,0.0,2363.602
2363642229,2,416065632.0,-863561024.0,24463.0,0,0.0,0.0,0.0,0.0,0.0,0.0,2363.642
2363681959,2,416065632.0,-863561024.0,24463.0,0,0.0,0.0,0.0,0.0,0.0,0.0,2363.682
2363726022,2,416065632.0,-863561024.0,24463.0,0,0.0,0.0,0.0,0.0,0.0,0.0,2363.726
2363764729,2,416065632.0,-863561024.0,24463.0,0,0.0,0.0,0.0,0.0,0.0,0.0,2363.765
2363802215,2,416065632.0,-863561024.0,24463.0,0,0.0,0.0,0.0,0.0,0.0,0.0,2363.802
2363842288,2,416065632.0,-863561024.0,24463.0,0,0.0,0.0,0.0,0.0,0.0,0.0,2363.842
2363884325,2,416065632.0,-863561024.0,24463.0,0,0.0,0.0,0.0,0.0,0.0,0.0,2363.884
2363926039,2,416065632.0,-863561024.0,24463.0,0,0.0,0.0,0.0,0.0,0.0,0.0,2363.926
2363964782,2,416065632.0,-863561024.0,24463.0,0,0.0,0.0,0.0,0.0,0.0,0.0,2363.965
2364006953,2,416065632.0,-863561024.0,24463.0,0,0.0,0.0,0.0,0.0,0.0,0.0,2364.007
2364044448,2,416065632.0,-863561024.0,24463.0,0,0.0,0.0,0.0,0.0,0.0,0.0,2364.044
2364087315,2,416065632.0,-863561024.0,24463.0,0,0.0,0.0,0.0,0.0,0.0,0.0,2364.087
2364126033,2,416065632.0,-863561024.0,24463.0,0,0.0,0.0,0.0,0.0,0.0,0.0,2364.126
2364164744,2,416065632.0,-863561024.0,24463.0,0,0.0,0.0,0.0,0.0,0.0,0.0,2364.165
2364204745,2,416065632.0,-863561024.0,24463.0,0,0.0,0.0,0.0,0.0,0.0,0.0,2364.205
2364244552,2,416065632.0,-863561024.0,24463.0,0,0.0,0.0,0.0,0.0,0.0,0.0,2364.245
2364287253,2,416065632.0,-863561024.0,24463.0,0,0.0,0.0,0.0,0.0,0.0,0.0,2364.287
2364326020,2,416065632.0,-863561024.0,24463.0,0,0.0,0.0,0.0,0.0,0.0,0.0,2364.326
2364367422,2,416065632.0,-863561024.0,24463.0,0,0.0,0.0,0.0,0.0,0.0,0.0,2364.367
2364406986,2,416065632.0,-863561024.0,24463.0,0,0.0,0.0,0.0,0.0,0.0,0.0,2364.407
2364444525,2,416065632.0,-863561024.0,24463.0,0,0.0,0.0,0.0,0.0,0.0,0.0,2364.445
2364484514,2,416065632.0,-863561024.0,24463.0,0,0.0,0.0,0.0,0.0,0.0,0.0,2364.485
2364526167,2,416065632.0,-863561024.0,24463.0,0,0.0,0.0,0.0,0.0,0.0,0.0,2364.526
2364564794,2,416065632.0,-863561024.0,24463.0,0,0.0,0.0,0.0,0.0,0.0,0.0,2364.565
2364604760,2,416065632.0,-863561024.0,24463.0,0,0.0,0.0,0.0,0.0,0.0,0.0,2364.605
2364647016,2,416065632.0,-863561024.0,24463.0,0,0.0,0.0,0.0,0.0,0.0,0.0,2364.647
2364687218,2,416065632.0,-863561024.0,24463.0,0,0.0,0.0,0.0,0.0,0.0,0.0,2364.687
2364727265,2,416065632.0,-863561024.0,24463.0,0,0.0,0.0,0.0,0.0,0.0,0.0,2364.727
2364767285,2,416065632.0,-863561024.0,24463.0,0,0.0,0.0,0.0,0.0,0.0,0.0,2364.767
2364807068,2,416065632.0,-863561024.0,24463.0,0,0.0,0.0,0.0,0.0,0.0,0.0,2364.807
2364847049,2,416065632.0,-863561024.0,24463.0,0,0.0,0.0,0.0,0.0,0.0,0.0,2364.847
2364887388,2,416065632.0,-863561024.0,24463.0,0,0.0,0.0,0.0,0.0,0.0,0.0,2364.887
2364926184,2,416065632.0,-863561024.0,24463.0,0,0.0,0.0,0.0,0.0,0.0,0.0,2364.926
2364967257,2,416065632.0,-863561024.0,24463.0,0,0.0,0.0,0.0,0.0,0.0,0.0,2364.967
2365009495,2,416065632.0,-863561024.0,24463.0,0,0.0,0.0,0.0,0.0,0.0,0.0,2365.009
2365047012,2,416065632.0,-863561024.0,24463.0,0,0.0,0.0,0.0,0.0,0.0,0.0,2365.047
2365089755,2,416065632.0,-863561024.0,24463.0,0,0.0,0.0,0.0,0.0,0.0,0.0,2365.09
2365127324,2,416065632.0,-863561024.0,24463.0,0,0.0,0.0,0.0,0.0,0.0,0.0,2365.127
2365167281,2,416065632.0,-863561024.0,24463.0,0,0.0,0.0,0.0,0.0,0.0,0.0,2365.167
2365206983,2,416065632.0,-863561024.0,24463.0,0,0.0,0.0,0.0,0.0,0.0,0.0,2365.207
2365247098,2,416065632.0,-863561024.0,24463.0,0,0.0,0.0,0.0,0.0,0.0,0.0,2365.247
2365287406,2,416065632.0,-863561024.0,24463.0,0,0.0,0.0,0.0,0.0,0.0,0.0,2365.287
2365329993,2,416065632.0,-863561024.0,24463.0,0,0.0,0.0,0.0,0.0,0.0,0.0,2365.33
2365369511,2,416065632.0,-863561024.0,24463.0,0,0.0,0.0,0.0,0.0,0.0,0.0,2365.37
2365409589,2,416065632.0,-863561024.0,24463.0,0,0.0,0.0,0.0,0.0,0.0,0.0,2365.41
2365450845,2,416065632.0,-863561024.0,24463.0,0,0.0,0.0,0.0,0.0,0.0,0.0,2365.451
2365489666,2,416065632.0,-863561024.0,24463.0,0,0.0,0.0,0.0,0.0,0.0,0.0,2365.49
2365529849,2,416065632.0,-863561024.0,24463.0,0,0.0,0.0,0.0,0.0,0.0,0.0,2365.53
2365569449,2,416065632.0,-863561024.0,24463.0,0,0.0,0.0,0.0,0.0,0.0,0.0,2365.569
2365609511,2,416065632.0,-863561024.0,24463.0,0,0.0,0.0,0.0,0.0,0.0,0.0,2365.61
2365650940,2,416065632.0,-863561024.0,24463.0,0,0.0,0.0,0.0,0.0,0.0,0.0,2365.651
2365689714,2,416065632.0,-863561024.0,24463.0,0,0.0,0.0,0.0,0.0,0.0,0.0,2365.69
2365729860,2,416065632.0,-863561024.0,24463.0,0,0.0,0.0,0.0,0.0,0.0,0.0,2365.73
2365772031,2,416065632.0,-863561024.0,24463.0,0,0.0,0.0,0.0,0.0,0.0,0.0,2365.772
2365842238,2,416065632.0,-863561024.0,24463.0,0,0.0,0.0,0.0,0.0,0.0,0.0,2365.842
2365877923,2,416065632.0,-863561024.0,24463.0,0,0.0,0.0,0.0,0.0,0.0,0.0,2365.878
2365918517,2,416065632.0,-863561024.0,24463.0,0,0.0,0.0,0.0,0.0,0.0,0.0,2365.919
2365959437,2,416065632.0,-863561024.0,24463.0,0,0.0,0.0,0.0,0.0,0.0,0.0,2365.959
2365999764,2,416065632.0,-863561024.0,24463.0,0,0.0,0.0,0.0,0.0,0.0,0.0,2366.0
2366039743,2,416065632.0,-863561024.0,24463.0,0,0.0,0.0,0.0,0.0,0.0,0.0,2366.04
2366079848,2,416065632.0,-863561024.0,24463.0,0,0.0,0.0,0.0,0.0,0.0,0.0,2366.08
2366119444,2,416065632.0,-863561024.0,24463.0,0,0.0,0.0,0.0,0.0,0.0,0.0,2366.119
2366159417,2,416065632.0,-863561024.0,24463.0,0,0.0,0.0,0.0,0.0,0.0,0.0,2366.159
2366199759,2,416065632.0,-863561024.0,24463.0,0,0.0,0.0,0.0,0.0,0.0,0.0,2366.2
2366239752,2,416065632.0,-863561024.0,24463.0,0,0.0,0.0,0.0,0.0,0.0,0.0,2366.24
2366281944,2,416065632.0,-863561024.0,24463.0,0,0.0,0.0,0.0,0.0,0.0,0.0,2366.282
2366321956,2,416065632.0,-863561024.0,24463.0,0,0.0,0.0,0.0,0.0,0.0,0.0,2366.322
2366362283,2,416065632.0,-863561024.0,24463.0,0,0.0,0.0,0.0,0.0,0.0,0.0,2366.362
2366402317,2,416065632.0,-863561024.0,24463.0,0,0.0,0.0,0.0,0.0,0.0,0.0,2366.402
2366442229,2,416065632.0,-863561024.0,24463.0,0,0.0,0.0,0.0,0.0,0.0,0.0,2366.442
2366481981,2,416065632.0,-863561024.0,24463.0,0,0.0,0.0,0.0,0.0,0.0,0.0,2366.482
2366521980,2,416065632.0,-863561024.0,24463.0,0,0.0,0.0,0.0,0.0,0.0,0.0,2366.522
2366562278,2,416065632.0,-863561024.0,24463.0,0,0.0,0.0,0.0,0.0,0.0,0.0,2366.562
2366602195,2,416065632.0,-863561024.0,24463.0,0,0.0,0.0,0.0,0.0,0.0,0.0,2366.602
2366642265,2,416065632.0,-863561024.0,24463.0,0,0.0,0.0,0.0,0.0,0.0,0.0,2366.642
2366684425,2,416065632.0,-863561024.0,24463.0,0,0.0,0.0,0.0,0.0,0.0,0.0,2366.684
2366726119,2,416065632.0,-863561024.0,24463.0,0,0.0,0.0,0.0,0.0,0.0,0.0,2366.726
2366764718,2,416065632.0,-863561024.0,24463.0,0,0.0,0.0,0.0,0.0,0.0,0.0,2366.765
2366812337,2,416065632.0,-863561024.0,24463.0,0,0.0,0.0,0.0,0.0,0.0,0.0,2366.812
2366847046,2,416065632.0,-863561024.0,24463.0,0,0.0,0.0,0.0,0.0,0.0,0.0,2366.847
2366884425,2,416065632.0,-863561024.0,24463.0,0,0.0,0.0,0.0,0.0,0.0,0.0,2366.884
2366927330,2,416065632.0,-863561024.0,24463.0,0,0.0,0.0,0.0,0.0,0.0,0.0,2366.927
2366964725,2,416065632.0,-863561024.0,24463.0,0,0.0,0.0,0.0,0.0,0.0,0.0,2366.965
2367004732,2,416065632.0,-863561024.0,24463.0,0,0.0,0.0,0.0,0.0,0.0,0.0,2367.005
2367044535,2,416065632.0,-863561024.0,24463.0,0,0.0,0.0,0.0,0.0,0.0,0.0,2367.045
2367084437,2,416065632.0,-863561024.0,24463.0,0,0.0,0.0,0.0,0.0,0.0,0.0,2367.084
2367126059,2,416065632.0,-863561024.0,24463.0,0,0.0,0.0,0.0,0.0,0.0,0.0,2367.126
2367164698,2,416065632.0,-863561024.0,24463.0,0,0.0,0.0,0.0,0.0,0.0,0.0,2367.165
2367204799,2,416065632.0,-863561024.0,24463.0,0,0.0,0.0,0.0,0.0,0.0,0.0,2367.205
2367247007,2,416065632.0,-863561024.0,24463.0,0,0.0,0.0,0.0,0.0,0.0,0.0,2367.247
2367287296,2,416065632.0,-863561024.0,24463.0,0,0.0,0.0,0.0,0.0,0.0,0.0,2367.287
2367326090,2,416065632.0,-863561024.0,24463.0,0,0.0,0.0,0.0,0.0,0.0,0.0,2367.326
2367367243,2,416065632.0,-863561024.0,24463.0,0,0.0,0.0,0.0,0.0,0.0,0.0,2367.367
2367407003,2,416065632.0,-863561024.0,24463.0,0,0.0,0.0,0.0,0.0,0.0,0.0,2367.407
2367446976,2,416065632.0,-863561024.0,24463.0,0,0.0,0.0,0.0,0.0,0.0,0.0,2367.447
2367487254,2,416065632.0,-863561024.0,24463.0,0,0.0,0.0,0.0,0.0,0.0,0.0,2367.487
2367526055,2,416065632.0,-863561024.0,24463.0,0,0.0,0.0,0.0,0.0,0.0,0.0,2367.526
2367567244,2,416065632.0,-863561024.0,24463.0,0,0.0,0.0,0.0,0.0,0.0,0.0,2367.567
2367607063,2,416065632.0,-863561024.0,24463.0,0,0.0,0.0,0.0,0.0,0.0,0.0,2367.607
2367646997,2,416065632.0,-863561024.0,24463.0,0,0.0,0.0,0.0,0.0,0.0,0.0,2367.647
2367687289,2,416065632.0,-863561024.0,24463.0,0,0.0,0.0,0.0,0.0,0.0,0.0,2367.687
2367727303,2,416065632.0,-863561024.0,24463.0,0,0.0,0.0,0.0,0.0,0.0,0.0,2367.727
2367767315,2,416065632.0,-863561024.0,24463.0,0,0.0,0.0,0.0,0.0,0.0,0.0,2367.767
2367809450,2,416065632.0,-863561024.0,24463.0,0,0.0,0.0,0.0,0.0,0.0,0.0,2367.809
2367850890,2,416065632.0,-863561024.0,24463.0,0,0.0,0.0,0.0,0.0,0.0,0.0,2367.851
2367889743,2,416065632.0,-863561024.0,24463.0,0,0.0,0.0,0.0,0.0,0.0,0.0,2367.89
2367929924,2,416065632.0,-863561024.0,24463.0,0,0.0,0.0,0.0,0.0,0.0,0.0,2367.93
2367969500,2,416065632.0,-863561024.0,24463.0,0,0.0,0.0,0.0,0.0,0.0,0.0,2367.97
2368009516,2,416065632.0,-863561024.0,24463.0,0,0.0,0.0,0.0,0.0,0.0,0.0,2368.01
2368050870,2,416065632.0,-863561024.0,24463.0,0,0.0,0.0,0.0,0.0,0.0,0.0,2368.051
2368089748,2,416065632.0,-863561024.0,24463.0,0,0.0,0.0,0.0,0.0,0.0,0.0,2368.09
2368129903,2,416065632.0,-863561024.0,24463.0,0,0.0,0.0,0.0,0.0,0.0,0.0,2368.13
2368169564,2,416065632.0,-863561024.0,24463.0,0,0.0,0.0,0.0,0.0,0.0,0.0,2368.17
2368209504,2,416065632.0,-863561024.0,24463.0,0,0.0,0.0,0.0,0.0,0.0,0.0,2368.21
2368250792,2,416065632.0,-863561024.0,24463.0,0,0.0,0.0,0.0,0.0,0.0,0.0,2368.251
2368289843,2,416065632.0,-863561024.0,24463.0,0,0.0,0.0,0.0,0.0,0.0,0.0,2368.29
2368329914,2,416065632.0,-863561024.0,24463.0,0,0.0,0.0,0.0,0.0,0.0,0.0,2368.33
2368369572,2,416065632.0,-863561024.0,24463.0,0,0.0,0.0,0.0,0.0,0.0,0.0,2368.37
2368412345,2,416065632.0,-863561024.0,24463.0,0,0.0,0.0,0.0,0.0,0.0,0.0,2368.412
2368450387,2,416065632.0,-863561024.0,24463.0,0,0.0,0.0,0.0,0.0,0.0,0.0,2368.45
2368492271,2,416065632.0,-863561024.0,24463.0,0,0.0,0.0,0.0,0.0,0.0,0.0,2368.492
2368529902,2,416065632.0,-863561024.0,24463.0,0,0.0,0.0,0.0,0.0,0.0,0.0,2368.53
2368571952,2,416065632.0,-863561024.0,24463.0,0,0.0,0.0,0.0,0.0,0.0,0.0,2368.572
2368612359,2,416065632.0,-863561024.0,24463.0,0,0.0,0.0,0.0,0.0,0.0,0.0,2368.612
2368650840,2,416065632.0,-863561024.0,24463.0,0,0.0,0.0,0.0,0.0,0.0,0.0,2368.651
2368692204,2,416065632.0,-863561024.0,24463.0,0,0.0,0.0,0.0,0.0,0.0,0.0,2368.692
2368731965,2,416065632.0,-863561024.0,24463.0,0,0.0,0.0,0.0,0.0,0.0,0.0,2368.732
2368771982,2,416065632.0,-863561024.0,24463.0,0,0.0,0.0,0.0,0.0,0.0,0.0,2368.772
2368816107,2,416065632.0,-863561024.0,24463.0,0,0.0,0.0,0.0,0.0,0.0,0.0,2368.816
2368855338,2,416065632.0,-863561024.0,24463.0,0,0.0,0.0,0.0,0.0,0.0,0.0,2368.855
2368892264,2,416065632.0,-863561024.0,24463.0,0,0.0,0.0,0.0,0.0,0.0,0.0,2368.892
2368934497,2,416065632.0,-863561024.0,24463.0,0,0.0,0.0,0.0,0.0,0.0,0.0,2368.934
2368974837,2,416065632.0,-863561024.0,24463.0,0,0.0,0.0,0.0,0.0,0.0,0.0,2368.975
2369012336,2,416065632.0,-863561024.0,24463.0,0,0.0,0.0,0.0,0.0,0.0,0.0,2369.012
2369055319,2,416065632.0,-863561024.0,24463.0,0,0.0,0.0,0.0,0.0,0.0,0.0,2369.055
2369094522,2,416065632.0,-863561024.0,24463.0,0,0.0,0.0,0.0,0.0,0.0,0.0,2369.095
2369134464,2,416065632.0,-863561024.0,24463.0,0,0.0,0.0,0.0,0.0,0.0,0.0,2369.134
2369174818,2,416065632.0,-863561024.0,24463.0,0,0.0,0.0,0.0,0.0,0.0,0.0,2369.175
2369215971,2,416065632.0,-863561024.0,24463.0,0,0.0,0.0,0.0,0.0,0.0,0.0,2369.216
2369255192,2,416065632.0,-863561024.0,24463.0,0,0.0,0.0,0.0,0.0,0.0,0.0,2369.255
2369294538,2,416065632.0,-863561024.0,24463.0,0,0.0,0.0,0.0,0.0,0.0,0.0,2369.295
2369334533,2,416065632.0,-863561024.0,24463.0,0,0.0,0.0,0.0,0.0,0.0,0.0,2369.335
2369374832,2,416065632.0,-863561024.0,24463.0,0,0.0,0.0,0.0,0.0,0.0,0.0,2369.375
2369416132,2,416065632.0,-863561024.0,24463.0,0,0.0,0.0,0.0,0.0,0.0,0.0,2369.416
2369455381,2,416065632.0,-863561024.0,24463.0,0,0.0,0.0,0.0,0.0,0.0,0.0,2369.455
2369494450,2,416065632.0,-863561024.0,24463.0,0,0.0,0.0,0.0,0.0,0.0,0.0,2369.494
2369534490,2,416065632.0,-863561024.0,24463.0,0,0.0,0.0,0.0,0.0,0.0,0.0,2369.534
2369574875,2,416065632.0,-863561024.0,24463.0,0,0.0,0.0,0.0,0.0,0.0,0.0,2369.575
2369615975,2,416065632.0,-863561024.0,24463.0,0,0.0,0.0,0.0,0.0,0.0,0.0,2369.616
2369655357,2,416065632.0,-863561024.0,24463.0,0,0.0,0.0,0.0,0.0,0.0,0.0,2369.655
2369696967,2,416065632.0,-863561024.0,24463.0,0,0.0,0.0,0.0,0.0,0.0,0.0,2369.697
2369737324,2,416065632.0,-863561024.0,24463.0,0,0.0,0.0,0.0,0.0,0.0,0.0,2369.737
2369777257,2,416065632.0,-863561024.0,24463.0,0,0.0,0.0,0.0,0.0,0.0,0.0,2369.777
2369816042,2,416065632.0,-863561024.0,24463.0,0,0.0,0.0,0.0,0.0,0.0,0.0,2369.816
2369859545,2,416065632.0,-863561024.0,24463.0,0,0.0,0.0,0.0,0.0,0.0,0.0,2369.86
2369896972,2,416065632.0,-863561024.0,24463.0,0,0.0,0.0,0.0,0.0,0.0,0.0,2369.897
2369937244,2,416065632.0,-863561024.0,24463.0,0,0.0,0.0,0.0,0.0,0.0,0.0,2369.937
2369977331,2,416065632.0,-863561024.0,24463.0,0,0.0,0.0,0.0,0.0,0.0,0.0,2369.977
2370018338,2,416065632.0,-863561024.0,24463.0,0,0.0,0.0,0.0,0.0,0.0,0.0,2370.018
2370056913,2,416065632.0,-863561024.0,24463.0,0,0.0,0.0,0.0,0.0,0.0,0.0,2370.057
2370096949,2,416065632.0,-863561024.0,24463.0,0,0.0,0.0,0.0,0.0,0.0,0.0,2370.097
2370137279,2,416065632.0,-863561024.0,24463.0,0,0.0,0.0,0.0,0.0,0.0,0.0,2370.137
2370177334,2,416065632.0,-863561024.0,24463.0,0,0.0,0.0,0.0,0.0,0.0,0.0,2370.177
2370218629,2,416065632.0,-863561024.0,24463.0,0,0.0,0.0,0.0,0.0,0.0,0.0,2370.219
2370259555,2,416065632.0,-863561024.0,24463.0,0,0.0,0.0,0.0,0.0,0.0,0.0,2370.26
2370299801,2,416065632.0,-863561024.0,24463.0,0,0.0,0.0,0.0,0.0,0.0,0.0,2370.3
2370339668,2,416065632.0,-863561024.0,24463.0,0,0.0,0.0,0.0,0.0,0.0,0.0,2370.34
2370379735,2,416065632.0,-863561024.0,24463.0,0,0.0,0.0,0.0,0.0,0.0,0.0,2370.38
2370418490,2,416065632.0,-863561024.0,24463.0,0,0.0,0.0,0.0,0.0,0.0,0.0,2370.418
2370459517,2,416065632.0,-863561024.0,24463.0,0,0.0,0.0,0.0,0.0,0.0,0.0,2370.46
2370499783,2,416065632.0,-863561024.0,24463.0,0,0.0,0.0,0.0,0.0,0.0,0.0,2370.5
2370539705,2,416065632.0,-863561024.0,24463.0,0,0.0,0.0,0.0,0.0,0.0,0.0,2370.54
2370579781,2,416065632.0,-863561024.0,24463.0,0,0.0,0.0,0.0,0.0,0.0,0.0,2370.58
2370618599,2,416065632.0,-863561024.0,24463.0,0,0.0,0.0,0.0,0.0,0.0,0.0,2370.619
2370659439,2,416065632.0,-863561024.0,24463.0,0,0.0,0.0,0.0,0.0,0.0,0.0,2370.659
2370699780,2,416065632.0,-863561024.0,24463.0,0,0.0,0.0,0.0,0.0,0.0,0.0,2370.7
2370739758,2,416065632.0,-863561024.0,24463.0,0,0.0,0.0,0.0,0.0,0.0,0.0,2370.74
2370779857,2,416065632.0,-863561024.0,24463.0,0,0.0,0.0,0.0,0.0,0.0,0.0,2370.78
2370819535,2,416065632.0,-863561024.0,24463.0,0,0.0,0.0,0.0,0.0,0.0,0.0,2370.82
2370862428,2,416065632.0,-863561024.0,24463.0,0,0.0,0.0,0.0,0.0,0.0,0.0,2370.862
2370899790,2,416065632.0,-863561024.0,24463.0,0,0.0,0.0,0.0,0.0,0.0,0.0,2370.9
2370942250,2,416065632.0,-863561024.0,24463.0,0,0.0,0.0,0.0,0.0,0.0,0.0,2370.942
2370981928,2,416065632.0,-863561024.0,24463.0,0,0.0,0.0,0.0,0.0,0.0,0.0,2370.982
2371021999,2,416065632.0,-863561024.0,24463.0,0,0.0,0.0,0.0,0.0,0.0,0.0,2371.022
2371062268,2,416065632.0,-863561024.0,24463.0,0,0.0,0.0,0.0,0.0,0.0,0.0,2371.062
2371102212,2,416065632.0,-863561024.0,24463.0,0,0.0,0.0,0.0,0.0,0.0,0.0,2371.102
2371142231,2,416065632.0,-863561024.0,24463.0,0,0.0,0.0,0.0,0.0,0.0,0.0,2371.142
2371181918,2,416065632.0,-863561024.0,24463.0,0,0.0,0.0,0.0,0.0,0.0,0.0,2371.182
2371221953,2,416065632.0,-863561024.0,24463.0,0,0.0,0.0,0.0,0.0,0.0,0.0,2371.222
2371262244,2,416065632.0,-863561024.0,24463.0,0,0.0,0.0,0.0,0.0,0.0,0.0,2371.262
2371302216,2,416065632.0,-863561024.0,24463.0,0,0.0,0.0,0.0,0.0,0.0,0.0,2371.302
2371342295,2,416065632.0,-863561024.0,24463.0,0,0.0,0.0,0.0,0.0,0.0,0.0,2371.342
2371382002,2,416065632.0,-863561024.0,24463.0,0,0.0,0.0,0.0,0.0,0.0,0.0,2371.382
2371421993,2,416065632.0,-863561024.0,24463.0,0,0.0,0.0,0.0,0.0,0.0,0.0,2371.422
2371462371,2,416065632.0,-863561024.0,24463.0,0,0.0,0.0,0.0,0.0,0.0,0.0,2371.462
2371502228,2,416065632.0,-863561024.0,24463.0,0,0.0,0.0,0.0,0.0,0.0,0.0,2371.502
2371542240,2,416065632.0,-863561024.0,24463.0,0,0.0,0.0,0.0,0.0,0.0,0.0,2371.542
2371584440,2,416065632.0,-863561024.0,24463.0,0,0.0,0.0,0.0,0.0,0.0,0.0,2371.584
2371626050,2,416065632.0,-863561024.0,24463.0,0,0.0,0.0,0.0,0.0,0.0,0.0,2371.626
2371664800,2,416065632.0,-863561024.0,24463.0,0,0.0,0.0,0.0,0.0,0.0,0.0,2371.665
2371704996,2,416065632.0,-863561024.0,24463.0,0,0.0,0.0,0.0,0.0,0.0,0.0,2371.705
2371744525,2,416065632.0,-863561024.0,24463.0,0,0.0,0.0,0.0,0.0,0.0,0.0,2371.745
2371784409,2,416065632.0,-863561024.0,24463.0,0,0.0,0.0,0.0,0.0,0.0,0.0,2371.784
2371826049,2,416065632.0,-863561024.0,24463.0,0,0.0,0.0,0.0,0.0,0.0,0.0,2371.826
2371867311,2,416065632.0,-863561024.0,24463.0,0,0.0,0.0,0.0,0.0,0.0,0.0,2371.867
2371904995,2,416065632.0,-863561024.0,24463.0,0,0.0,0.0,0.0,0.0,0.0,0.0,2371.905
2371944569,2,416065632.0,-863561024.0,24463.0,0,0.0,0.0,0.0,0.0,0.0,0.0,2371.945
2371984475,2,416065632.0,-863561024.0,24463.0,0,0.0,0.0,0.0,0.0,0.0,0.0,2371.984
2372026068,2,416065632.0,-863561024.0,24463.0,0,0.0,0.0,0.0,0.0,0.0,0.0,2372.026
2372064857,2,416065632.0,-863561024.0,24463.0,0,0.0,0.0,0.0,0.0,0.0,0.0,2372.065
2372104870,2,416065632.0,-863561024.0,24463.0,0,0.0,0.0,0.0,0.0,0.0,0.0,2372.105
2372146929,2,416065632.0,-863561024.0,24463.0,0,0.0,0.0,0.0,0.0,0.0,0.0,2372.147
2372187402,2,416065632.0,-863561024.0,24463.0,0,0.0,0.0,0.0,0.0,0.0,0.0,2372.187
2372226127,2,416065632.0,-863561024.0,24463.0,0,0.0,0.0,0.0,0.0,0.0,0.0,2372.226
2372289716,2,416065632.0,-863561024.0,24463.0,0,0.0,0.0,0.0,0.0,0.0,0.0,2372.29
2372307031,2,416065632.0,-863561024.0,24463.0,0,0.0,0.0,0.0,0.0,0.0,0.0,2372.307
2372346989,2,416065632.0,-863561024.0,24463.0,0,0.0,0.0,0.0,0.0,0.0,0.0,2372.347
2372387413,2,416065632.0,-863561024.0,24463.0,0,0.0,0.0,0.0,0.0,0.0,0.0,2372.387
2372426073,2,416065632.0,-863561024.0,24463.0,0,0.0,0.0,0.0,0.0,0.0,0.0,2372.426
2372467308,2,416065632.0,-863561024.0,24463.0,0,0.0,0.0,0.0,0.0,0.0,0.0,2372.467
2372507056,2,416065632.0,-863561024.0,24463.0,0,0.0,0.0,0.0,0.0,0.0,0.0,2372.507
2372547038,2,416065632.0,-863561024.0,24463.0,0,0.0,0.0,0.0,0.0,0.0,0.0,2372.547
2372587378,2,416065632.0,-863561024.0,24463.0,0,0.0,0.0,0.0,0.0,0.0,0.0,2372.587
2372627375,2,416065632.0,-863561024.0,24463.0,0,0.0,0.0,0.0,0.0,0.0,0.0,2372.627
2372669566,2,416065632.0,-863561024.0,24463.0,0,0.0,0.0,0.0,0.0,0.0,0.0,2372.67
2372709476,2,416065632.0,-863561024.0,24463.0,0,0.0,0.0,0.0,0.0,0.0,0.0,2372.709
2372749754,2,416065632.0,-863561024.0,24463.0,0,0.0,0.0,0.0,0.0,0.0,0.0,2372.75
2372789720,2,416065632.0,-863561024.0,24463.0,0,0.0,0.0,0.0,0.0,0.0,0.0,2372.79
2372832018,2,416065632.0,-863561024.0,24463.0,0,0.0,0.0,0.0,0.0,0.0,0.0,2372.832
2372874842,2,416065632.0,-863561024.0,24463.0,0,0.0,0.0,0.0,0.0,0.0,0.0,2372.875
2372909535,2,416065632.0,-863561024.0,24463.0,0,0.0,0.0,0.0,0.0,0.0,0.0,2372.91
2372949740,2,416065632.0,-863561024.0,24463.0,0,0.0,0.0,0.0,0.0,0.0,0.0,2372.95
2372989693,2,416065632.0,-863561024.0,24463.0,0,0.0,0.0,0.0,0.0,0.0,0.0,2372.99
2373069436,2,416065632.0,-863561024.0,24463.0,0,0.0,0.0,0.0,0.0,0.0,0.0,2373.069
2373069586,2,416065632.0,-863561024.0,24463.0,0,0.0,0.0,0.0,0.0,0.0,0.0,2373.07
2373112335,2,416065632.0,-863561024.0,24463.0,0,0.0,0.0,0.0,0.0,0.0,0.0,2373.112
2373149788,2,416065632.0,-863561024.0,24463.0,0,0.0,0.0,0.0,0.0,0.0,0.0,2373.15
2373192268,2,416065632.0,-863561024.0,24463.0,0,0.0,0.0,0.0,0.0,0.0,0.0,2373.192
2373231156,2,416065632.0,-863561024.0,24463.0,0,0.0,0.0,0.0,0.0,0.0,0.0,2373.231
2373271957,2,416065632.0,-863561024.0,24463.0,0,0.0,0.0,0.0,0.0,0.0,0.0,2373.272
2373312345,2,416065632.0,-863561024.0,24463.0,0,0.0,0.0,0.0,0.0,0.0,0.0,2373.312
2373352159,2,416065632.0,-863561024.0,24463.0,0,0.0,0.0,0.0,0.0,0.0,0.0,2373.352
2373392279,2,416065632.0,-863561024.0,24463.0,0,0.0,0.0,0.0,0.0,0.0,0.0,2373.392
2373431904,2,416065632.0,-863561024.0,24463.0,0,0.0,0.0,0.0,0.0,0.0,0.0,2373.432
2373471938,2,416065632.0,-863561024.0,24463.0,0,0.0,0.0,0.0,0.0,0.0,0.0,2373.472
2373512333,2,416065632.0,-863561024.0,24463.0,0,0.0,0.0,0.0,0.0,0.0,0.0,2373.512
2373552191,2,416065632.0,-863561024.0,24463.0,0,0.0,0.0,0.0,0.0,0.0,0.0,2373.552
2373592375,2,416065632.0,-863561024.0,24463.0,0,0.0,0.0,0.0,0.0,0.0,0.0,2373.592
2373634464,2,416065632.0,-863561024.0,24463.0,0,0.0,0.0,0.0,0.0,0.0,0.0,2373.634
2373674818,2,416065632.0,-863561024.0,24463.0,0,0.0,0.0,0.0,0.0,0.0,0.0,2373.675
2373715999,2,416065632.0,-863561024.0,24463.0,0,0.0,0.0,0.0,0.0,0.0,0.0,2373.716
2373754787,2,416065632.0,-863561024.0,24463.0,0,0.0,0.0,0.0,0.0,0.0,0.0,2373.755
2373794582,2,416065632.0,-863561024.0,24463.0,0,0.0,0.0,0.0,0.0,0.0,0.0,2373.795
2373834465,2,416065632.0,-863561024.0,24463.0,0,0.0,0.0,0.0,0.0,0.0,0.0,2373.834
2373877939,2,416065632.0,-863561024.0,24463.0,0,0.0,0.0,0.0,0.0,0.0,0.0,2373.878
2373915973,2,416065632.0,-863561024.0,24463.0,0,0.0,0.0,0.0,0.0,0.0,0.0,2373.916
2373954750,2,416065632.0,-863561024.0,24463.0,0,0.0,0.0,0.0,0.0,0.0,0.0,2373.955
2373994461,2,416065632.0,-863561024.0,24463.0,0,0.0,0.0,0.0,0.0,0.0,0.0,2373.994
2374034577,2,416065632.0,-863561024.0,24463.0,0,0.0,0.0,0.0,0.0,0.0,0.0,2374.035
2374074856,2,416065632.0,-863561024.0,24463.0,0,0.0,0.0,0.0,0.0,0.0,0.0,2374.075
2374115977,2,416065632.0,-863561024.0,24463.0,0,0.0,0.0,0.0,0.0,0.0,0.0,2374.116
2374154828,2,416065632.0,-863561024.0,24463.0,0,0.0,0.0,0.0,0.0,0.0,0.0,2374.155
2374194413,2,416065632.0,-863561024.0,24463.0,0,0.0,0.0,0.0,0.0,0.0,0.0,2374.194
2374234483,2,416065632.0,-863561024.0,24463.0,0,0.0,0.0,0.0,0.0,0.0,0.0,2374.234
2374275025,2,416065632.0,-863561024.0,24463.0,0,0.0,0.0,0.0,0.0,0.0,0.0,2374.275
2374316100,2,416065632.0,-863561024.0,24463.0,0,0.0,0.0,0.0,0.0,0.0,0.0,2374.316
2374356964,2,416065632.0,-863561024.0,24463.0,0,0.0,0.0,0.0,0.0,0.0,0.0,2374.357
2374396984,2,416065632.0,-863561024.0,24463.0,0,0.0,0.0,0.0,0.0,0.0,0.0,2374.397
2374437210,2,416065632.0,-863561024.0,24463.0,0,0.0,0.0,0.0,0.0,0.0,0.0,2374.437
2374477840,2,416065632.0,-863561024.0,24463.0,0,0.0,0.0,0.0,0.0,0.0,0.0,2374.478
2374516064,2,416065632.0,-863561024.0,24463.0,0,0.0,0.0,0.0,0.0,0.0,0.0,2374.516
2374556927,2,416065632.0,-863561024.0,24463.0,0,0.0,0.0,0.0,0.0,0.0,0.0,2374.557
2374596999,2,416065632.0,-863561024.0,24463.0,0,0.0,0.0,0.0,0.0,0.0,0.0,2374.597
2374637253,2,416065632.0,-863561024.0,24463.0,0,0.0,0.0,0.0,0.0,0.0,0.0,2374.637
2374677830,2,416065632.0,-863561024.0,24463.0,0,0.0,0.0,0.0,0.0,0.0,0.0,2374.678
2374716101,2,416065632.0,-863561024.0,24463.0,0,0.0,0.0,0.0,0.0,0.0,0.0,2374.716
2374756926,2,416065632.0,-863561024.0,24463.0,0,0.0,0.0,0.0,0.0,0.0,0.0,2374.757
2374796981,2,416065632.0,-863561024.0,24463.0,0,0.0,0.0,0.0,0.0,0.0,0.0,2374.797
2374837783,2,416065632.0,-863561024.0,24463.0,0,0.0,0.0,0.0,0.0,0.0,0.0,2374.838
2374882065,2,416065632.0,-863561024.0,24463.0,0,0.0,0.0,0.0,0.0,0.0,0.0,2374.882
2374918566,2,416065632.0,-863561024.0,24463.0,0,0.0,0.0,0.0,0.0,0.0,0.0,2374.919
2374959552,2,416065632.0,-863561024.0,24463.0,0,0.0,0.0,0.0,0.0,0.0,0.0,2374.96
2374999735,2,416065632.0,-863561024.0,24463.0,0,0.0,0.0,0.0,0.0,0.0,0.0,2375.0
2375037789,2,416065632.0,-863561024.0,24463.0,0,0.0,0.0,0.0,0.0,0.0,0.0,2375.038
2375077997,2,416065632.0,-863561024.0,24463.0,0,0.0,0.0,0.0,0.0,0.0,0.0,2375.078
2375118625,2,416065632.0,-863561024.0,24463.0,0,0.0,0.0,0.0,0.0,0.0,0.0,2375.119
2375159488,2,416065632.0,-863561024.0,24463.0,0,0.0,0.0,0.0,0.0,0.0,0.0,2375.159
2375199803,2,416065632.0,-863561024.0,24463.0,0,0.0,0.0,0.0,0.0,0.0,0.0,2375.2
2375240132,2,416065632.0,-863561024.0,24463.0,0,0.0,0.0,0.0,0.0,0.0,0.0,2375.24
2375279820,2,416065632.0,-863561024.0,24463.0,0,0.0,0.0,0.0,0.0,0.0,0.0,2375.28
2375318607,2,416065632.0,-863561024.0,24463.0,0,0.0,0.0,0.0,0.0,0.0,0.0,2375.319
2375359451,2,416065632.0,-863561024.0,24463.0,0,0.0,0.0,0.0,0.0,0.0,0.0,2375.359
2375399787,2,416065632.0,-863561024.0,24463.0,0,0.0,0.0,0.0,0.0,0.0,0.0,2375.4
2375440251,2,416065632.0,-863561024.0,24463.0,0,0.0,0.0,0.0,0.0,0.0,0.0,2375.44
2375479763,2,416065632.0,-863561024.0,24463.0,0,0.0,0.0,0.0,0.0,0.0,0.0,2375.48
2375519437,2,416065632.0,-863561024.0,24463.0,0,0.0,0.0,0.0,0.0,0.0,0.0,2375.519
2375559455,2,416065632.0,-863561024.0,24463.0,0,0.0,0.0,0.0,0.0,0.0,0.0,2375.559
2375599776,2,416065632.0,-863561024.0,24463.0,0,0.0,0.0,0.0,0.0,0.0,0.0,2375.6
2375639789,2,416065632.0,-863561024.0,24463.0,0,0.0,0.0,0.0,0.0,0.0,0.0,2375.64
2375679803,2,416065632.0,-863561024.0,24463.0,0,0.0,0.0,0.0,0.0,0.0,0.0,2375.68
2375721955,2,416065632.0,-863561024.0,24463.0,0,0.0,0.0,0.0,0.0,0.0,0.0,2375.722
2375762287,2,416065632.0,-863561024.0,24463.0,0,0.0,0.0,0.0,0.0,0.0,0.0,2375.762
2375802223,2,416065632.0,-863561024.0,24463.0,0,0.0,0.0,0.0,0.0,0.0,0.0,2375.802
2375842197,2,416065632.0,-863561024.0,24463.0,0,0.0,0.0,0.0,0.0,0.0,0.0,2375.842
2375884490,2,416065632.0,-863561024.0,24463.0,0,0.0,0.0,0.0,0.0,0.0,0.0,2375.884
2375922022,2,416065632.0,-863561024.0,24463.0,0,0.0,0.0,0.0,0.0,0.0,0.0,2375.922
2375962244,2,416065632.0,-863561024.0,24463.0,0,0.0,0.0,0.0,0.0,0.0,0.0,2375.962
2376002273,2,416065632.0,-863561024.0,24463.0,0,0.0,0.0,0.0,0.0,0.0,0.0,2376.002
2376042308,2,416065632.0,-863561024.0,24463.0,0,0.0,0.0,0.0,0.0,0.0,0.0,2376.042
2376081972,2,416065632.0,-863561024.0,24463.0,0,0.0,0.0,0.0,0.0,0.0,0.0,2376.082
2376122011,2,416065632.0,-863561024.0,24463.0,0,0.0,0.0,0.0,0.0,0.0,0.0,2376.122
2376162231,2,416065632.0,-863561024.0,24463.0,0,0.0,0.0,0.0,0.0,0.0,0.0,2376.162
2376202236,2,416065632.0,-863561024.0,24463.0,0,0.0,0.0,0.0,0.0,0.0,0.0,2376.202
2376242273,2,416065632.0,-863561024.0,24463.0,0,0.0,0.0,0.0,0.0,0.0,0.0,2376.242
2376281949,2,416065632.0,-863561024.0,24463.0,0,0.0,0.0,0.0,0.0,0.0,0.0,2376.282
2376322024,2,416065632.0,-863561024.0,24463.0,0,0.0,0.0,0.0,0.0,0.0,0.0,2376.322
2376362232,2,416065632.0,-863561024.0,24463.0,0,0.0,0.0,0.0,0.0,0.0,0.0,2376.362
2376404797,2,416065632.0,-863561024.0,24463.0,0,0.0,0.0,0.0,0.0,0.0,0.0,2376.405
2376442264,2,416065632.0,-863561024.0,24463.0,0,0.0,0.0,0.0,0.0,0.0,0.0,2376.442
2376484436,2,416065632.0,-863561024.0,24463.0,0,0.0,0.0,0.0,0.0,0.0,0.0,2376.484
2376526057,2,416065632.0,-863561024.0,24463.0,0,0.0,0.0,0.0,0.0,0.0,0.0,2376.526
2376564703,2,416065632.0,-863561024.0,24463.0,0,0.0,0.0,0.0,0.0,0.0,0.0,2376.565
2376604766,2,416065632.0,-863561024.0,24463.0,0,0.0,0.0,0.0,0.0,0.0,0.0,2376.605
2376644457,2,416065632.0,-863561024.0,24463.0,0,0.0,0.0,0.0,0.0,0.0,0.0,2376.644
2376684414,2,416065632.0,-863561024.0,24463.0,0,0.0,0.0,0.0,0.0,0.0,0.0,2376.684
2376726063,2,416065632.0,-863561024.0,24463.0,0,0.0,0.0,0.0,0.0,0.0,0.0,2376.726
2376764747,2,416065632.0,-863561024.0,24463.0,0,0.0,0.0,0.0,0.0,0.0,0.0,2376.765
2376804781,2,416065632.0,-863561024.0,24463.0,0,0.0,0.0,0.0,0.0,0.0,0.0,2376.805
2376844583,2,416065632.0,-863561024.0,24463.0,0,0.0,0.0,0.0,0.0,0.0,0.0,2376.845
2376887262,2,416065632.0,-863561024.0,24463.0,0,0.0,0.0,0.0,0.0,0.0,0.0,2376.887
2376926064,2,416065632.0,-863561024.0,24463.0,0,0.0,0.0,0.0,0.0,0.0,0.0,2376.926
2376964665,2,416065632.0,-863561024.0,24463.0,0,0.0,0.0,0.0,0.0,0.0,0.0,2376.965
2377004845,2,416065632.0,-863561024.0,24463.0,0,0.0,0.0,0.0,0.0,0.0,0.0,2377.005
2377047034,2,416065632.0,-863561024.0,24463.0,0,0.0,0.0,0.0,0.0,0.0,0.0,2377.047
2377087295,2,416065632.0,-863561024.0,24463.0,0,0.0,0.0,0.0,0.0,0.0,0.0,2377.087
2377126205,2,416065632.0,-863561024.0,24463.0,0,0.0,0.0,0.0,0.0,0.0,0.0,2377.126
2377167277,2,416065632.0,-863561024.0,24463.0,0,0.0,0.0,0.0,0.0,0.0,0.0,2377.167
2377207066,2,416065632.0,-863561024.0,24463.0,0,0.0,0.0,0.0,0.0,0.0,0.0,2377.207
2377246992,2,416065632.0,-863561024.0,24463.0,0,0.0,0.0,0.0,0.0,0.0,0.0,2377.247
2377287238,2,416065632.0,-863561024.0,24463.0,0,0.0,0.0,0.0,0.0,0.0,0.0,2377.287
2377326142,2,416065632.0,-863561024.0,24463.0,0,0.0,0.0,0.0,0.0,0.0,0.0,2377.326
2377367247,2,416065632.0,-863561024.0,24463.0,0,0.0,0.0,0.0,0.0,0.0,0.0,2377.367
2377406993,2,416065632.0,-863561024.0,24463.0,0,0.0,0.0,0.0,0.0,0.0,0.0,2377.407
2377447082,2,416065632.0,-863561024.0,24463.0,0,0.0,0.0,0.0,0.0,0.0,0.0,2377.447
2377487331,2,416065632.0,-863561024.0,24463.0,0,0.0,0.0,0.0,0.0,0.0,0.0,2377.487
2377527261,2,416065632.0,-863561024.0,24463.0,0,0.0,0.0,0.0,0.0,0.0,0.0,2377.527
2377567273,2,416065632.0,-863561024.0,24463.0,0,0.0,0.0,0.0,0.0,0.0,0.0,2377.567
2377607016,2,416065632.0,-863561024.0,24463.0,0,0.0,0.0,0.0,0.0,0.0,0.0,2377.607
2377647060,2,416065632.0,-863561024.0,24463.0,0,0.0,0.0,0.0,0.0,0.0,0.0,2377.647
2377687410,2,416065632.0,-863561024.0,24463.0,0,0.0,0.0,0.0,0.0,0.0,0.0,2377.687
2377727287,2,416065632.0,-863561024.0,24463.0,0,0.0,0.0,0.0,0.0,0.0,0.0,2377.727
2377767223,2,416065632.0,-863561024.0,24463.0,0,0.0,0.0,0.0,0.0,0.0,0.0,2377.767
2377809523,2,416065632.0,-863561024.0,24463.0,0,0.0,0.0,0.0,0.0,0.0,0.0,2377.81
2377850373,2,416065632.0,-863561024.0,24463.0,0,0.0,0.0,0.0,0.0,0.0,0.0,2377.85
2377894404,2,416065632.0,-863561024.0,24463.0,0,0.0,0.0,0.0,0.0,0.0,0.0,2377.894
2377929859,2,416065632.0,-863561024.0,24463.0,0,0.0,0.0,0.0,0.0,0.0,0.0,2377.93
2377969499,2,416065632.0,-863561024.0,24463.0,0,0.0,0.0,0.0,0.0,0.0,0.0,2377.969
2378009546,2,416065632.0,-863561024.0,24463.0,0,0.0,0.0,0.0,0.0,0.0,0.0,2378.01
2378050312,2,416065632.0,-863561024.0,24463.0,0,0.0,0.0,0.0,0.0,0.0,0.0,2378.05
2378089671,2,416065632.0,-863561024.0,24463.0,0,0.0,0.0,0.0,0.0,0.0,0.0,2378.09
2378129854,2,416065632.0,-863561024.0,24463.0,0,0.0,0.0,0.0,0.0,0.0,0.0,2378.13
2378169452,2,416065632.0,-863561024.0,24463.0,0,0.0,0.0,0.0,0.0,0.0,0.0,2378.169
2378209509,2,416065632.0,-863561024.0,24463.0,0,0.0,0.0,0.0,0.0,0.0,0.0,2378.21
2378250482,2,416065632.0,-863561024.0,24463.0,0,0.0,0.0,0.0,0.0,0.0,0.0,2378.25
2378289684,2,416065632.0,-863561024.0,24463.0,0,0.0,0.0,0.0,0.0,0.0,0.0,2378.29
2378329883,2,416065632.0,-863561024.0,24463.0,0,0.0,0.0,0.0,0.0,0.0,0.0,2378.33
2378371994,2,416065632.0,-863561024.0,24463.0,0,0.0,0.0,0.0,0.0,0.0,0.0,2378.372
2378412362,2,416065632.0,-863561024.0,24463.0,0,0.0,0.0,0.0,0.0,0.0,0.0,2378.412
2378450388,2,416065632.0,-863561024.0,24463.0,0,0.0,0.0,0.0,0.0,0.0,0.0,2378.45
2378492260,2,416065632.0,-863561024.0,24463.0,0,0.0,0.0,0.0,0.0,0.0,0.0,2378.492
2378531912,2,416065632.0,-863561024.0,24463.0,0,0.0,0.0,0.0,0.0,0.0,0.0,2378.532
2378571950,2,416065632.0,-863561024.0,24463.0,0,0.0,0.0,0.0,0.0,0.0,0.0,2378.572
2378612410,2,416065632.0,-863561024.0,24463.0,0,0.0,0.0,0.0,0.0,0.0,0.0,2378.612
2378652152,2,416065632.0,-863561024.0,24463.0,0,0.0,0.0,0.0,0.0,0.0,0.0,2378.652
2378692132,2,416065632.0,-863561024.0,24463.0,0,0.0,0.0,0.0,0.0,0.0,0.0,2378.692
2378731991,2,416065632.0,-863561024.0,24463.0,0,0.0,0.0,0.0,0.0,0.0,0.0,2378.732
2378771974,2,416065632.0,-863561024.0,24463.0,0,0.0,0.0,0.0,0.0,0.0,0.0,2378.772
2378812489,2,416065632.0,-863561024.0,24463.0,0,0.0,0.0,0.0,0.0,0.0,0.0,2378.812
2378852695,2,416065632.0,-863561024.0,24463.0,0,0.0,0.0,0.0,0.0,0.0,0.0,2378.853
2378896976,2,416065632.0,-863561024.0,24463.0,0,0.0,0.0,0.0,0.0,0.0,0.0,2378.897
2378934578,2,416065632.0,-863561024.0,24463.0,0,0.0,0.0,0.0,0.0,0.0,0.0,2378.935
2378974926,2,416065632.0,-863561024.0,24463.0,0,0.0,0.0,0.0,0.0,0.0,0.0,2378.975
2379016072,2,416065632.0,-863561024.0,24463.0,0,0.0,0.0,0.0,0.0,0.0,0.0,2379.016
2379054723,2,416065632.0,-863561024.0,24463.0,0,0.0,0.0,0.0,0.0,0.0,0.0,2379.055
2379094503,2,416065632.0,-863561024.0,24463.0,0,0.0,0.0,0.0,0.0,0.0,0.0,2379.095
2379134435,2,416065632.0,-863561024.0,24463.0,0,0.0,0.0,0.0,0.0,0.0,0.0,2379.134
2379174872,2,416065632.0,-863561024.0,24463.0,0,0.0,0.0,0.0,0.0,0.0,0.0,2379.175
2379215995,2,416065632.0,-863561024.0,24463.0,0,0.0,0.0,0.0,0.0,0.0,0.0,2379.216
2379254681,2,416065632.0,-863561024.0,24463.0,0,0.0,0.0,0.0,0.0,0.0,0.0,2379.255
2379294484,2,416065632.0,-863561024.0,24463.0,0,0.0,0.0,0.0,0.0,0.0,0.0,2379.294
2379334425,2,416065632.0,-863561024.0,24463.0,0,0.0,0.0,0.0,0.0,0.0,0.0,2379.334
2379374926,2,416065632.0,-863561024.0,24463.0,0,0.0,0.0,0.0,0.0,0.0,0.0,2379.375
2379416102,2,416065632.0,-863561024.0,24463.0,0,0.0,0.0,0.0,0.0,0.0,0.0,2379.416
2379454723,2,416065632.0,-863561024.0,24463.0,0,0.0,0.0,0.0,0.0,0.0,0.0,2379.455
2379496914,2,416065632.0,-863561024.0,24463.0,0,0.0,0.0,0.0,0.0,0.0,0.0,2379.497
2379537254,2,416065632.0,-863561024.0,24463.0,0,0.0,0.0,0.0,0.0,0.0,0.0,2379.537
2379577429,2,416065632.0,-863561024.0,24463.0,0,0.0,0.0,0.0,0.0,0.0,0.0,2379.577
2379615983,2,416065632.0,-863561024.0,24463.0,0,0.0,0.0,0.0,0.0,0.0,0.0,2379.616
2379656917,2,416065632.0,-863561024.0,24463.0,0,0.0,0.0,0.0,0.0,0.0,0.0,2379.657
2379696923,2,416065632.0,-863561024.0,24463.0,0,0.0,0.0,0.0,0.0,0.0,0.0,2379.697
2379737304,2,416065632.0,-863561024.0,24463.0,0,0.0,0.0,0.0,0.0,0.0,0.0,2379.737
2379777311,2,416065632.0,-863561024.0,24463.0,0,0.0,0.0,0.0,0.0,0.0,0.0,2379.777
2379818541,2,416065632.0,-863561024.0,24463.0,0,0.0,0.0,0.0,0.0,0.0,0.0,2379.819
2379856956,2,416065632.0,-863561024.0,24463.0,0,0.0,0.0,0.0,0.0,0.0,0.0,2379.857
2379899769,2,416065632.0,-863561024.0,24463.0,0,0.0,0.0,0.0,0.0,0.0,0.0,2379.9
2379937272,2,416065632.0,-863561024.0,24463.0,0,0.0,0.0,0.0,0.0,0.0,0.0,2379.937
2379977304,2,416065632.0,-863561024.0,24463.0,0,0.0,0.0,0.0,0.0,0.0,0.0,2379.977
2380018550,2,416065632.0,-863561024.0,24463.0,0,0.0,0.0,0.0,0.0,0.0,0.0,2380.019
2380059437,2,416065632.0,-863561024.0,24463.0,0,0.0,0.0,0.0,0.0,0.0,0.0,2380.059
2380139719,2,416065632.0,-863561024.0,24463.0,0,0.0,0.0,0.0,0.0,0.0,0.0,2380.14
2380139795,2,416065632.0,-863561024.0,24463.0,0,0.0,0.0,0.0,0.0,0.0,0.0,2380.14
2380179733,2,416065632.0,-863561024.0,24463.0,0,0.0,0.0,0.0,0.0,0.0,0.0,2380.18
2380218614,2,416065632.0,-863561024.0,24463.0,0,0.0,0.0,0.0,0.0,0.0,0.0,2380.219
2380259548,2,416065632.0,-863561024.0,24463.0,0,0.0,0.0,0.0,0.0,0.0,0.0,2380.26
2380299783,2,416065632.0,-863561024.0,24463.0,0,0.0,0.0,0.0,0.0,0.0,0.0,2380.3
2380339726,2,416065632.0,-863561024.0,24463.0,0,0.0,0.0,0.0,0.0,0.0,0.0,2380.34
2380379801,2,416065632.0,-863561024.0,24463.0,0,0.0,0.0,0.0,0.0,0.0,0.0,2380.38
2380418735,2,416065632.0,-863561024.0,24463.0,0,0.0,0.0,0.0,0.0,0.0,0.0,2380.419
2380459488,2,416065632.0,-863561024.0,24463.0,0,0.0,0.0,0.0,0.0,0.0,0.0,2380.459
2380499808,2,416065632.0,-863561024.0,24463.0,0,0.0,0.0,0.0,0.0,0.0,0.0,2380.5
2380539729,2,416065632.0,-863561024.0,24463.0,0,0.0,0.0,0.0,0.0,0.0,0.0,2380.54
2380579816,2,416065632.0,-863561024.0,24463.0,0,0.0,0.0,0.0,0.0,0.0,0.0,2380.58
2380619567,2,416065632.0,-863561024.0,24463.0,0,0.0,0.0,0.0,0.0,0.0,0.0,2380.62
2380659502,2,416065632.0,-863561024.0,24463.0,0,0.0,0.0,0.0,0.0,0.0,0.0,2380.66
2380699731,2,416065632.0,-863561024.0,24463.0,0,0.0,0.0,0.0,0.0,0.0,0.0,2380.7
2380739675,2,416065632.0,-863561024.0,24463.0,0,0.0,0.0,0.0,0.0,0.0,0.0,2380.74
2380779796,2,416065632.0,-863561024.0,24463.0,0,0.0,0.0,0.0,0.0,0.0,0.0,2380.78
2380821984,2,416065632.0,-863561024.0,24463.0,0,0.0,0.0,0.0,0.0,0.0,0.0,2380.822
2380894430,2,416065632.0,-863561024.0,24463.0,0,0.0,0.0,0.0,0.0,0.0,0.0,2380.894
2380931968,2,416065632.0,-863561024.0,24463.0,0,0.0,0.0,0.0,0.0,0.0,0.0,2380.932
2380971963,2,416065632.0,-863561024.0,24463.0,0,0.0,0.0,0.0,0.0,0.0,0.0,2380.972
2381012320,2,416065632.0,-863561024.0,24463.0,0,0.0,0.0,0.0,0.0,0.0,0.0,2381.012
2381054731,2,416065632.0,-863561024.0,24463.0,0,0.0,0.0,0.0,0.0,0.0,0.0,2381.055
2381094466,2,416065632.0,-863561024.0,24463.0,0,0.0,0.0,0.0,0.0,0.0,0.0,2381.094
2381134427,2,416065632.0,-863561024.0,24463.0,0,0.0,0.0,0.0,0.0,0.0,0.0,2381.134
2381174864,2,416065632.0,-863561024.0,24463.0,0,0.0,0.0,0.0,0.0,0.0,0.0,2381.175
2381215935,2,416065632.0,-863561024.0,24463.0,0,0.0,0.0,0.0,0.0,0.0,0.0,2381.216
2381254748,2,416065632.0,-863561024.0,24463.0,0,0.0,0.0,0.0,0.0,0.0,0.0,2381.255
2381294458,2,416065632.0,-863561024.0,24463.0,0,0.0,0.0,0.0,0.0,0.0,0.0,2381.294
2381334480,2,416065632.0,-863561024.0,24463.0,0,0.0,0.0,0.0,0.0,0.0,0.0,2381.334
2381374842,2,416065632.0,-863561024.0,24463.0,0,0.0,0.0,0.0,0.0,0.0,0.0,2381.375
2381416061,2,416065632.0,-863561024.0,24463.0,0,0.0,0.0,0.0,0.0,0.0,0.0,2381.416
2381455256,2,416065632.0,-863561024.0,24463.0,0,0.0,0.0,0.0,0.0,0.0,0.0,2381.455
2381494619,2,416065632.0,-863561024.0,24463.0,0,0.0,0.0,0.0,0.0,0.0,0.0,2381.495
2381537240,2,416065632.0,-863561024.0,24463.0,0,0.0,0.0,0.0,0.0,0.0,0.0,2381.537
2381577310,2,416065632.0,-863561024.0,24463.0,0,0.0,0.0,0.0,0.0,0.0,0.0,2381.577
2381615953,2,416065632.0,-863561024.0,24463.0,0,0.0,0.0,0.0,0.0,0.0,0.0,2381.616
2381655380,2,416065632.0,-863561024.0,24463.0,0,0.0,0.0,0.0,0.0,0.0,0.0,2381.655
2381696939,2,416065632.0,-863561024.0,24463.0,0,0.0,0.0,0.0,0.0,0.0,0.0,2381.697
2381737306,2,416065632.0,-863561024.0,24463.0,0,0.0,0.0,0.0,0.0,0.0,0.0,2381.737
2381777264,2,416065632.0,-863561024.0,24463.0,0,0.0,0.0,0.0,0.0,0.0,0.0,2381.777
2381815989,2,416065632.0,-863561024.0,24463.0,0,0.0,0.0,0.0,0.0,0.0,0.0,2381.816
2381877877,2,416065632.0,-863561024.0,24463.0,0,0.0,0.0,0.0,0.0,0.0,0.0,2381.878
2381902167,2,416065632.0,-863561024.0,24463.0,0,0.0,0.0,0.0,0.0,0.0,0.0,2381.902
2381999800,4,0.0,0.0,0.0,0,0.0,0.0,0.0,0.0,0.0,0.0,2382.0
2382037826,2,416065632.0,-863561024.0,24468.0,0,0.0,0.0,0.0,0.0,0.0,0.0,2382.038
2382074943,2,416065632.0,-863561024.0,24467.0,0,0.0,0.0,0.0,0.0,0.0,0.0,2382.075
2382115937,2,416065632.0,-863561024.0,24467.0,0,0.0,0.0,0.0,0.0,0.0,0.0,2382.116
2382154746,2,416065632.0,-863561024.0,24468.0,0,0.0,0.0,0.0,0.0,0.0,0.0,2382.155
2382194417,2,416065632.0,-863561024.0,24468.0,0,0.0,0.0,0.0,0.0,0.0,0.0,2382.194
2382237759,2,416065632.0,-863561024.0,24468.0,0,0.0,0.0,0.0,0.0,0.0,0.0,2382.238
2382274856,2,416065632.0,-863561024.0,24468.0,0,0.0,0.0,0.0,0.0,0.0,0.0,2382.275
2382316090,2,416065632.0,-863561024.0,24468.0,0,0.0,0.0,0.0,0.0,0.0,0.0,2382.316
2382356918,2,416065632.0,-863561024.0,24468.0,0,0.0,0.0,0.0,0.0,0.0,0.0,2382.357
2382396968,2,416065632.0,-863561024.0,24468.0,0,0.0,0.0,0.0,0.0,0.0,0.0,2382.397
2382437253,2,416065632.0,-863561024.0,24468.0,0,0.0,0.0,0.0,0.0,0.0,0.0,2382.437
2382477851,2,416065632.0,-863561024.0,24469.0,0,0.0,0.0,0.0,0.0,0.0,0.0,2382.478
2382518605,2,416065632.0,-863561024.0,24469.0,0,0.0,0.0,0.0,0.0,0.0,0.0,2382.519
2382556927,2,416065632.0,-863561024.0,24469.0,0,0.0,0.0,0.0,0.0,0.0,0.0,2382.557
2382596991,2,416065632.0,-863561024.0,24470.0,0,0.0,0.0,0.0,0.0,0.0,0.0,2382.597
2382637310,2,416065632.0,-863561024.0,24470.0,0,0.0,0.0,0.0,0.0,0.0,0.0,2382.637
2382677854,2,416065632.0,-863561024.0,24471.0,0,0.0,0.0,0.0,0.0,0.0,0.0,2382.678
2382718572,2,416065632.0,-863561024.0,24472.0,0,0.0,0.0,0.0,0.0,0.0,0.0,2382.719
2382759517,2,416065632.0,-863561024.0,24473.0,0,0.0,0.0,0.0,0.0,0.0,0.0,2382.76
2382799748,2,416065632.0,-863561024.0,24474.0,0,0.0,0.0,0.0,0.0,0.0,0.0,2382.8
2382839817,2,416065632.0,-863561024.0,24475.0,0,0.0,0.0,0.0,0.0,0.0,0.0,2382.84
2382879732,2,416065632.0,-863561024.0,24476.0,0,0.0,0.0,0.0,0.0,0.0,0.0,2382.88
2382919431,2,416065632.0,-863561024.0,24478.0,0,0.0,0.0,0.0,0.0,0.0,0.0,2382.919
2382959496,2,416065632.0,-863561024.0,24479.0,0,0.0,0.0,0.0,0.0,0.0,0.0,2382.959
2383002103,2,416065632.0,-863561024.0,24481.0,0,0.0,0.0,0.0,0.0,0.0,0.0,2383.002
2383042415,2,416065632.0,-863561024.0,24482.0,0,0.0,0.0,0.0,0.0,0.0,0.0,2383.042
2383079798,2,416065632.0,-863561024.0,24484.0,0,0.0,0.0,0.0,0.0,0.0,0.0,2383.08
2383119414,2,416065632.0,-863561024.0,24487.0,0,0.0,0.0,0.0,0.0,0.0,0.0,2383.119
2383159449,2,416065632.0,-863561024.0,24489.0,0,0.0,0.0,0.0,0.0,0.0,0.0,2383.159
2383199927,2,416065600.0,-863561088.0,24491.0,0,0.0,0.0,0.0,0.0,0.0,0.0,2383.2
2383240228,2,416065600.0,-863561088.0,24494.0,0,0.0,0.0,0.0,0.0,0.0,0.0,2383.24
2383281930,2,416065600.0,-863561088.0,24497.0,0,0.0,0.0,0.0,0.0,0.0,0.0,2383.282
2383322025,2,416065600.0,-863561088.0,24499.0,0,0.0,0.0,0.0,0.0,0.0,0.0,2383.322
2383362259,2,416065600.0,-863561088.0,24503.0,0,0.0,0.0,0.0,0.0,0.0,0.0,2383.362
2383402233,2,416065600.0,-863561088.0,24506.0,0,0.0,0.0,0.0,0.0,0.0,0.0,2383.402
2383442290,2,416065600.0,-863561088.0,24509.0,0,0.0,0.0,0.0,0.0,0.0,0.0,2383.442
2383484482,2,416065600.0,-863561088.0,24513.0,0,0.0,0.0,0.0,0.0,0.0,0.0,2383.484
2383526057,2,416065600.0,-863561088.0,24516.0,0,0.0,0.0,0.0,0.0,0.0,0.0,2383.526
2383562315,2,416065600.0,-863561088.0,24520.0,0,0.0,0.0,0.0,0.0,0.0,0.0,2383.562
2383604725,2,416065600.0,-863561088.0,24524.0,0,0.0,0.0,0.0,0.0,0.0,0.0,2383.605
2383642214,2,416065600.0,-863561088.0,24529.0,0,0.0,0.0,0.0,0.0,0.0,0.0,2383.642
2383681952,2,416065600.0,-863561088.0,24533.0,0,0.0,0.0,0.0,0.0,0.0,0.0,2383.682
2383721974,2,416065600.0,-863561088.0,24537.0,0,0.0,0.0,0.0,0.0,0.0,0.0,2383.722
2383762332,2,416065600.0,-863561088.0,24542.0,0,0.0,0.0,0.0,0.0,0.0,0.0,2383.762
2383802258,2,416065600.0,-863561152.0,24547.0,0,0.0,0.0,0.0,0.0,0.0,0.0,2383.802
2383844426,2,416065568.0,-863561152.0,24552.0,0,0.0,0.0,0.0,0.0,0.0,0.0,2383.844
2383884426,2,416065568.0,-863561152.0,24557.0,0,0.0,0.0,0.0,0.0,0.0,0.0,2383.884
2383926138,2,416065568.0,-863561152.0,24562.0,0,0.0,0.0,0.0,0.0,0.0,0.0,2383.926
2383964757,2,416065568.0,-863561152.0,24568.0,0,0.0,0.0,0.0,0.0,0.0,0.0,2383.965
2384006941,2,416065568.0,-863561152.0,24574.0,0,0.0,0.0,0.0,0.0,0.0,0.0,2384.007
2384046982,2,416065568.0,-863561152.0,24579.0,0,0.0,0.0,0.0,0.0,0.0,0.0,2384.047
2384084423,2,416065568.0,-863561152.0,24585.0,0,0.0,0.0,0.0,0.0,0.0,0.0,2384.084
2384126073,2,416065568.0,-863561152.0,24591.0,0,0.0,0.0,0.0,0.0,0.0,0.0,2384.126
2384164707,2,416065568.0,-863561152.0,24597.0,0,0.0,0.0,0.0,0.0,0.0,0.0,2384.165
2384204731,2,416065568.0,-863561216.0,24604.0,0,0.0,0.0,0.0,0.0,0.0,0.0,2384.205
2384244444,2,416065568.0,-863561216.0,24610.0,0,0.0,0.0,0.0,0.0,0.0,0.0,2384.244
2384284423,2,416065568.0,-863561216.0,24616.0,0,0.0,0.0,0.0,0.0,0.0,0.0,2384.284
2384326112,2,416065568.0,-863561216.0,24623.0,0,0.0,0.0,0.0,0.0,0.0,0.0,2384.326
2384367303,2,416065568.0,-863561216.0,24630.0,0,0.0,0.0,0.0,0.0,0.0,0.0,2384.367
2384407032,2,416065568.0,-863561216.0,24636.0,0,0.0,0.0,0.0,0.0,0.0,0.0,2384.407
2384446951,2,416065536.0,-863561216.0,24643.0,0,0.0,0.0,0.0,0.0,0.0,0.0,2384.447
2384487284,2,416065536.0,-863561216.0,24650.0,0,0.0,0.0,0.0,0.0,0.0,0.0,2384.487
2384527364,2,416065536.0,-863561216.0,24657.0,0,0.0,0.0,0.0,0.0,0.0,0.0,2384.527
2384567278,2,416065536.0,-863561216.0,24664.0,0,0.0,0.0,0.0,0.0,0.0,0.0,2384.567
2384606963,2,416065536.0,-863561280.0,24671.0,0,0.0,0.0,0.0,0.0,0.0,0.0,2384.607
2384646965,2,416065536.0,-863561280.0,24678.0,0,0.0,0.0,0.0,0.0,0.0,0.0,2384.647
2384687308,2,416065536.0,-863561280.0,24685.0,0,0.0,0.0,0.0,0.0,0.0,0.0,2384.687
2384726021,2,416065536.0,-863561280.0,24692.0,0,0.0,0.0,0.0,0.0,0.0,0.0,2384.726
2384767254,2,416065536.0,-863561280.0,24699.0,0,0.0,0.0,0.0,0.0,0.0,0.0,2384.767
2384806976,2,416065536.0,-863561280.0,24706.0,0,0.0,0.0,0.0,0.0,0.0,0.0,2384.807
2384846966,2,416065536.0,-863561280.0,24713.0,0,0.0,0.0,0.0,0.0,0.0,0.0,2384.847
2384889752,2,416065536.0,-863561280.0,24721.0,0,0.0,0.0,0.0,0.0,0.0,0.0,2384.89
2384927314,2,416065536.0,-863561280.0,24728.0,0,0.0,0.0,0.0,0.0,0.0,0.0,2384.927
2384969501,2,416065536.0,-863561280.0,24735.0,0,0.0,0.0,0.0,0.0,0.0,0.0,2384.97
2385012367,2,416065536.0,-863561344.0,24743.0,0,0.0,0.0,0.0,0.0,0.0,0.0,2385.012
2385054750,2,416065504.0,-863561344.0,24749.0,0,0.0,0.0,0.0,0.0,0.0,0.0,2385.055
2385089783,2,416065504.0,-863561344.0,24756.0,0,0.0,0.0,0.0,0.0,0.0,0.0,2385.09
2385129840,2,416065504.0,-863561344.0,24763.0,0,0.0,0.0,0.0,0.0,0.0,0.0,2385.13
2385171899,2,416065504.0,-863561344.0,24770.0,0,0.0,0.0,0.0,0.0,0.0,0.0,2385.172
2385209499,2,416065504.0,-863561344.0,24777.0,0,0.0,0.0,0.0,0.0,0.0,0.0,2385.209
2385250357,2,416065504.0,-863561344.0,24784.0,0,0.0,0.0,0.0,0.0,0.0,0.0,2385.25
2385289702,2,416065504.0,-863561344.0,24791.0,0,0.0,0.0,0.0,0.0,0.0,0.0,2385.29
2385329880,2,416065504.0,-863561344.0,24798.0,0,0.0,0.0,0.0,0.0,0.0,0.0,2385.33
2385369568,2,416065504.0,-863561344.0,24804.0,0,0.0,0.0,0.0,0.0,0.0,0.0,2385.37
2385409513,2,416065504.0,-863561408.0,24811.0,0,0.0,0.0,0.0,0.0,0.0,0.0,2385.41
2385450454,2,416065504.0,-863561408.0,24817.0,0,0.0,0.0,0.0,0.0,0.0,0.0,2385.45
2385489672,2,416065504.0,-863561408.0,24824.0,0,0.0,0.0,0.0,0.0,0.0,0.0,2385.49
2385529899,2,416065504.0,-863561408.0,24830.0,0,0.0,0.0,0.0,0.0,0.0,0.0,2385.53
2385569501,2,416065504.0,-863561408.0,24836.0,0,0.0,0.0,0.0,0.0,0.0,0.0,2385.57
2385609561,2,416065504.0,-863561408.0,24842.0,0,0.0,0.0,0.0,0.0,0.0,0.0,2385.61
2385650788,2,416065472.0,-863561408.0,24848.0,0,0.0,0.0,0.0,0.0,0.0,0.0,2385.651
2385689617,2,416065472.0,-863561408.0,24854.0,0,0.0,0.0,0.0,0.0,0.0,0.0,2385.69
2385729857,2,416065472.0,-863561408.0,24860.0,0,0.0,0.0,0.0,0.0,0.0,0.0,2385.73
2385769541,2,416065472.0,-863561472.0,24865.0,0,0.0,0.0,0.0,0.0,0.0,0.0,2385.77
2385812353,2,416065472.0,-863561472.0,24871.0,0,0.0,0.0,0.0,0.0,0.0,0.0,2385.812
2385852169,2,416065472.0,-863561472.0,24876.0,0,0.0,0.0,0.0,0.0,0.0,0.0,2385.852
2385892255,2,416065472.0,-863561472.0,24881.0,0,0.0,0.0,0.0,0.0,0.0,0.0,2385.892
2385932048,2,416065472.0,-863561472.0,24886.0,0,0.0,0.0,0.0,0.0,0.0,0.0,2385.932
2385971987,2,416065472.0,-863561472.0,24891.0,0,0.0,0.0,0.0,0.0,0.0,0.0,2385.972
2386016001,2,416065472.0,-863561472.0,24896.0,0,0.0,0.0,0.0,0.0,0.0,0.0,2386.016
2386054753,2,416065472.0,-863561472.0,24900.0,0,0.0,0.0,0.0,0.0,0.0,0.0,2386.055
2386092267,2,416065472.0,-863561472.0,24904.0,0,0.0,0.0,0.0,0.0,0.0,0.0,2386.092
2386131965,2,416065472.0,-863561472.0,24908.0,0,0.0,0.0,0.0,0.0,0.0,0.0,2386.132
2386172027,2,416065472.0,-863561472.0,24912.0,0,0.0,0.0,0.0,0.0,0.0,0.0,2386.172
2386212424,2,416065472.0,-863561472.0,24916.0,0,0.0,0.0,0.0,0.0,0.0,0.0,2386.212
2386252085,2,416065440.0,-863561472.0,24920.0,0,0.0,0.0,0.0,0.0,0.0,0.0,2386.252
2386292223,2,416065440.0,-863561536.0,24923.0,0,0.0,0.0,0.0,0.0,0.0,0.0,2386.292
2386331916,2,416065440.0,-863561536.0,24927.0,0,0.0,0.0,0.0,0.0,0.0,0.0,2386.332
2386372045,2,416065440.0,-863561536.0,24930.0,0,0.0,0.0,0.0,0.0,0.0,0.0,2386.372
2386412342,2,416065440.0,-863561536.0,24933.0,0,0.0,0.0,0.0,0.0,0.0,0.0,2386.412
2386452621,2,416065440.0,-863561536.0,24936.0,0,0.0,0.0,0.0,0.0,0.0,0.0,2386.453
2386494460,2,416065440.0,-863561536.0,24938.0,0,0.0,0.0,0.0,0.0,0.0,0.0,2386.494
2386534466,2,416065440.0,-863561536.0,24941.0,0,0.0,0.0,0.0,0.0,0.0,0.0,2386.534
2386574859,2,416065440.0,-863561536.0,24943.0,0,0.0,0.0,0.0,0.0,0.0,0.0,2386.575
2386615953,2,416065440.0,-863561536.0,24945.0,0,0.0,0.0,0.0,0.0,0.0,0.0,2386.616
2386655200,2,416065440.0,-863561536.0,24947.0,0,0.0,0.0,0.0,0.0,0.0,0.0,2386.655
2386694442,2,416065440.0,-863561536.0,24949.0,0,0.0,0.0,0.0,0.0,0.0,0.0,2386.694
2386734495,2,416065440.0,-863561536.0,24951.0,0,0.0,0.0,0.0,0.0,0.0,0.0,2386.734
2386774879,2,416065440.0,-863561536.0,24953.0,0,0.0,0.0,0.0,0.0,0.0,0.0,2386.775
2386815987,2,416065440.0,-863561536.0,24954.0,0,0.0,0.0,0.0,0.0,0.0,0.0,2386.816
2386856974,2,416065440.0,-863561536.0,24955.0,0,0.0,0.0,0.0,0.0,0.0,0.0,2386.857
2386897015,2,416065440.0,-863561536.0,24957.0,0,0.0,0.0,0.0,0.0,0.0,0.0,2386.897
2386937246,2,416065440.0,-863561536.0,24958.0,0,0.0,0.0,0.0,0.0,0.0,0.0,2386.937
2386974840,2,416065440.0,-863561536.0,24959.0,0,0.0,0.0,0.0,0.0,0.0,0.0,2386.975
2387018594,2,416065440.0,-863561536.0,24959.0,0,0.0,0.0,0.0,0.0,0.0,0.0,2387.019
2387059537,2,416065440.0,-863561536.0,24960.0,0,0.0,0.0,0.0,0.0,0.0,0.0,2387.06
2387096963,2,416065408.0,-863561536.0,24961.0,0,0.0,0.0,0.0,0.0,0.0,0.0,2387.097
2387137321,2,416065408.0,-863561536.0,24961.0,0,0.0,0.0,0.0,0.0,0.0,0.0,2387.137
2387177311,2,416065408.0,-863561536.0,24962.0,0,0.0,0.0,0.0,0.0,0.0,0.0,2387.177
2387216005,2,416065408.0,-863561536.0,24962.0,0,0.0,0.0,0.0,0.0,0.0,0.0,2387.216
2387256929,2,416065408.0,-863561536.0,24963.0,0,0.0,0.0,0.0,0.0,0.0,0.0,2387.257
2387296980,2,416065408.0,-863561536.0,24963.0,0,0.0,0.0,0.0,0.0,0.0,0.0,2387.297
2387337264,2,416065408.0,-863561536.0,24963.0,0,0.0,0.0,0.0,0.0,0.0,0.0,2387.337
2387377381,2,416065408.0,-863561536.0,24963.0,0,0.0,0.0,0.0,0.0,0.0,0.0,2387.377
2387416098,2,416065408.0,-863561536.0,24963.0,0,0.0,0.0,0.0,0.0,0.0,0.0,2387.416
2387456915,2,416065408.0,-863561536.0,24963.0,0,0.0,0.0,0.0,0.0,0.0,0.0,2387.457
2387496967,2,416065408.0,-863561536.0,24963.0,0,0.0,0.0,0.0,0.0,0.0,0.0,2387.497
2387537260,2,416065408.0,-863561536.0,24963.0,0,0.0,0.0,0.0,0.0,0.0,0.0,2387.537
2387577309,2,416065408.0,-863561536.0,24963.0,0,0.0,0.0,0.0,0.0,0.0,0.0,2387.577
2387618467,2,416065408.0,-863561536.0,24963.0,0,0.0,0.0,0.0,0.0,0.0,0.0,2387.618
2387656966,2,416065408.0,-863561536.0,24963.0,0,0.0,0.0,0.0,0.0,0.0,0.0,2387.657
2387699847,2,416065408.0,-863561536.0,24963.0,0,0.0,0.0,0.0,0.0,0.0,0.0,2387.7
2387739659,2,416065408.0,-863561536.0,24963.0,0,0.0,0.0,0.0,0.0,0.0,0.0,2387.74
2387779787,2,416065408.0,-863561536.0,24963.0,0,0.0,0.0,0.0,0.0,0.0,0.0,2387.78
2387818563,2,416065408.0,-863561536.0,24963.0,0,0.0,0.0,0.0,0.0,0.0,0.0,2387.819
2387859465,2,416065408.0,-863561536.0,24963.0,0,0.0,0.0,0.0,0.0,0.0,0.0,2387.859
2387899804,2,416065408.0,-863561536.0,24963.0,0,0.0,0.0,0.0,0.0,0.0,0.0,2387.9
2387939707,2,416065408.0,-863561536.0,24963.0,0,0.0,0.0,0.0,0.0,0.0,0.0,2387.94
2387981886,2,416065408.0,-863561536.0,24963.0,0,0.0,0.0,0.0,0.0,0.0,0.0,2387.982
2388026164,2,416065408.0,-863561536.0,24963.0,0,0.0,0.0,0.0,0.0,0.0,0.0,2388.026
2388062322,2,416065408.0,-863561536.0,24963.0,0,0.0,0.0,0.0,0.0,0.0,0.0,2388.062
2388099787,2,416065408.0,-863561536.0,24963.0,0,0.0,0.0,0.0,0.0,0.0,0.0,2388.1
2388139741,2,416065408.0,-863561536.0,24963.0,0,0.0,0.0,0.0,0.0,0.0,0.0,2388.14
2388179807,2,416065408.0,-863561536.0,24963.0,0,0.0,0.0,0.0,0.0,0.0,0.0,2388.18
2388221979,2,416065408.0,-863561536.0,24963.0,0,0.0,0.0,0.0,0.0,0.0,0.0,2388.222
2388262325,2,416065408.0,-863561536.0,24963.0,0,0.0,0.0,0.0,0.0,0.0,0.0,2388.262
2388302230,2,416065408.0,-863561536.0,24963.0,0,0.0,0.0,0.0,0.0,0.0,0.0,2388.302
2388342247,2,416065408.0,-863561536.0,24963.0,0,0.0,0.0,0.0,0.0,0.0,0.0,2388.342
2388381947,2,416065408.0,-863561536.0,24963.0,0,0.0,0.0,0.0,0.0,0.0,0.0,2388.382
2388421996,2,416065408.0,-863561536.0,24963.0,0,0.0,0.0,0.0,0.0,0.0,0.0,2388.422
2388462270,2,416065408.0,-863561536.0,24963.0,0,0.0,0.0,0.0,0.0,0.0,0.0,2388.462
2388502339,2,416065408.0,-863561536.0,24963.0,0,0.0,0.0,0.0,0.0,0.0,0.0,2388.502
2388542256,2,416065408.0,-863561536.0,24963.0,0,0.0,0.0,0.0,0.0,0.0,0.0,2388.542
2388581990,2,416065408.0,-863561536.0,24963.0,0,0.0,0.0,0.0,0.0,0.0,0.0,2388.582
2388622004,2,416065408.0,-863561536.0,24963.0,0,0.0,0.0,0.0,0.0,0.0,0.0,2388.622
2388662242,2,416065408.0,-863561536.0,24963.0,0,0.0,0.0,0.0,0.0,0.0,0.0,2388.662
2388702211,2,416065408.0,-863561536.0,24963.0,0,0.0,0.0,0.0,0.0,0.0,0.0,2388.702
2388742273,2,416065408.0,-863561536.0,24963.0,0,0.0,0.0,0.0,0.0,0.0,0.0,2388.742
2388782085,2,416065408.0,-863561536.0,24963.0,0,0.0,0.0,0.0,0.0,0.0,0.0,2388.782
2388826100,2,416065408.0,-863561536.0,24963.0,0,0.0,0.0,0.0,0.0,0.0,0.0,2388.826
2388864794,2,416065408.0,-863561536.0,24963.0,0,0.0,0.0,0.0,0.0,0.0,0.0,2388.865
2388904968,2,416065408.0,-863561536.0,24963.0,0,0.0,0.0,0.0,0.0,0.0,0.0,2388.905
2388984356,2,416065408.0,-863561536.0,24963.0,0,0.0,0.0,0.0,0.0,0.0,0.0,2388.984
2388984465,2,416065408.0,-863561536.0,24963.0,0,0.0,0.0,0.0,0.0,0.0,0.0,2388.984
2389026085,2,416065408.0,-863561536.0,24963.0,0,0.0,0.0,0.0,0.0,0.0,0.0,2389.026
2389067306,2,416065408.0,-863561536.0,24963.0,0,0.0,0.0,0.0,0.0,0.0,0.0,2389.067
2389106995,2,416065408.0,-863561536.0,24963.0,0,0.0,0.0,0.0,0.0,0.0,0.0,2389.107
2389144565,2,416065408.0,-863561536.0,24963.0,0,0.0,0.0,0.0,0.0,0.0,0.0,2389.145
2389187472,2,416065408.0,-863561536.0,24963.0,0,0.0,0.0,0.0,0.0,0.0,0.0,2389.187
2389227320,2,416065408.0,-863561536.0,24963.0,0,0.0,0.0,0.0,0.0,0.0,0.0,2389.227
2389264844,2,416065408.0,-863561536.0,24963.0,0,0.0,0.0,0.0,0.0,0.0,0.0,2389.265
2389305023,2,416065408.0,-863561536.0,24963.0,0,0.0,0.0,0.0,0.0,0.0,0.0,2389.305
2389344592,2,416065408.0,-863561536.0,24963.0,0,0.0,0.0,0.0,0.0,0.0,0.0,2389.345
2389384486,2,416065408.0,-863561536.0,24963.0,0,0.0,0.0,0.0,0.0,0.0,0.0,2389.384
2389426158,2,416065408.0,-863561536.0,24963.0,0,0.0,0.0,0.0,0.0,0.0,0.0,2389.426
2389464818,2,416065408.0,-863561536.0,24963.0,0,0.0,0.0,0.0,0.0,0.0,0.0,2389.465
2389504871,2,416065408.0,-863561536.0,24963.0,0,0.0,0.0,0.0,0.0,0.0,0.0,2389.505
2389547007,2,416065408.0,-863561536.0,24963.0,0,0.0,0.0,0.0,0.0,0.0,0.0,2389.547
2389587382,2,416065408.0,-863561536.0,24963.0,0,0.0,0.0,0.0,0.0,0.0,0.0,2389.587
2389626153,2,416065408.0,-863561536.0,24963.0,0,0.0,0.0,0.0,0.0,0.0,0.0,2389.626
2389667277,2,416065408.0,-863561536.0,24963.0,0,0.0,0.0,0.0,0.0,0.0,0.0,2389.667
2389719489,4,0.0,0.0,0.0,0,0.0,0.0,0.0,0.0,0.0,0.0,2389.719
2389756980,4,0.0,0.0,0.0,0,0.0,0.0,0.0,0.0,0.0,0.0,2389.757
2389796953,4,0.0,0.0,0.0,0,0.0,0.0,0.0,0.0,0.0,0.0,2389.797
2389837814,4,0.0,0.0,0.0,0,0.0,0.0,0.0,0.0,0.0,0.0,2389.838
2389884565,2,416065408.0,-863561536.0,24964.0,0,0.0,0.0,0.0,0.0,0.0,0.0,2389.885
2389918557,2,416065408.0,-863561536.0,24964.0,0,0.0,0.0,0.0,0.0,0.0,0.0,2389.919
2389957013,2,416065408.0,-863561536.0,24964.0,0,0.0,0.0,0.0,0.0,0.0,0.0,2389.957
2389996996,2,416065408.0,-863561536.0,24964.0,0,0.0,0.0,0.0,0.0,0.0,0.0,2389.997
2390037745,2,416065408.0,-863561536.0,24964.0,0,0.0,0.0,0.0,0.0,0.0,0.0,2390.038
2390078015,2,416065408.0,-863561536.0,24964.0,0,0.0,0.0,0.0,0.0,0.0,0.0,2390.078
2390118493,2,416065408.0,-863561536.0,24964.0,0,0.0,0.0,0.0,0.0,0.0,0.0,2390.118
2390159495,2,416065408.0,-863561536.0,24964.0,0,0.0,0.0,0.0,0.0,0.0,0.0,2390.159
2390199778,2,416065408.0,-863561536.0,24964.0,0,0.0,0.0,0.0,0.0,0.0,0.0,2390.2
2390237758,2,416065408.0,-863561536.0,24964.0,0,0.0,0.0,0.0,0.0,0.0,0.0,2390.238
2390279790,2,416065408.0,-863561536.0,24964.0,0,0.0,0.0,0.0,0.0,0.0,0.0,2390.28
2390318505,2,416065408.0,-863561536.0,24964.0,0,0.0,0.0,0.0,0.0,0.0,0.0,2390.319
2390359498,2,416065408.0,-863561536.0,24964.0,0,0.0,0.0,0.0,0.0,0.0,0.0,2390.359
2390399964,2,416065408.0,-863561536.0,24964.0,0,0.0,0.0,0.0,0.0,0.0,0.0,2390.4
2390442264,2,416065408.0,-863561536.0,24964.0,0,0.0,0.0,0.0,0.0,0.0,0.0,2390.442
2390479816,2,416065408.0,-863561536.0,24964.0,0,0.0,0.0,0.0,0.0,0.0,0.0,2390.48
2390521995,2,416065408.0,-863561536.0,24964.0,0,0.0,0.0,0.0,0.0,0.0,0.0,2390.522
2390562192,2,416065408.0,-863561536.0,24964.0,0,0.0,0.0,0.0,0.0,0.0,0.0,2390.562
2390602289,2,416065408.0,-863561536.0,24964.0,0,0.0,0.0,0.0,0.0,0.0,0.0,2390.602
2390642232,2,416065408.0,-863561536.0,24964.0,0,0.0,0.0,0.0,0.0,0.0,0.0,2390.642
2390681997,2,416065408.0,-863561536.0,24964.0,0,0.0,0.0,0.0,0.0,0.0,0.0,2390.682
2390726079,2,416065408.0,-863561536.0,24964.0,0,0.0,0.0,0.0,0.0,0.0,0.0,2390.726
2390762221,2,416065408.0,-863561536.0,24964.0,0,0.0,0.0,0.0,0.0,0.0,0.0,2390.762
2390802123,2,416065408.0,-863561536.0,24964.0,0,0.0,0.0,0.0,0.0,0.0,0.0,2390.802
2390842239,2,416065408.0,-863561536.0,24964.0,0,0.0,0.0,0.0,0.0,0.0,0.0,2390.842
2390887277,2,416065408.0,-863561536.0,24964.0,0,0.0,0.0,0.0,0.0,0.0,0.0,2390.887
2390931948,2,416065408.0,-863561536.0,24964.0,0,0.0,0.0,0.0,0.0,0.0,0.0,2390.932
2390962297,2,416065408.0,-863561536.0,24964.0,0,0.0,0.0,0.0,0.0,0.0,0.0,2390.962
2391002172,2,416065408.0,-863561536.0,24964.0,0,0.0,0.0,0.0,0.0,0.0,0.0,2391.002
2391042206,2,416065408.0,-863561536.0,24964.0,0,0.0,0.0,0.0,0.0,0.0,0.0,2391.042
2391084380,2,416065408.0,-863561536.0,24964.0,0,0.0,0.0,0.0,0.0,0.0,0.0,2391.084
2391122052,2,416065408.0,-863561536.0,24964.0,0,0.0,0.0,0.0,0.0,0.0,0.0,2391.122
2391164705,2,416065408.0,-863561536.0,24964.0,0,0.0,0.0,0.0,0.0,0.0,0.0,2391.165
2391204735,2,416065408.0,-863561536.0,24964.0,0,0.0,0.0,0.0,0.0,0.0,0.0,2391.205
2391244425,2,416065408.0,-863561536.0,24964.0,0,0.0,0.0,0.0,0.0,0.0,0.0,2391.244
2391284556,2,416065408.0,-863561536.0,24964.0,0,0.0,0.0,0.0,0.0,0.0,0.0,2391.285
2391326177,2,416065408.0,-863561536.0,24964.0,0,0.0,0.0,0.0,0.0,0.0,0.0,2391.326
2391364661,2,416065408.0,-863561536.0,24964.0,0,0.0,0.0,0.0,0.0,0.0,0.0,2391.365
2391404667,2,416065408.0,-863561536.0,24964.0,0,0.0,0.0,0.0,0.0,0.0,0.0,2391.405
2391444420,2,416065408.0,-863561536.0,24964.0,0,0.0,0.0,0.0,0.0,0.0,0.0,2391.444
2391484466,2,416065408.0,-863561536.0,24964.0,0,0.0,0.0,0.0,0.0,0.0,0.0,2391.484
2391526216,2,416065408.0,-863561536.0,24964.0,0,0.0,0.0,0.0,0.0,0.0,0.0,2391.526
2391564653,2,416065408.0,-863561536.0,24964.0,0,0.0,0.0,0.0,0.0,0.0,0.0,2391.565
2391604682,2,416065408.0,-863561536.0,24964.0,0,0.0,0.0,0.0,0.0,0.0,0.0,2391.605
2391644433,2,416065408.0,-863561536.0,24964.0,0,0.0,0.0,0.0,0.0,0.0,0.0,2391.644
2391684455,2,416065408.0,-863561536.0,24964.0,0,0.0,0.0,0.0,0.0,0.0,0.0,2391.684
2391729872,2,416065408.0,-863561536.0,24964.0,0,0.0,0.0,0.0,0.0,0.0,0.0,2391.73
2391764714,2,416065408.0,-863561536.0,24964.0,0,0.0,0.0,0.0,0.0,0.0,0.0,2391.765
2391804755,2,416065408.0,-863561536.0,24964.0,0,0.0,0.0,0.0,0.0,0.0,0.0,2391.805
2391846975,2,416065408.0,-863561536.0,24964.0,0,0.0,0.0,0.0,0.0,0.0,0.0,2391.847
2391889601,2,416065408.0,-863561536.0,24964.0,0,0.0,0.0,0.0,0.0,0.0,0.0,2391.89
2391926110,2,416065408.0,-863561536.0,24964.0,0,0.0,0.0,0.0,0.0,0.0,0.0,2391.926
2391969481,2,416065408.0,-863561536.0,24964.0,0,0.0,0.0,0.0,0.0,0.0,0.0,2391.969
2392006946,2,416065408.0,-863561536.0,24964.0,0,0.0,0.0,0.0,0.0,0.0,0.0,2392.007
2392046941,2,416065408.0,-863561536.0,24964.0,0,0.0,0.0,0.0,0.0,0.0,0.0,2392.047
2392087328,2,416065408.0,-863561536.0,24964.0,0,0.0,0.0,0.0,0.0,0.0,0.0,2392.087
2392127301,2,416065408.0,-863561536.0,24964.0,0,0.0,0.0,0.0,0.0,0.0,0.0,2392.127
2392167287,2,416065408.0,-863561536.0,24964.0,0,0.0,0.0,0.0,0.0,0.0,0.0,2392.167
2392212307,2,416065408.0,-863561536.0,24966.0,0,0.0,0.0,0.0,0.0,0.0,0.0,2392.212
2392250407,2,416065408.0,-863561536.0,24966.0,0,0.0,0.0,0.0,0.0,0.0,0.0,2392.25
2392289745,2,416065408.0,-863561536.0,24966.0,0,0.0,0.0,0.0,0.0,0.0,0.0,2392.29
2392329860,2,416065408.0,-863561536.0,24966.0,0,0.0,0.0,0.0,0.0,0.0,0.0,2392.33
2392369454,2,416065408.0,-863561536.0,24966.0,0,0.0,0.0,0.0,0.0,0.0,0.0,2392.369
2392409442,2,416065408.0,-863561536.0,24966.0,0,0.0,0.0,0.0,0.0,0.0,0.0,2392.409
2392450403,2,416065408.0,-863561536.0,24966.0,0,0.0,0.0,0.0,0.0,0.0,0.0,2392.45
2392489713,2,416065408.0,-863561536.0,24966.0,0,0.0,0.0,0.0,0.0,0.0,0.0,2392.49
2392529846,2,416065408.0,-863561536.0,24966.0,0,0.0,0.0,0.0,0.0,0.0,0.0,2392.53
2392571953,2,416065408.0,-863561536.0,24966.0,0,0.0,0.0,0.0,0.0,0.0,0.0,2392.572
2392609459,2,416065408.0,-863561536.0,24966.0,0,0.0,0.0,0.0,0.0,0.0,0.0,2392.609
2392650515,2,416065408.0,-863561536.0,24966.0,0,0.0,0.0,0.0,0.0,0.0,0.0,2392.651
2392692247,2,416065408.0,-863561536.0,24966.0,0,0.0,0.0,0.0,0.0,0.0,0.0,2392.692
2392734563,2,416065408.0,-863561536.0,24966.0,0,0.0,0.0,0.0,0.0,0.0,0.0,2392.735
2392772014,2,416065408.0,-863561536.0,24966.0,0,0.0,0.0,0.0,0.0,0.0,0.0,2392.772
2392812359,2,416065408.0,-863561536.0,24966.0,0,0.0,0.0,0.0,0.0,0.0,0.0,2392.812
2392852230,2,416065408.0,-863561536.0,24966.0,0,0.0,0.0,0.0,0.0,0.0,0.0,2392.852
2392894437,2,416065408.0,-863561536.0,24966.0,0,0.0,0.0,0.0,0.0,0.0,0.0,2392.894
2392934459,2,416065408.0,-863561536.0,24966.0,0,0.0,0.0,0.0,0.0,0.0,0.0,2392.934
2392974907,2,416065408.0,-863561536.0,24966.0,0,0.0,0.0,0.0,0.0,0.0,0.0,2392.975
2393012393,2,416065408.0,-863561536.0,24966.0,0,0.0,0.0,0.0,0.0,0.0,0.0,2393.012
2393052214,2,416065408.0,-863561536.0,24966.0,0,0.0,0.0,0.0,0.0,0.0,0.0,2393.052
2393094402,2,416065408.0,-863561536.0,24966.0,0,0.0,0.0,0.0,0.0,0.0,0.0,2393.094
2393134419,2,416065408.0,-863561536.0,24966.0,0,0.0,0.0,0.0,0.0,0.0,0.0,2393.134
2393174973,2,416065408.0,-863561536.0,24966.0,0,0.0,0.0,0.0,0.0,0.0,0.0,2393.175
2393216020,2,416065408.0,-863561536.0,24966.0,0,0.0,0.0,0.0,0.0,0.0,0.0,2393.216
2393254688,2,416065408.0,-863561536.0,24966.0,0,0.0,0.0,0.0,0.0,0.0,0.0,2393.255
2393296963,2,416065408.0,-863561536.0,24966.0,0,0.0,0.0,0.0,0.0,0.0,0.0,2393.297
2393337241,2,416065408.0,-863561536.0,24966.0,0,0.0,0.0,0.0,0.0,0.0,0.0,2393.337
2393377293,2,416065408.0,-863561536.0,24966.0,0,0.0,0.0,0.0,0.0,0.0,0.0,2393.377
2393416099,2,416065408.0,-863561536.0,24966.0,0,0.0,0.0,0.0,0.0,0.0,0.0,2393.416
2393456922,2,416065376.0,-863561536.0,24966.0,0,0.0,0.0,0.0,0.0,0.0,0.0,2393.457
2393496956,2,416065376.0,-863561536.0,24966.0,0,0.0,0.0,0.0,0.0,0.0,0.0,2393.497
2393537252,2,416065376.0,-863561536.0,24966.0,0,0.0,0.0,0.0,0.0,0.0,0.0,2393.537
2393577326,2,416065376.0,-863561536.0,24966.0,0,0.0,0.0,0.0,0.0,0.0,0.0,2393.577
2393618608,2,416065376.0,-863561536.0,24966.0,0,0.0,0.0,0.0,0.0,0.0,0.0,2393.619
2393656897,2,416065376.0,-863561536.0,24966.0,0,0.0,0.0,0.0,0.0,0.0,0.0,2393.657
2393696925,2,416065376.0,-863561536.0,24966.0,0,0.0,0.0,0.0,0.0,0.0,0.0,2393.697
2393742236,2,416065376.0,-863561536.0,24966.0,0,0.0,0.0,0.0,0.0,0.0,0.0,2393.742
2393777306,2,416065376.0,-863561536.0,24966.0,0,0.0,0.0,0.0,0.0,0.0,0.0,2393.777
2393818500,2,416065344.0,-863561536.0,24966.0,0,0.0,0.0,0.0,0.0,0.0,0.0,2393.818
2393859490,2,416065344.0,-863561536.0,24966.0,0,0.0,0.0,0.0,0.0,0.0,0.0,2393.859
2393902033,2,416065344.0,-863561536.0,24966.0,0,0.0,0.0,0.0,0.0,0.0,0.0,2393.902
2393939654,2,416065344.0,-863561536.0,24966.0,0,0.0,0.0,0.0,0.0,0.0,0.0,2393.94
2393981910,2,416065344.0,-863561536.0,24966.0,0,0.0,0.0,0.0,0.0,0.0,0.0,2393.982
2394019475,2,416065344.0,-863561536.0,24966.0,0,0.0,0.0,0.0,0.0,0.0,0.0,2394.019
2394059455,2,416065312.0,-863561536.0,24966.0,0,0.0,0.0,0.0,0.0,0.0,0.0,2394.059
2394099776,2,416065312.0,-863561536.0,24966.0,0,0.0,0.0,0.0,0.0,0.0,0.0,2394.1
2394139733,2,416065312.0,-863561536.0,24966.0,0,0.0,0.0,0.0,0.0,0.0,0.0,2394.14
2394181992,2,416065312.0,-863561536.0,24966.0,0,0.0,0.0,0.0,0.0,0.0,0.0,2394.182
2394222022,2,416065312.0,-863561536.0,24966.0,0,0.0,0.0,0.0,0.0,0.0,0.0,2394.222
2394262240,2,416065280.0,-863561536.0,24966.0,0,0.0,0.0,0.0,0.0,0.0,0.0,2394.262
2394302211,2,416065280.0,-863561536.0,24966.0,0,0.0,0.0,0.0,0.0,0.0,0.0,2394.302
2394342187,2,416065280.0,-863561536.0,24966.0,0,0.0,0.0,0.0,0.0,0.0,0.0,2394.342
2394381951,2,416065280.0,-863561536.0,24966.0,0,0.0,0.0,0.0,0.0,0.0,0.0,2394.382
2394421960,2,416065248.0,-863561536.0,24966.0,0,0.0,0.0,0.0,0.0,0.0,0.0,2394.422
2394462274,2,416065248.0,-863561536.0,24966.0,0,0.0,0.0,0.0,0.0,0.0,0.0,2394.462
2394502270,2,416065248.0,-863561536.0,24966.0,0,0.0,0.0,0.0,0.0,0.0,0.0,2394.502
2394542281,2,416065216.0,-863561536.0,24966.0,0,0.0,0.0,0.0,0.0,0.0,0.0,2394.542
2394581971,2,416065216.0,-863561536.0,24966.0,0,0.0,0.0,0.0,0.0,0.0,0.0,2394.582
2394622033,2,416065216.0,-863561536.0,24966.0,0,0.0,0.0,0.0,0.0,0.0,0.0,2394.622
2394662229,2,416065184.0,-863561536.0,24966.0,0,0.0,0.0,0.0,0.0,0.0,0.0,2394.662
2394721975,2,416065184.0,-863561536.0,24966.0,0,0.0,0.0,0.0,0.0,0.0,0.0,2394.722
2394747052,2,416065184.0,-863561536.0,24966.0,0,0.0,0.0,0.0,0.0,0.0,0.0,2394.747
2394784424,2,416065152.0,-863561536.0,24966.0,0,0.0,0.0,0.0,0.0,0.0,0.0,2394.784
2394826113,2,416065152.0,-863561536.0,24966.0,0,0.0,0.0,0.0,0.0,0.0,0.0,2394.826
2394867207,2,416065152.0,-863561536.0,24966.0,0,0.0,0.0,0.0,0.0,0.0,0.0,2394.867
2394909572,2,416065120.0,-863561536.0,24966.0,0,0.0,0.0,0.0,0.0,0.0,0.0,2394.91
2394947020,2,416065120.0,-863561536.0,24966.0,0,0.0,0.0,0.0,0.0,0.0,0.0,2394.947
2394987426,2,416065120.0,-863561536.0,24966.0,0,0.0,0.0,0.0,0.0,0.0,0.0,2394.987
2395026080,2,416065088.0,-863561536.0,24966.0,0,0.0,0.0,0.0,0.0,0.0,0.0,2395.026
2395067270,2,416065088.0,-863561536.0,24966.0,0,0.0,0.0,0.0,0.0,0.0,0.0,2395.067
2395106925,2,416065056.0,-863561536.0,24966.0,0,0.0,0.0,0.0,0.0,0.0,0.0,2395.107
2395146923,2,416065056.0,-863561536.0,24966.0,0,0.0,0.0,0.0,0.0,0.0,0.0,2395.147
2395187384,2,416065056.0,-863561536.0,24966.0,0,0.0,0.0,0.0,0.0,0.0,0.0,2395.187
2395227271,2,416065024.0,-863561536.0,24966.0,0,0.0,0.0,0.0,0.0,0.0,0.0,2395.227
2395267342,2,416065024.0,-863561536.0,24966.0,0,0.0,0.0,0.0,0.0,0.0,0.0,2395.267
2395306939,2,416064992.0,-863561536.0,24966.0,0,0.0,0.0,0.0,0.0,0.0,0.0,2395.307
2395346924,2,416064992.0,-863561536.0,24966.0,0,0.0,0.0,0.0,0.0,0.0,0.0,2395.347
2395387426,2,416064992.0,-863561536.0,24966.0,0,0.0,0.0,0.0,0.0,0.0,0.0,2395.387
2395427348,2,416064960.0,-863561536.0,24966.0,0,0.0,0.0,0.0,0.0,0.0,0.0,2395.427
2395469477,2,416064960.0,-863561536.0,24966.0,0,0.0,0.0,0.0,0.0,0.0,0.0,2395.469
2395509493,2,416064928.0,-863561536.0,24966.0,0,0.0,0.0,0.0,0.0,0.0,0.0,2395.509
2395549820,2,416064928.0,-863561536.0,24966.0,0,0.0,0.0,0.0,0.0,0.0,0.0,2395.55
2395587372,2,416064896.0,-863561536.0,24966.0,0,0.0,0.0,0.0,0.0,0.0,0.0,2395.587
2395627361,2,416064896.0,-863561536.0,24966.0,0,0.0,0.0,0.0,0.0,0.0,0.0,2395.627
2395674793,2,416064864.0,-863561536.0,24966.0,0,0.0,0.0,0.0,0.0,0.0,0.0,2395.675
2395722009,2,416064864.0,-863561536.0,24966.0,0,0.0,0.0,0.0,0.0,0.0,0.0,2395.722
2395759447,2,416064832.0,-863561536.0,24966.0,0,0.0,0.0,0.0,0.0,0.0,0.0,2395.759
2395794458,2,416064832.0,-863561536.0,24966.0,0,0.0,0.0,0.0,0.0,0.0,0.0,2395.794
2395837755,2,416064800.0,-863561536.0,24966.0,0,0.0,0.0,0.0,0.0,0.0,0.0,2395.838
2395874961,2,416064800.0,-863561536.0,24966.0,0,0.0,0.0,0.0,0.0,0.0,0.0,2395.875
2395916026,2,416064768.0,-863561536.0,24966.0,0,0.0,0.0,0.0,0.0,0.0,0.0,2395.916
2395957101,2,416064768.0,-863561536.0,24966.0,0,0.0,0.0,0.0,0.0,0.0,0.0,2395.957
2395996969,2,416064768.0,-863561536.0,24966.0,0,0.0,0.0,0.0,0.0,0.0,0.0,2395.997
2396037664,2,416064736.0,-863561536.0,24966.0,0,0.0,0.0,0.0,0.0,0.0,0.0,2396.038
2396077892,2,416064736.0,-863561536.0,24966.0,0,0.0,0.0,0.0,0.0,0.0,0.0,2396.078
2396118615,2,416064704.0,-863561536.0,24966.0,0,0.0,0.0,0.0,0.0,0.0,0.0,2396.119
2396156951,2,416064704.0,-863561536.0,24966.0,0,0.0,0.0,0.0,0.0,0.0,0.0,2396.157
2396197004,2,416064672.0,-863561536.0,24966.0,0,0.0,0.0,0.0,0.0,0.0,0.0,2396.197
2396237710,2,416064672.0,-863561536.0,24966.0,0,0.0,0.0,0.0,0.0,0.0,0.0,2396.238
2396277840,2,416064640.0,-863561536.0,24966.0,0,0.0,0.0,0.0,0.0,0.0,0.0,2396.278
2396318605,2,416064640.0,-863561536.0,24966.0,0,0.0,0.0,0.0,0.0,0.0,0.0,2396.319
2396359507,2,416064608.0,-863561536.0,24966.0,0,0.0,0.0,0.0,0.0,0.0,0.0,2396.36
2396399805,2,416064608.0,-863561536.0,24966.0,0,0.0,0.0,0.0,0.0,0.0,0.0,2396.4
2396437757,2,416064576.0,-863561536.0,24966.0,0,0.0,0.0,0.0,0.0,0.0,0.0,2396.438
2396477911,2,416064576.0,-863561536.0,24966.0,0,0.0,0.0,0.0,0.0,0.0,0.0,2396.478
2396518477,2,416064544.0,-863561536.0,24966.0,0,0.0,0.0,0.0,0.0,0.0,0.0,2396.518
2396559516,2,416064544.0,-863561536.0,24966.0,0,0.0,0.0,0.0,0.0,0.0,0.0,2396.56
2396599919,2,416064512.0,-863561536.0,24966.0,0,0.0,0.0,0.0,0.0,0.0,0.0,2396.6
2396640186,2,416064512.0,-863561536.0,24966.0,0,0.0,0.0,0.0,0.0,0.0,0.0,2396.64
2396679815,2,416064480.0,-863561536.0,24966.0,0,0.0,0.0,0.0,0.0,0.0,0.0,2396.68
2396719515,2,416064480.0,-863561536.0,24966.0,0,0.0,0.0,0.0,0.0,0.0,0.0,2396.72
2396764690,2,416064448.0,-863561536.0,24966.0,0,0.0,0.0,0.0,0.0,0.0,0.0,2396.765
2396799707,2,416064448.0,-863561536.0,24966.0,0,0.0,0.0,0.0,0.0,0.0,0.0,2396.8
2396840160,2,416064416.0,-863561536.0,24966.0,0,0.0,0.0,0.0,0.0,0.0,0.0,2396.84
2396879863,2,416064416.0,-863561536.0,24966.0,0,0.0,0.0,0.0,0.0,0.0,0.0,2396.88
2396926143,2,416064384.0,-863561536.0,24966.0,0,0.0,0.0,0.0,0.0,0.0,0.0,2396.926
2396962201,2,416064384.0,-863561536.0,24966.0,0,0.0,0.0,0.0,0.0,0.0,0.0,2396.962
2397002085,2,416064352.0,-863561536.0,24966.0,0,0.0,0.0,0.0,0.0,0.0,0.0,2397.002
2397040219,2,416064352.0,-863561536.0,24966.0,0,0.0,0.0,0.0,0.0,0.0,0.0,2397.04
2397081984,2,416064320.0,-863561536.0,24966.0,0,0.0,0.0,0.0,0.0,0.0,0.0,2397.082
2397122079,2,416064320.0,-863561536.0,24966.0,0,0.0,0.0,0.0,0.0,0.0,0.0,2397.122
2397162222,2,416064320.0,-863561536.0,24966.0,0,0.0,0.0,0.0,0.0,0.0,0.0,2397.162
2397202149,2,416064288.0,-863561536.0,24966.0,0,0.0,0.0,0.0,0.0,0.0,0.0,2397.202
2397242211,2,416064288.0,-863561536.0,24966.0,0,0.0,0.0,0.0,0.0,0.0,0.0,2397.242
2397281928,2,416064256.0,-863561536.0,24966.0,0,0.0,0.0,0.0,0.0,0.0,0.0,2397.282
2397322105,2,416064256.0,-863561536.0,24966.0,0,0.0,0.0,0.0,0.0,0.0,0.0,2397.322
2397362268,2,416064224.0,-863561536.0,24966.0,0,0.0,0.0,0.0,0.0,0.0,0.0,2397.362
2397402194,2,416064224.0,-863561536.0,24966.0,0,0.0,0.0,0.0,0.0,0.0,0.0,2397.402
2397442330,2,416064192.0,-863561536.0,24966.0,0,0.0,0.0,0.0,0.0,0.0,0.0,2397.442
2397481937,2,416064192.0,-863561536.0,24966.0,0,0.0,0.0,0.0,0.0,0.0,0.0,2397.482
2397531926,2,416064192.0,-863561536.0,24966.0,0,0.0,0.0,0.0,0.0,0.0,0.0,2397.532
2397562276,2,416064160.0,-863561536.0,24966.0,0,0.0,0.0,0.0,0.0,0.0,0.0,2397.562
2397604685,2,416064160.0,-863561536.0,24966.0,0,0.0,0.0,0.0,0.0,0.0,0.0,2397.605
2397642216,2,416064128.0,-863561536.0,24966.0,0,0.0,0.0,0.0,0.0,0.0,0.0,2397.642
2397684498,2,416064128.0,-863561536.0,24966.0,0,0.0,0.0,0.0,0.0,0.0,0.0,2397.684
2397726090,2,416064128.0,-863561536.0,24966.0,0,0.0,0.0,0.0,0.0,0.0,0.0,2397.726
2397767261,2,416064096.0,-863561536.0,24966.0,0,0.0,0.0,0.0,0.0,0.0,0.0,2397.767
2397804780,2,416064096.0,-863561536.0,24966.0,0,0.0,0.0,0.0,0.0,0.0,0.0,2397.805
2397844439,2,416064096.0,-863561536.0,24966.0,0,0.0,0.0,0.0,0.0,0.0,0.0,2397.844
2397884427,2,416064064.0,-863561536.0,24966.0,0,0.0,0.0,0.0,0.0,0.0,0.0,2397.884
2397927278,2,416064064.0,-863561536.0,24966.0,0,0.0,0.0,0.0,0.0,0.0,0.0,2397.927
2397964731,2,416064032.0,-863561536.0,24966.0,0,0.0,0.0,0.0,0.0,0.0,0.0,2397.965
2398004920,2,416064032.0,-863561536.0,24966.0,0,0.0,0.0,0.0,0.0,0.0,0.0,2398.005
2398044439,2,416064032.0,-863561536.0,24966.0,0,0.0,0.0,0.0,0.0,0.0,0.0,2398.044
2398084430,2,416064000.0,-863561536.0,24966.0,0,0.0,0.0,0.0,0.0,0.0,0.0,2398.084
2398126055,2,416064000.0,-863561536.0,24966.0,0,0.0,0.0,0.0,0.0,0.0,0.0,2398.126
2398164724,2,416064000.0,-863561536.0,24966.0,0,0.0,0.0,0.0,0.0,0.0,0.0,2398.165
2398204736,2,416064000.0,-863561536.0,24966.0,0,0.0,0.0,0.0,0.0,0.0,0.0,2398.205
2398244453,2,416063968.0,-863561536.0,24966.0,0,0.0,0.0,0.0,0.0,0.0,0.0,2398.244
2398287293,2,416063968.0,-863561536.0,24966.0,0,0.0,0.0,0.0,0.0,0.0,0.0,2398.287
2398326088,2,416063968.0,-863561536.0,24966.0,0,0.0,0.0,0.0,0.0,0.0,0.0,2398.326
2398367178,2,416063936.0,-863561536.0,24966.0,0,0.0,0.0,0.0,0.0,0.0,0.0,2398.367
2398406947,2,416063936.0,-863561536.0,24966.0,0,0.0,0.0,0.0,0.0,0.0,0.0,2398.407
2398446942,2,416063936.0,-863561536.0,24966.0,0,0.0,0.0,0.0,0.0,0.0,0.0,2398.447
2398487275,2,416063936.0,-863561536.0,24966.0,0,0.0,0.0,0.0,0.0,0.0,0.0,2398.487
2398526086,2,416063904.0,-863561536.0,24966.0,0,0.0,0.0,0.0,0.0,0.0,0.0,2398.526
2398567360,2,416063904.0,-863561536.0,24966.0,0,0.0,0.0,0.0,0.0,0.0,0.0,2398.567
2398606944,2,416063904.0,-863561536.0,24966.0,0,0.0,0.0,0.0,0.0,0.0,0.0,2398.607
2398646931,2,416063904.0,-863561536.0,24966.0,0,0.0,0.0,0.0,0.0,0.0,0.0,2398.647
2398687370,2,416063904.0,-863561536.0,24966.0,0,0.0,0.0,0.0,0.0,0.0,0.0,2398.687
2398727307,2,416063872.0,-863561536.0,24966.0,0,0.0,0.0,0.0,0.0,0.0,0.0,2398.727
2398772033,2,416063872.0,-863561536.0,24966.0,0,0.0,0.0,0.0,0.0,0.0,0.0,2398.772
2398806968,2,416063872.0,-863561536.0,24966.0,0,0.0,0.0,0.0,0.0,0.0,0.0,2398.807
2398847000,2,416063872.0,-863561536.0,24966.0,0,0.0,0.0,0.0,0.0,0.0,0.0,2398.847
2398887289,2,416063872.0,-863561536.0,24966.0,0,0.0,0.0,0.0,0.0,0.0,0.0,2398.887
2398931956,2,416063872.0,-863561536.0,24966.0,0,0.0,0.0,0.0,0.0,0.0,0.0,2398.932
2398969484,2,416063840.0,-863561536.0,24966.0,0,0.0,0.0,0.0,0.0,0.0,0.0,2398.969
2399009449,2,416063840.0,-863561536.0,24966.0,0,0.0,0.0,0.0,0.0,0.0,0.0,2399.009
2399050350,2,416063840.0,-863561536.0,24966.0,0,0.0,0.0,0.0,0.0,0.0,0.0,2399.05
2399089718,2,416063840.0,-863561536.0,24966.0,0,0.0,0.0,0.0,0.0,0.0,0.0,2399.09
2399130046,2,416063840.0,-863561536.0,24966.0,0,0.0,0.0,0.0,0.0,0.0,0.0,2399.13
2399169502,2,416063840.0,-863561536.0,24966.0,0,0.0,0.0,0.0,0.0,0.0,0.0,2399.17
2399209462,2,416063840.0,-863561536.0,24966.0,0,0.0,0.0,0.0,0.0,0.0,0.0,2399.209
2399250337,2,416063840.0,-863561536.0,24966.0,0,0.0,0.0,0.0,0.0,0.0,0.0,2399.25
2399289736,2,416063808.0,-863561536.0,24966.0,0,0.0,0.0,0.0,0.0,0.0,0.0,2399.29
2399329878,2,416063808.0,-863561536.0,24966.0,0,0.0,0.0,0.0,0.0,0.0,0.0,2399.33
2399369623,2,416063808.0,-863561536.0,24966.0,0,0.0,0.0,0.0,0.0,0.0,0.0,2399.37
2399409494,2,416063808.0,-863561536.0,24966.0,0,0.0,0.0,0.0,0.0,0.0,0.0,2399.409
2399450839,2,416063808.0,-863561536.0,24966.0,0,0.0,0.0,0.0,0.0,0.0,0.0,2399.451
2399492265,2,416063808.0,-863561536.0,24966.0,0,0.0,0.0,0.0,0.0,0.0,0.0,2399.492
2399532018,2,416063808.0,-863561536.0,24966.0,0,0.0,0.0,0.0,0.0,0.0,0.0,2399.532
2399574758,2,416063808.0,-863561536.0,24966.0,0,0.0,0.0,0.0,0.0,0.0,0.0,2399.575
2399612332,2,416063808.0,-863561536.0,24966.0,0,0.0,0.0,0.0,0.0,0.0,0.0,2399.612
2399650919,2,416063808.0,-863561536.0,24966.0,0,0.0,0.0,0.0,0.0,0.0,0.0,2399.651
2399692298,2,416063808.0,-863561536.0,24966.0,0,0.0,0.0,0.0,0.0,0.0,0.0,2399.692
2399731997,2,416063808.0,-863561536.0,24966.0,0,0.0,0.0,0.0,0.0,0.0,0.0,2399.732
2399774889,2,416063808.0,-863561536.0,24966.0,0,0.0,0.0,0.0,0.0,0.0,0.0,2399.775
2399812344,2,416063808.0,-863561536.0,24966.0,0,0.0,0.0,0.0,0.0,0.0,0.0,2399.812
2399852214,2,416063808.0,-863561536.0,24966.0,0,0.0,0.0,0.0,0.0,0.0,0.0,2399.852
2399899741,2,416063808.0,-863561536.0,24966.0,0,0.0,0.0,0.0,0.0,0.0,0.0,2399.9
2399939731,2,416063808.0,-863561536.0,24966.0,0,0.0,0.0,0.0,0.0,0.0,0.0,2399.94
2399972008,2,416063808.0,-863561536.0,24966.0,0,0.0,0.0,0.0,0.0,0.0,0.0,2399.972
2400012342,2,416063808.0,-863561536.0,24966.0,0,0.0,0.0,0.0,0.0,0.0,0.0,2400.012
2400054807,2,416063808.0,-863561536.0,24966.0,0,0.0,0.0,0.0,0.0,0.0,0.0,2400.055
2400094495,2,416063808.0,-863561536.0,24966.0,0,0.0,0.0,0.0,0.0,0.0,0.0,2400.094
2400134463,2,416063808.0,-863561536.0,24966.0,0,0.0,0.0,0.0,0.0,0.0,0.0,2400.134
2400174857,2,416063808.0,-863561536.0,24966.0,0,0.0,0.0,0.0,0.0,0.0,0.0,2400.175
2400215944,2,416063808.0,-863561536.0,24966.0,0,0.0,0.0,0.0,0.0,0.0,0.0,2400.216
2400254819,2,416063808.0,-863561536.0,24966.0,0,0.0,0.0,0.0,0.0,0.0,0.0,2400.255
2400294498,2,416063808.0,-863561536.0,24966.0,0,0.0,0.0,0.0,0.0,0.0,0.0,2400.294
2400334545,2,416063808.0,-863561536.0,24966.0,0,0.0,0.0,0.0,0.0,0.0,0.0,2400.335
2400374802,2,416063808.0,-863561536.0,24966.0,0,0.0,0.0,0.0,0.0,0.0,0.0,2400.375
2400416063,2,416063808.0,-863561536.0,24966.0,0,0.0,0.0,0.0,0.0,0.0,0.0,2400.416
2400455269,2,416063808.0,-863561536.0,24966.0,0,0.0,0.0,0.0,0.0,0.0,0.0,2400.455
2400494473,2,416063808.0,-863561536.0,24966.0,0,0.0,0.0,0.0,0.0,0.0,0.0,2400.494
2400534535,2,416063808.0,-863561536.0,24966.0,0,0.0,0.0,0.0,0.0,0.0,0.0,2400.535
2400574839,2,416063808.0,-863561536.0,24966.0,0,0.0,0.0,0.0,0.0,0.0,0.0,2400.575
2400616018,2,416063808.0,-863561536.0,24966.0,0,0.0,0.0,0.0,0.0,0.0,0.0,2400.616
2400655249,2,416063808.0,-863561536.0,24966.0,0,0.0,0.0,0.0,0.0,0.0,0.0,2400.655
2400694449,2,416063808.0,-863561536.0,24966.0,0,0.0,0.0,0.0,0.0,0.0,0.0,2400.694
2400734568,2,416063808.0,-863561536.0,24966.0,0,0.0,0.0,0.0,0.0,0.0,0.0,2400.735
2400779816,2,416063808.0,-863561536.0,24966.0,0,0.0,0.0,0.0,0.0,0.0,0.0,2400.78
2400816070,2,416063808.0,-863561536.0,24966.0,0,0.0,0.0,0.0,0.0,0.0,0.0,2400.816
2400855259,2,416063808.0,-863561536.0,24966.0,0,0.0,0.0,0.0,0.0,0.0,0.0,2400.855
2400897008,2,416063808.0,-863561536.0,24966.0,0,0.0,0.0,0.0,0.0,0.0,0.0,2400.897
2400937297,2,416063808.0,-863561536.0,24966.0,0,0.0,0.0,0.0,0.0,0.0,0.0,2400.937
2400979823,2,416063808.0,-863561536.0,24966.0,0,0.0,0.0,0.0,0.0,0.0,0.0,2400.98
2401018562,2,416063808.0,-863561536.0,24966.0,0,0.0,0.0,0.0,0.0,0.0,0.0,2401.019
2401056921,2,416063808.0,-863561536.0,24966.0,0,0.0,0.0,0.0,0.0,0.0,0.0,2401.057
2401096969,2,416063808.0,-863561536.0,24966.0,0,0.0,0.0,0.0,0.0,0.0,0.0,2401.097
2401137303,2,416063776.0,-863561536.0,24966.0,0,0.0,0.0,0.0,0.0,0.0,0.0,2401.137
2401177342,2,416063776.0,-863561536.0,24966.0,0,0.0,0.0,0.0,0.0,0.0,0.0,2401.177
2401218471,2,416063776.0,-863561536.0,24966.0,0,0.0,0.0,0.0,0.0,0.0,0.0,2401.218
2401256920,2,416063776.0,-863561536.0,24966.0,0,0.0,0.0,0.0,0.0,0.0,0.0,2401.257
2401299850,2,416063776.0,-863561536.0,24966.0,0,0.0,0.0,0.0,0.0,0.0,0.0,2401.3
2401339728,2,416063776.0,-863561536.0,24966.0,0,0.0,0.0,0.0,0.0,0.0,0.0,2401.34
2401379932,2,416063776.0,-863561536.0,24965.0,0,0.0,0.0,0.0,0.0,0.0,0.0,2401.38
2401419533,2,416063776.0,-863561536.0,24965.0,0,0.0,0.0,0.0,0.0,0.0,0.0,2401.42
2401459533,2,416063776.0,-863561536.0,24965.0,0,0.0,0.0,0.0,0.0,0.0,0.0,2401.46
2401499741,2,416063776.0,-863561536.0,24965.0,0,0.0,0.0,0.0,0.0,0.0,0.0,2401.5
2401539794,2,416063776.0,-863561536.0,24965.0,0,0.0,0.0,0.0,0.0,0.0,0.0,2401.54
2401579730,2,416063776.0,-863561536.0,24965.0,0,0.0,0.0,0.0,0.0,0.0,0.0,2401.58
2401619426,2,416063776.0,-863561536.0,24965.0,0,0.0,0.0,0.0,0.0,0.0,0.0,2401.619
2401659531,2,416063776.0,-863561536.0,24965.0,0,0.0,0.0,0.0,0.0,0.0,0.0,2401.66
2401699800,2,416063776.0,-863561536.0,24965.0,0,0.0,0.0,0.0,0.0,0.0,0.0,2401.7
2401739727,2,416063776.0,-863561536.0,24965.0,0,0.0,0.0,0.0,0.0,0.0,0.0,2401.74
2401784509,2,416063776.0,-863561536.0,24965.0,0,0.0,0.0,0.0,0.0,0.0,0.0,2401.785
2401819521,2,416063776.0,-863561536.0,24965.0,0,0.0,0.0,0.0,0.0,0.0,0.0,2401.82
2401859450,2,416063744.0,-863561536.0,24965.0,0,0.0,0.0,0.0,0.0,0.0,0.0,2401.859
2401899822,2,416063744.0,-863561536.0,24965.0,0,0.0,0.0,0.0,0.0,0.0,0.0,2401.9
2401939762,2,416063744.0,-863561536.0,24965.0,0,0.0,0.0,0.0,0.0,0.0,0.0,2401.94
2401987442,2,416063744.0,-863561536.0,24965.0,0,0.0,0.0,0.0,0.0,0.0,0.0,2401.987
2402022025,2,416063744.0,-863561536.0,24965.0,0,0.0,0.0,0.0,0.0,0.0,0.0,2402.022
2402062327,2,416063744.0,-863561536.0,24965.0,0,0.0,0.0,0.0,0.0,0.0,0.0,2402.062
2402102256,2,416063744.0,-863561536.0,24965.0,0,0.0,0.0,0.0,0.0,0.0,0.0,2402.102
2402142210,2,416063744.0,-863561536.0,24965.0,0,0.0,0.0,0.0,0.0,0.0,0.0,2402.142
2402181928,2,416063744.0,-863561536.0,24965.0,0,0.0,0.0,0.0,0.0,0.0,0.0,2402.182
2402226151,2,416063712.0,-863561536.0,24965.0,0,0.0,0.0,0.0,0.0,0.0,0.0,2402.226
2402262277,2,416063712.0,-863561536.0,24965.0,0,0.0,0.0,0.0,0.0,0.0,0.0,2402.262
2402302256,2,416063712.0,-863561536.0,24965.0,0,0.0,0.0,0.0,0.0,0.0,0.0,2402.302
2402344619,2,416063712.0,-863561536.0,24965.0,0,0.0,0.0,0.0,0.0,0.0,0.0,2402.345
2402384462,2,416063712.0,-863561536.0,24965.0,0,0.0,0.0,0.0,0.0,0.0,0.0,2402.384
2402426092,2,416063680.0,-863561536.0,24965.0,0,0.0,0.0,0.0,0.0,0.0,0.0,2402.426
2402462304,2,416063680.0,-863561536.0,24965.0,0,0.0,0.0,0.0,0.0,0.0,0.0,2402.462
2402504955,2,416063680.0,-863561536.0,24965.0,0,0.0,0.0,0.0,0.0,0.0,0.0,2402.505
2402544482,2,416063680.0,-863561536.0,24965.0,0,0.0,0.0,0.0,0.0,0.0,0.0,2402.544
2402584419,2,416063680.0,-863561536.0,24965.0,0,0.0,0.0,0.0,0.0,0.0,0.0,2402.584
2402627304,2,416063648.0,-863561536.0,24965.0,0,0.0,0.0,0.0,0.0,0.0,0.0,2402.627
2402664900,2,416063648.0,-863561536.0,24965.0,0,0.0,0.0,0.0,0.0,0.0,0.0,2402.665
2402704975,2,416063648.0,-863561536.0,24965.0,0,0.0,0.0,0.0,0.0,0.0,0.0,2402.705
2402744529,2,416063648.0,-863561536.0,24965.0,0,0.0,0.0,0.0,0.0,0.0,0.0,2402.745
2402797041,2,416063616.0,-863561536.0,24965.0,0,0.0,0.0,0.0,0.0,0.0,0.0,2402.797
2402826117,2,416063616.0,-863561536.0,24965.0,0,0.0,0.0,0.0,0.0,0.0,0.0,2402.826
2402864886,2,416063616.0,-863561536.0,24965.0,0,0.0,0.0,0.0,0.0,0.0,0.0,2402.865
2402946839,2,416063616.0,-863561536.0,24965.0,0,0.0,0.0,0.0,0.0,0.0,0.0,2402.947
2402947012,2,416063584.0,-863561536.0,24965.0,0,0.0,0.0,0.0,0.0,0.0,0.0,2402.947
2402989664,2,416063584.0,-863561536.0,24965.0,0,0.0,0.0,0.0,0.0,0.0,0.0,2402.99
2403027244,2,416063584.0,-863561536.0,24965.0,0,0.0,0.0,0.0,0.0,0.0,0.0,2403.027
2403067352,2,416063552.0,-863561536.0,24965.0,0,0.0,0.0,0.0,0.0,0.0,0.0,2403.067
2403106920,2,416063552.0,-863561536.0,24965.0,0,0.0,0.0,0.0,0.0,0.0,0.0,2403.107
2403146942,2,416063552.0,-863561536.0,24965.0,0,0.0,0.0,0.0,0.0,0.0,0.0,2403.147
2403187395,2,416063552.0,-863561536.0,24965.0,0,0.0,0.0,0.0,0.0,0.0,0.0,2403.187
2403227320,2,416063520.0,-863561536.0,24965.0,0,0.0,0.0,0.0,0.0,0.0,0.0,2403.227
2403267206,2,416063520.0,-863561536.0,24965.0,0,0.0,0.0,0.0,0.0,0.0,0.0,2403.267
2403309510,2,416063520.0,-863561536.0,24965.0,0,0.0,0.0,0.0,0.0,0.0,0.0,2403.31
2403349817,2,416063488.0,-863561536.0,24965.0,0,0.0,0.0,0.0,0.0,0.0,0.0,2403.35
2403389732,2,416063488.0,-863561536.0,24965.0,0,0.0,0.0,0.0,0.0,0.0,0.0,2403.39
2403431024,2,416063488.0,-863561536.0,24965.0,0,0.0,0.0,0.0,0.0,0.0,0.0,2403.431
2403471998,2,416063456.0,-863561536.0,24965.0,0,0.0,0.0,0.0,0.0,0.0,0.0,2403.472
2403515966,2,416063456.0,-863561536.0,24965.0,0,0.0,0.0,0.0,0.0,0.0,0.0,2403.516
2403556943,2,416063424.0,-863561536.0,24965.0,0,0.0,0.0,0.0,0.0,0.0,0.0,2403.557
2403594471,2,416063424.0,-863561536.0,24965.0,0,0.0,0.0,0.0,0.0,0.0,0.0,2403.594
2403631924,2,416063424.0,-863561536.0,24965.0,0,0.0,0.0,0.0,0.0,0.0,0.0,2403.632
2403677887,2,416063392.0,-863561536.0,24965.0,0,0.0,0.0,0.0,0.0,0.0,0.0,2403.678
2403718535,2,416063392.0,-863561536.0,24965.0,0,0.0,0.0,0.0,0.0,0.0,0.0,2403.719
2403757037,2,416063360.0,-863561536.0,24965.0,0,0.0,0.0,0.0,0.0,0.0,0.0,2403.757
2403802207,2,416063360.0,-863561536.0,24965.0,0,0.0,0.0,0.0,0.0,0.0,0.0,2403.802
2403834544,2,416063328.0,-863561536.0,24965.0,0,0.0,0.0,0.0,0.0,0.0,0.0,2403.835
2403877952,2,416063328.0,-863561536.0,24965.0,0,0.0,0.0,0.0,0.0,0.0,0.0,2403.878
2403918542,2,416063296.0,-863561536.0,24965.0,0,0.0,0.0,0.0,0.0,0.0,0.0,2403.919
2403956954,2,416063296.0,-863561536.0,24965.0,0,0.0,0.0,0.0,0.0,0.0,0.0,2403.957
2404007095,2,416063264.0,-863561536.0,24965.0,0,0.0,0.0,0.0,0.0,0.0,0.0,2404.007
2404042375,2,416063264.0,-863561536.0,24965.0,0,0.0,0.0,0.0,0.0,0.0,0.0,2404.042
2404077873,2,416063232.0,-863561536.0,24965.0,0,0.0,0.0,0.0,0.0,0.0,0.0,2404.078
2404118476,2,416063232.0,-863561536.0,24965.0,0,0.0,0.0,0.0,0.0,0.0,0.0,2404.118
2404156937,2,416063200.0,-863561536.0,24965.0,0,0.0,0.0,0.0,0.0,0.0,0.0,2404.157
2404199866,2,416063200.0,-863561536.0,24965.0,0,0.0,0.0,0.0,0.0,0.0,0.0,2404.2
2404242305,2,416063168.0,-863561536.0,24965.0,0,0.0,0.0,0.0,0.0,0.0,0.0,2404.242
2404277866,2,416063168.0,-863561536.0,24965.0,0,0.0,0.0,0.0,0.0,0.0,0.0,2404.278
2404318553,2,416063136.0,-863561536.0,24965.0,0,0.0,0.0,0.0,0.0,0.0,0.0,2404.319
2404359551,2,416063104.0,-863561536.0,24965.0,0,0.0,0.0,0.0,0.0,0.0,0.0,2404.36
2404399799,2,416063104.0,-863561536.0,24965.0,0,0.0,0.0,0.0,0.0,0.0,0.0,2404.4
2404444443,2,416063072.0,-863561536.0,24965.0,0,0.0,0.0,0.0,0.0,0.0,0.0,2404.444
2404479847,2,416063072.0,-863561536.0,24965.0,0,0.0,0.0,0.0,0.0,0.0,0.0,2404.48
2404519499,2,416063040.0,-863561536.0,24965.0,0,0.0,0.0,0.0,0.0,0.0,0.0,2404.519
2404559546,2,416063008.0,-863561536.0,24965.0,0,0.0,0.0,0.0,0.0,0.0,0.0,2404.56
2404599754,2,416063008.0,-863561536.0,24965.0,0,0.0,0.0,0.0,0.0,0.0,0.0,2404.6
2404640101,2,416062976.0,-863561536.0,24965.0,0,0.0,0.0,0.0,0.0,0.0,0.0,2404.64
2404682069,2,416062976.0,-863561536.0,24965.0,0,0.0,0.0,0.0,0.0,0.0,0.0,2404.682
2404732007,2,416062944.0,-863561536.0,24965.0,0,0.0,0.0,0.0,0.0,0.0,0.0,2404.732
2404762252,2,416062912.0,-863561536.0,24965.0,0,0.0,0.0,0.0,0.0,0.0,0.0,2404.762
2404806936,2,416062912.0,-863561536.0,24965.0,0,0.0,0.0,0.0,0.0,0.0,0.0,2404.807
2404842247,2,416062880.0,-863561536.0,24965.0,0,0.0,0.0,0.0,0.0,0.0,0.0,2404.842
2404882047,2,416062848.0,-863561536.0,24965.0,0,0.0,0.0,0.0,0.0,0.0,0.0,2404.882
2404922079,2,416062848.0,-863561536.0,24965.0,0,0.0,0.0,0.0,0.0,0.0,0.0,2404.922
2404962211,2,416062816.0,-863561536.0,24965.0,0,0.0,0.0,0.0,0.0,0.0,0.0,2404.962
2405012361,2,416062784.0,-863561536.0,24965.0,0,0.0,0.0,0.0,0.0,0.0,0.0,2405.012
2405047034,2,416062752.0,-863561536.0,24965.0,0,0.0,0.0,0.0,0.0,0.0,0.0,2405.047
2405084517,2,416062752.0,-863561536.0,24965.0,0,0.0,0.0,0.0,0.0,0.0,0.0,2405.085
2405126129,2,416062720.0,-863561536.0,24965.0,0,0.0,0.0,0.0,0.0,0.0,0.0,2405.126
2405162280,2,416062688.0,-863561536.0,24965.0,0,0.0,0.0,0.0,0.0,0.0,0.0,2405.162
2405204772,2,416062688.0,-863561536.0,24965.0,0,0.0,0.0,0.0,0.0,0.0,0.0,2405.205
2405244483,2,416062656.0,-863561536.0,24965.0,0,0.0,0.0,0.0,0.0,0.0,0.0,2405.244
2405284483,2,416062624.0,-863561536.0,24965.0,0,0.0,0.0,0.0,0.0,0.0,0.0,2405.284
2405326118,2,416062592.0,-863561536.0,24965.0,0,0.0,0.0,0.0,0.0,0.0,0.0,2405.326
2405364660,2,416062592.0,-863561536.0,24965.0,0,0.0,0.0,0.0,0.0,0.0,0.0,2405.365
2405404756,2,416062560.0,-863561536.0,24965.0,0,0.0,0.0,0.0,0.0,0.0,0.0,2405.405
2405447050,2,416062528.0,-863561536.0,24965.0,0,0.0,0.0,0.0,0.0,0.0,0.0,2405.447
2405484476,2,416062528.0,-863561536.0,24965.0,0,0.0,0.0,0.0,0.0,0.0,0.0,2405.484
2405526174,2,416062496.0,-863561536.0,24965.0,0,0.0,0.0,0.0,0.0,0.0,0.0,2405.526
2405567276,2,416062464.0,-863561536.0,24965.0,0,0.0,0.0,0.0,0.0,0.0,0.0,2405.567
2405606991,2,416062432.0,-863561536.0,24965.0,0,0.0,0.0,0.0,0.0,0.0,0.0,2405.607
2405647075,2,416062400.0,-863561536.0,24965.0,0,0.0,0.0,0.0,0.0,0.0,0.0,2405.647
2405687253,2,416062400.0,-863561536.0,24965.0,0,0.0,0.0,0.0,0.0,0.0,0.0,2405.687
2405731984,2,416062368.0,-863561536.0,24965.0,0,0.0,0.0,0.0,0.0,0.0,0.0,2405.732
2405767342,2,416062336.0,-863561536.0,24965.0,0,0.0,0.0,0.0,0.0,0.0,0.0,2405.767
2405812382,2,416062304.0,-863561536.0,24965.0,0,0.0,0.0,0.0,0.0,0.0,0.0,2405.812
2405850360,2,416062304.0,-863561536.0,24965.0,0,0.0,0.0,0.0,0.0,0.0,0.0,2405.85
2405889688,2,416062272.0,-863561536.0,24965.0,0,0.0,0.0,0.0,0.0,0.0,0.0,2405.89
2405927317,2,416062240.0,-863561536.0,24965.0,0,0.0,0.0,0.0,0.0,0.0,0.0,2405.927
2405967215,2,416062208.0,-863561536.0,24965.0,0,0.0,0.0,0.0,0.0,0.0,0.0,2405.967
2406016107,2,416062208.0,-863561536.0,24965.0,0,0.0,0.0,0.0,0.0,0.0,0.0,2406.016
2406050303,2,416062176.0,-863561536.0,24965.0,0,0.0,0.0,0.0,0.0,0.0,0.0,2406.05
2406089729,2,416062144.0,-863561536.0,24965.0,0,0.0,0.0,0.0,0.0,0.0,0.0,2406.09
2406129913,2,416062112.0,-863561536.0,24965.0,0,0.0,0.0,0.0,0.0,0.0,0.0,2406.13
2406169518,2,416062080.0,-863561536.0,24965.0,0,0.0,0.0,0.0,0.0,0.0,0.0,2406.17
2406212309,2,416062080.0,-863561536.0,24965.0,0,0.0,0.0,0.0,0.0,0.0,0.0,2406.212
2406252161,2,416062048.0,-863561536.0,24965.0,0,0.0,0.0,0.0,0.0,0.0,0.0,2406.252
2406292230,2,416062016.0,-863561536.0,24965.0,0,0.0,0.0,0.0,0.0,0.0,0.0,2406.292
2406331980,2,416061984.0,-863561536.0,24965.0,0,0.0,0.0,0.0,0.0,0.0,0.0,2406.332
2406372026,2,416061984.0,-863561536.0,24965.0,0,0.0,0.0,0.0,0.0,0.0,0.0,2406.372
2406412352,2,416061952.0,-863561536.0,24965.0,0,0.0,0.0,0.0,0.0,0.0,0.0,2406.412
2406452180,2,416061920.0,-863561536.0,24965.0,0,0.0,0.0,0.0,0.0,0.0,0.0,2406.452
2406492243,2,416061888.0,-863561536.0,24965.0,0,0.0,0.0,0.0,0.0,0.0,0.0,2406.492
2406534473,2,416061888.0,-863561536.0,24965.0,0,0.0,0.0,0.0,0.0,0.0,0.0,2406.534
2406571982,2,416061856.0,-863561536.0,24965.0,0,0.0,0.0,0.0,0.0,0.0,0.0,2406.572
2406612425,2,416061824.0,-863561536.0,24965.0,0,0.0,0.0,0.0,0.0,0.0,0.0,2406.612
2406652136,2,416061792.0,-863561536.0,24965.0,0,0.0,0.0,0.0,0.0,0.0,0.0,2406.652
2406692211,2,416061792.0,-863561536.0,24965.0,0,0.0,0.0,0.0,0.0,0.0,0.0,2406.692
2406737303,2,416061760.0,-863561536.0,24965.0,0,0.0,0.0,0.0,0.0,0.0,0.0,2406.737
2406774811,2,416061728.0,-863561536.0,24965.0,0,0.0,0.0,0.0,0.0,0.0,0.0,2406.775
2406818624,2,416061696.0,-863561536.0,24965.0,0,0.0,0.0,0.0,0.0,0.0,0.0,2406.819
2406852185,2,416061696.0,-863561536.0,24965.0,0,0.0,0.0,0.0,0.0,0.0,0.0,2406.852
2406894489,2,416061664.0,-863561536.0,24965.0,0,0.0,0.0,0.0,0.0,0.0,0.0,2406.894
2406934551,2,416061632.0,-863561536.0,24965.0,0,0.0,0.0,0.0,0.0,0.0,0.0,2406.935
2406974832,2,416061600.0,-863561536.0,24965.0,0,0.0,0.0,0.0,0.0,0.0,0.0,2406.975
2407018540,2,416061568.0,-863561536.0,24965.0,0,0.0,0.0,0.0,0.0,0.0,0.0,2407.019
2407054710,2,416061568.0,-863561536.0,24965.0,0,0.0,0.0,0.0,0.0,0.0,0.0,2407.055
2407094421,2,416061536.0,-863561536.0,24965.0,0,0.0,0.0,0.0,0.0,0.0,0.0,2407.094
2407137295,2,416061504.0,-863561536.0,24965.0,0,0.0,0.0,0.0,0.0,0.0,0.0,2407.137
2407177231,2,416061472.0,-863561536.0,24965.0,0,0.0,0.0,0.0,0.0,0.0,0.0,2407.177
2407215898,2,416061472.0,-863561536.0,24965.0,0,0.0,0.0,0.0,0.0,0.0,0.0,2407.216
2407254774,2,416061440.0,-863561536.0,24965.0,0,0.0,0.0,0.0,0.0,0.0,0.0,2407.255
2407297093,2,416061408.0,-863561536.0,24965.0,0,0.0,0.0,0.0,0.0,0.0,0.0,2407.297
2407337203,2,416061376.0,-863561536.0,24965.0,0,0.0,0.0,0.0,0.0,0.0,0.0,2407.337
2407377308,2,416061376.0,-863561536.0,24965.0,0,0.0,0.0,0.0,0.0,0.0,0.0,2407.377
2407418690,2,416061344.0,-863561536.0,24965.0,0,0.0,0.0,0.0,0.0,0.0,0.0,2407.419
2407457016,2,416061312.0,-863561536.0,24965.0,0,0.0,0.0,0.0,0.0,0.0,0.0,2407.457
2407499820,2,416061280.0,-863561536.0,24965.0,0,0.0,0.0,0.0,0.0,0.0,0.0,2407.5
2407537310,2,416061248.0,-863561536.0,24965.0,0,0.0,0.0,0.0,0.0,0.0,0.0,2407.537
2407577245,2,416061248.0,-863561536.0,24965.0,0,0.0,0.0,0.0,0.0,0.0,0.0,2407.577
2407618592,2,416061216.0,-863561536.0,24965.0,0,0.0,0.0,0.0,0.0,0.0,0.0,2407.619
2407659557,2,416061184.0,-863561536.0,24965.0,0,0.0,0.0,0.0,0.0,0.0,0.0,2407.66
2407699780,2,416061152.0,-863561536.0,24965.0,0,0.0,0.0,0.0,0.0,0.0,0.0,2407.7
2407739647,2,416061152.0,-863561536.0,24965.0,0,0.0,0.0,0.0,0.0,0.0,0.0,2407.74
2407779770,2,416061120.0,-863561536.0,24965.0,0,0.0,0.0,0.0,0.0,0.0,0.0,2407.78
2407822090,2,416061088.0,-863561536.0,24965.0,0,0.0,0.0,0.0,0.0,0.0,0.0,2407.822
2407862330,2,416061056.0,-863561536.0,24965.0,0,0.0,0.0,0.0,0.0,0.0,0.0,2407.862
2407899789,2,416061024.0,-863561536.0,24965.0,0,0.0,0.0,0.0,0.0,0.0,0.0,2407.9
2407942235,2,416061024.0,-863561536.0,24965.0,0,0.0,0.0,0.0,0.0,0.0,0.0,2407.942
2407982020,2,416060992.0,-863561536.0,24965.0,0,0.0,0.0,0.0,0.0,0.0,0.0,2407.982
2408026091,2,416060960.0,-863561536.0,24965.0,0,0.0,0.0,0.0,0.0,0.0,0.0,2408.026
2408062255,2,416060928.0,-863561536.0,24965.0,0,0.0,0.0,0.0,0.0,0.0,0.0,2408.062
2408102152,2,416060896.0,-863561536.0,24965.0,0,0.0,0.0,0.0,0.0,0.0,0.0,2408.102
2408142212,2,416060864.0,-863561536.0,24965.0,0,0.0,0.0,0.0,0.0,0.0,0.0,2408.142
2408181933,2,416060864.0,-863561536.0,24965.0,0,0.0,0.0,0.0,0.0,0.0,0.0,2408.182
2408226122,2,416060832.0,-863561536.0,24965.0,0,0.0,0.0,0.0,0.0,0.0,0.0,2408.226
2408262267,2,416060800.0,-863561536.0,24965.0,0,0.0,0.0,0.0,0.0,0.0,0.0,2408.262
2408302139,2,416060768.0,-863561536.0,24965.0,0,0.0,0.0,0.0,0.0,0.0,0.0,2408.302
2408344632,2,416060736.0,-863561536.0,24965.0,0,0.0,0.0,0.0,0.0,0.0,0.0,2408.345
2408381933,2,416060704.0,-863561536.0,24965.0,0,0.0,0.0,0.0,0.0,0.0,0.0,2408.382
2408422092,2,416060672.0,-863561536.0,24965.0,0,0.0,0.0,0.0,0.0,0.0,0.0,2408.422
2408467337,2,416060640.0,-863561536.0,24965.0,0,0.0,0.0,0.0,0.0,0.0,0.0,2408.467
2408505006,2,416060640.0,-863561536.0,24965.0,0,0.0,0.0,0.0,0.0,0.0,0.0,2408.505
2408544559,2,416060608.0,-863561536.0,24965.0,0,0.0,0.0,0.0,0.0,0.0,0.0,2408.545
2408584452,2,416060576.0,-863561536.0,24965.0,0,0.0,0.0,0.0,0.0,0.0,0.0,2408.584
2408627344,2,416060544.0,-863561536.0,24965.0,0,0.0,0.0,0.0,0.0,0.0,0.0,2408.627
2408664833,2,416060512.0,-863561536.0,24965.0,0,0.0,0.0,0.0,0.0,0.0,0.0,2408.665
2408704856,2,416060480.0,-863561536.0,24965.0,0,0.0,0.0,0.0,0.0,0.0,0.0,2408.705
2408744502,2,416060448.0,-863561536.0,24965.0,0,0.0,0.0,0.0,0.0,0.0,0.0,2408.745
2408787222,2,416060416.0,-863561536.0,24965.0,0,0.0,0.0,0.0,0.0,0.0,0.0,2408.787
2408830697,2,416060384.0,-863561536.0,24965.0,0,0.0,0.0,0.0,0.0,0.0,0.0,2408.831
2408864867,2,416060384.0,-863561536.0,24965.0,0,0.0,0.0,0.0,0.0,0.0,0.0,2408.865
2408909374,2,416060352.0,-863561536.0,24965.0,0,0.0,0.0,0.0,0.0,0.0,0.0,2408.909
2408944532,2,416060320.0,-863561536.0,24965.0,0,0.0,0.0,0.0,0.0,0.0,0.0,2408.945
2408984470,2,416060288.0,-863561536.0,24965.0,0,0.0,0.0,0.0,0.0,0.0,0.0,2408.984
2409030827,2,416060256.0,-863561536.0,24965.0,0,0.0,0.0,0.0,0.0,0.0,0.0,2409.031
2409067208,2,416060224.0,-863561536.0,24965.0,0,0.0,0.0,0.0,0.0,0.0,0.0,2409.067
2409106943,2,416060192.0,-863561536.0,24965.0,0,0.0,0.0,0.0,0.0,0.0,0.0,2409.107
2409146934,2,416060160.0,-863561536.0,24965.0,0,0.0,0.0,0.0,0.0,0.0,0.0,2409.147
2409187504,2,416060128.0,-863561536.0,24965.0,0,0.0,0.0,0.0,0.0,0.0,0.0,2409.188
2409227370,2,416060096.0,-863561536.0,24965.0,0,0.0,0.0,0.0,0.0,0.0,0.0,2409.227
2409269453,2,416060064.0,-863561536.0,24965.0,0,0.0,0.0,0.0,0.0,0.0,0.0,2409.269
2409309595,2,416060064.0,-863561536.0,24965.0,0,0.0,0.0,0.0,0.0,0.0,0.0,2409.31
2409349765,2,416060032.0,-863561536.0,24965.0,0,0.0,0.0,0.0,0.0,0.0,0.0,2409.35
2409389788,2,416060000.0,-863561536.0,24965.0,0,0.0,0.0,0.0,0.0,0.0,0.0,2409.39
2409430626,2,416059968.0,-863561536.0,24965.0,0,0.0,0.0,0.0,0.0,0.0,0.0,2409.431
2409474860,2,416059936.0,-863561536.0,24965.0,0,0.0,0.0,0.0,0.0,0.0,0.0,2409.475
2409515993,2,416059904.0,-863561536.0,24965.0,0,0.0,0.0,0.0,0.0,0.0,0.0,2409.516
2409562229,2,416059872.0,-863561536.0,24965.0,0,0.0,0.0,0.0,0.0,0.0,0.0,2409.562
2409602139,2,416059840.0,-863561536.0,24965.0,0,0.0,0.0,0.0,0.0,0.0,0.0,2409.602
2409634512,2,416059808.0,-863561536.0,24965.0,0,0.0,0.0,0.0,0.0,0.0,0.0,2409.635
2409684510,2,416059776.0,-863561536.0,24965.0,0,0.0,0.0,0.0,0.0,0.0,0.0,2409.685
2409722069,2,416059744.0,-863561536.0,24965.0,0,0.0,0.0,0.0,0.0,0.0,0.0,2409.722
2409762278,2,416059712.0,-863561536.0,24965.0,0,0.0,0.0,0.0,0.0,0.0,0.0,2409.762
2409804731,2,416059680.0,-863561536.0,24965.0,0,0.0,0.0,0.0,0.0,0.0,0.0,2409.805
2409852224,2,416059648.0,-863561536.0,24965.0,0,0.0,0.0,0.0,0.0,0.0,0.0,2409.852
2409881934,2,416059648.0,-863561536.0,24965.0,0,0.0,0.0,0.0,0.0,0.0,0.0,2409.882
2409919481,2,416059616.0,-863561536.0,24965.0,0,0.0,0.0,0.0,0.0,0.0,0.0,2409.919
2409964756,2,416059584.0,-863561536.0,24965.0,0,0.0,0.0,0.0,0.0,0.0,0.0,2409.965
2410012366,2,416059552.0,-863561536.0,24965.0,0,0.0,0.0,0.0,0.0,0.0,0.0,2410.012
2410052161,2,416059520.0,-863561536.0,24965.0,0,0.0,0.0,0.0,0.0,0.0,0.0,2410.052
2410084450,2,416059488.0,-863561536.0,24965.0,0,0.0,0.0,0.0,0.0,0.0,0.0,2410.084
2410126199,2,416059456.0,-863561536.0,24965.0,0,0.0,0.0,0.0,0.0,0.0,0.0,2410.126
2410167312,2,416059424.0,-863561536.0,24965.0,0,0.0,0.0,0.0,0.0,0.0,0.0,2410.167
2410206990,2,416059424.0,-863561536.0,24965.0,0,0.0,0.0,0.0,0.0,0.0,0.0,2410.207
2410247061,2,416059392.0,-863561536.0,24965.0,0,0.0,0.0,0.0,0.0,0.0,0.0,2410.247
2410287320,2,416059360.0,-863561536.0,24965.0,0,0.0,0.0,0.0,0.0,0.0,0.0,2410.287
2410326130,2,416059328.0,-863561536.0,24965.0,0,0.0,0.0,0.0,0.0,0.0,0.0,2410.326
2410367290,2,416059296.0,-863561536.0,24965.0,0,0.0,0.0,0.0,0.0,0.0,0.0,2410.367
2410406992,2,416059264.0,-863561536.0,24965.0,0,0.0,0.0,0.0,0.0,0.0,0.0,2410.407
2410450891,2,416059264.0,-863561536.0,24965.0,0,0.0,0.0,0.0,0.0,0.0,0.0,2410.451
2410489690,2,416059232.0,-863561536.0,24965.0,0,0.0,0.0,0.0,0.0,0.0,0.0,2410.49
2410527358,2,416059200.0,-863561536.0,24965.0,0,0.0,0.0,0.0,0.0,0.0,0.0,2410.527
2410567187,2,416059168.0,-863561536.0,24965.0,0,0.0,0.0,0.0,0.0,0.0,0.0,2410.567
2410609558,2,416059136.0,-863561536.0,24965.0,0,0.0,0.0,0.0,0.0,0.0,0.0,2410.61
2410650446,2,416059136.0,-863561536.0,24965.0,0,0.0,0.0,0.0,0.0,0.0,0.0,2410.65
2410689615,2,416059104.0,-863561536.0,24965.0,0,0.0,0.0,0.0,0.0,0.0,0.0,2410.69
2410729861,2,416059072.0,-863561536.0,24965.0,0,0.0,0.0,0.0,0.0,0.0,0.0,2410.73
2410769498,2,416059040.0,-863561536.0,24965.0,0,0.0,0.0,0.0,0.0,0.0,0.0,2410.769
2410809684,2,416059008.0,-863561536.0,24965.0,0,0.0,0.0,0.0,0.0,0.0,0.0,2410.81
2410852258,2,416059008.0,-863561536.0,24965.0,0,0.0,0.0,0.0,0.0,0.0,0.0,2410.852
2410889686,2,416058976.0,-863561536.0,24965.0,0,0.0,0.0,0.0,0.0,0.0,0.0,2410.89
2410929849,2,416058944.0,-863561536.0,24965.0,0,0.0,0.0,0.0,0.0,0.0,0.0,2410.93
2410969473,2,416058912.0,-863561536.0,24965.0,0,0.0,0.0,0.0,0.0,0.0,0.0,2410.969
2411009628,2,416058912.0,-863561536.0,24965.0,0,0.0,0.0,0.0,0.0,0.0,0.0,2411.01
2411055353,2,416058880.0,-863561536.0,24965.0,0,0.0,0.0,0.0,0.0,0.0,0.0,2411.055
2411089634,2,416058848.0,-863561536.0,24965.0,0,0.0,0.0,0.0,0.0,0.0,0.0,2411.09
2411132020,2,416058816.0,-863561536.0,24965.0,0,0.0,0.0,0.0,0.0,0.0,0.0,2411.132
2411179776,2,416058816.0,-863561536.0,24965.0,0,0.0,0.0,0.0,0.0,0.0,0.0,2411.18
2411226050,2,416058784.0,-863561536.0,24965.0,0,0.0,0.0,0.0,0.0,0.0,0.0,2411.226
2411254722,2,416058752.0,-863561536.0,24965.0,0,0.0,0.0,0.0,0.0,0.0,0.0,2411.255
2411292222,2,416058752.0,-863561536.0,24965.0,0,0.0,0.0,0.0,0.0,0.0,0.0,2411.292
2411334479,2,416058720.0,-863561536.0,24965.0,0,0.0,0.0,0.0,0.0,0.0,0.0,2411.334
2411374911,2,416058688.0,-863561536.0,24965.0,0,0.0,0.0,0.0,0.0,0.0,0.0,2411.375
2411416072,2,416058688.0,-863561536.0,24965.0,0,0.0,0.0,0.0,0.0,0.0,0.0,2411.416
2411452728,2,416058656.0,-863561536.0,24965.0,0,0.0,0.0,0.0,0.0,0.0,0.0,2411.453
2411494493,2,416058624.0,-863561536.0,24965.0,0,0.0,0.0,0.0,0.0,0.0,0.0,2411.494
2411537175,2,416058624.0,-863561536.0,24965.0,0,0.0,0.0,0.0,0.0,0.0,0.0,2411.537
2411574850,2,416058592.0,-863561536.0,24965.0,0,0.0,0.0,0.0,0.0,0.0,0.0,2411.575
2411616055,2,416058560.0,-863561536.0,24965.0,0,0.0,0.0,0.0,0.0,0.0,0.0,2411.616
2411654855,2,416058560.0,-863561536.0,24965.0,0,0.0,0.0,0.0,0.0,0.0,0.0,2411.655
2411694434,2,416058528.0,-863561536.0,24965.0,0,0.0,0.0,0.0,0.0,0.0,0.0,2411.694
2411744486,2,416058528.0,-863561536.0,24965.0,0,0.0,0.0,0.0,0.0,0.0,0.0,2411.744
2411774970,2,416058496.0,-863561536.0,24965.0,0,0.0,0.0,0.0,0.0,0.0,0.0,2411.775
2411816016,2,416058496.0,-863561536.0,24965.0,0,0.0,0.0,0.0,0.0,0.0,0.0,2411.816
2411859491,2,416058464.0,-863561536.0,24965.0,0,0.0,0.0,0.0,0.0,0.0,0.0,2411.859
2411897078,2,416058432.0,-863561536.0,24965.0,0,0.0,0.0,0.0,0.0,0.0,0.0,2411.897
2411937247,2,416058432.0,-863561536.0,24965.0,0,0.0,0.0,0.0,0.0,0.0,0.0,2411.937
2411977367,2,416058400.0,-863561536.0,24965.0,0,0.0,0.0,0.0,0.0,0.0,0.0,2411.977
2412018621,2,416058400.0,-863561536.0,24965.0,0,0.0,0.0,0.0,0.0,0.0,0.0,2412.019
2412062243,2,416058368.0,-863561536.0,24965.0,0,0.0,0.0,0.0,0.0,0.0,0.0,2412.062
2412096949,2,416058368.0,-863561536.0,24965.0,0,0.0,0.0,0.0,0.0,0.0,0.0,2412.097
2412137281,2,416058336.0,-863561536.0,24965.0,0,0.0,0.0,0.0,0.0,0.0,0.0,2412.137
2412179906,2,416058336.0,-863561536.0,24965.0,0,0.0,0.0,0.0,0.0,0.0,0.0,2412.18
2412218511,2,416058304.0,-863561536.0,24965.0,0,0.0,0.0,0.0,0.0,0.0,0.0,2412.219
2412256951,2,416058272.0,-863561536.0,24965.0,0,0.0,0.0,0.0,0.0,0.0,0.0,2412.257
2412296982,2,416058272.0,-863561536.0,24965.0,0,0.0,0.0,0.0,0.0,0.0,0.0,2412.297
2412339715,2,416058240.0,-863561536.0,24965.0,0,0.0,0.0,0.0,0.0,0.0,0.0,2412.34
2412379786,2,416058240.0,-863561536.0,24965.0,0,0.0,0.0,0.0,0.0,0.0,0.0,2412.38
2412419593,2,416058208.0,-863561536.0,24965.0,0,0.0,0.0,0.0,0.0,0.0,0.0,2412.42
2412459517,2,416058208.0,-863561536.0,24965.0,0,0.0,0.0,0.0,0.0,0.0,0.0,2412.46
2412499757,2,416058176.0,-863561536.0,24965.0,0,0.0,0.0,0.0,0.0,0.0,0.0,2412.5
2412539729,2,416058176.0,-863561536.0,24965.0,0,0.0,0.0,0.0,0.0,0.0,0.0,2412.54
2412579787,2,416058144.0,-863561536.0,24965.0,0,0.0,0.0,0.0,0.0,0.0,0.0,2412.58
2412618675,2,416058144.0,-863561536.0,24965.0,0,0.0,0.0,0.0,0.0,0.0,0.0,2412.619
2412659536,2,416058112.0,-863561536.0,24965.0,0,0.0,0.0,0.0,0.0,0.0,0.0,2412.66
2412699839,2,416058112.0,-863561536.0,24965.0,0,0.0,0.0,0.0,0.0,0.0,0.0,2412.7
2412746944,2,416058080.0,-863561536.0,24965.0,0,0.0,0.0,0.0,0.0,0.0,0.0,2412.747
2412779804,2,416058080.0,-863561536.0,24965.0,0,0.0,0.0,0.0,0.0,0.0,0.0,2412.78
2412819498,2,416058048.0,-863561536.0,24965.0,0,0.0,0.0,0.0,0.0,0.0,0.0,2412.819
2412864837,2,416058048.0,-863561536.0,24965.0,0,0.0,0.0,0.0,0.0,0.0,0.0,2412.865
2412902273,2,416058048.0,-863561536.0,24965.0,0,0.0,0.0,0.0,0.0,0.0,0.0,2412.902
2412942194,2,416058016.0,-863561536.0,24965.0,0,0.0,0.0,0.0,0.0,0.0,0.0,2412.942
2412981934,2,416058016.0,-863561536.0,24965.0,0,0.0,0.0,0.0,0.0,0.0,0.0,2412.982
2413022031,2,416057984.0,-863561536.0,24965.0,0,0.0,0.0,0.0,0.0,0.0,0.0,2413.022
2413067282,2,416057984.0,-863561536.0,24965.0,0,0.0,0.0,0.0,0.0,0.0,0.0,2413.067
2413102215,2,416057952.0,-863561536.0,24965.0,0,0.0,0.0,0.0,0.0,0.0,0.0,2413.102
2413142191,2,416057952.0,-863561536.0,24965.0,0,0.0,0.0,0.0,0.0,0.0,0.0,2413.142
2413184447,2,416057920.0,-863561536.0,24965.0,0,0.0,0.0,0.0,0.0,0.0,0.0,2413.184
2413226150,2,416057920.0,-863561536.0,24965.0,0,0.0,0.0,0.0,0.0,0.0,0.0,2413.226
2413262311,2,416057888.0,-863561536.0,24965.0,0,0.0,0.0,0.0,0.0,0.0,0.0,2413.262
2413304959,2,416057888.0,-863561536.0,24965.0,0,0.0,0.0,0.0,0.0,0.0,0.0,2413.305
2413344516,2,416057856.0,-863561536.0,24965.0,0,0.0,0.0,0.0,0.0,0.0,0.0,2413.345
2413384460,2,416057856.0,-863561536.0,24964.0,0,0.0,0.0,0.0,0.0,0.0,0.0,2413.384
2413426132,2,416057824.0,-863561536.0,24964.0,0,0.0,0.0,0.0,0.0,0.0,0.0,2413.426
2413464884,2,416057824.0,-863561536.0,24964.0,0,0.0,0.0,0.0,0.0,0.0,0.0,2413.465
2413504882,2,416057792.0,-863561536.0,24964.0,0,0.0,0.0,0.0,0.0,0.0,0.0,2413.505
2413544559,2,416057792.0,-863561536.0,24964.0,0,0.0,0.0,0.0,0.0,0.0,0.0,2413.545
2413587393,2,416057760.0,-863561536.0,24964.0,0,0.0,0.0,0.0,0.0,0.0,0.0,2413.587
2413626042,2,416057760.0,-863561536.0,24964.0,0,0.0,0.0,0.0,0.0,0.0,0.0,2413.626
2413664868,2,416057728.0,-863561536.0,24964.0,0,0.0,0.0,0.0,0.0,0.0,0.0,2413.665
2413706943,2,416057728.0,-863561536.0,24964.0,0,0.0,0.0,0.0,0.0,0.0,0.0,2413.707
2413744491,2,416057728.0,-863561536.0,24964.0,0,0.0,0.0,0.0,0.0,0.0,0.0,2413.744
2413784426,2,416057696.0,-863561536.0,24964.0,0,0.0,0.0,0.0,0.0,0.0,0.0,2413.784
2413826077,2,416057664.0,-863561536.0,24964.0,0,0.0,0.0,0.0,0.0,0.0,0.0,2413.826
2413869556,2,416057664.0,-863561536.0,24964.0,0,0.0,0.0,0.0,0.0,0.0,0.0,2413.87
2413904937,2,416057664.0,-863561536.0,24964.0,0,0.0,0.0,0.0,0.0,0.0,0.0,2413.905
2413944566,2,416057632.0,-863561536.0,24964.0,0,0.0,0.0,0.0,0.0,0.0,0.0,2413.945
2413984431,2,416057600.0,-863561536.0,24964.0,0,0.0,0.0,0.0,0.0,0.0,0.0,2413.984
2414026135,2,416057600.0,-863561536.0,24964.0,0,0.0,0.0,0.0,0.0,0.0,0.0,2414.026
2414072025,2,416057568.0,-863561536.0,24964.0,0,0.0,0.0,0.0,0.0,0.0,0.0,2414.072
2414107012,2,416057568.0,-863561536.0,24964.0,0,0.0,0.0,0.0,0.0,0.0,0.0,2414.107
2414146984,2,416057536.0,-863561536.0,24964.0,0,0.0,0.0,0.0,0.0,0.0,0.0,2414.147
2414187366,2,416057536.0,-863561536.0,24964.0,0,0.0,0.0,0.0,0.0,0.0,0.0,2414.187
2414227284,2,416057504.0,-863561536.0,24964.0,0,0.0,0.0,0.0,0.0,0.0,0.0,2414.227
2414267247,2,416057504.0,-863561536.0,24964.0,0,0.0,0.0,0.0,0.0,0.0,0.0,2414.267
2414306979,2,416057472.0,-863561536.0,24964.0,0,0.0,0.0,0.0,0.0,0.0,0.0,2414.307
2414349789,2,416057472.0,-863561536.0,24964.0,0,0.0,0.0,0.0,0.0,0.0,0.0,2414.35
2414387460,2,416057440.0,-863561536.0,24964.0,0,0.0,0.0,0.0,0.0,0.0,0.0,2414.387
2414430733,2,416057440.0,-863561536.0,24964.0,0,0.0,0.0,0.0,0.0,0.0,0.0,2414.431
2414471997,2,416057408.0,-863561536.0,24964.0,0,0.0,0.0,0.0,0.0,0.0,0.0,2414.472
2414509456,2,416057408.0,-863561536.0,24964.0,0,0.0,0.0,0.0,0.0,0.0,0.0,2414.509
2414552124,2,416057376.0,-863561536.0,24964.0,0,0.0,0.0,0.0,0.0,0.0,0.0,2414.552
2414589761,2,416057376.0,-863561536.0,24964.0,0,0.0,0.0,0.0,0.0,0.0,0.0,2414.59
2414630693,2,416057344.0,-863561536.0,24964.0,0,0.0,0.0,0.0,0.0,0.0,0.0,2414.631
2414681935,2,416057344.0,-863561536.0,24964.0,0,0.0,0.0,0.0,0.0,0.0,0.0,2414.682
2414722048,2,416057312.0,-863561536.0,24964.0,0,0.0,0.0,0.0,0.0,0.0,0.0,2414.722
2414759448,2,416057280.0,-863561536.0,24964.0,0,0.0,0.0,0.0,0.0,0.0,0.0,2414.759
2414807004,2,416057280.0,-863561536.0,24964.0,0,0.0,0.0,0.0,0.0,0.0,0.0,2414.807
2414844433,2,416057248.0,-863561536.0,24964.0,0,0.0,0.0,0.0,0.0,0.0,0.0,2414.844
2414884450,2,416057248.0,-863561536.0,24964.0,0,0.0,0.0,0.0,0.0,0.0,0.0,2414.884
2414919541,2,416057216.0,-863561536.0,24964.0,0,0.0,0.0,0.0,0.0,0.0,0.0,2414.92
2414962353,2,416057216.0,-863561536.0,24964.0,0,0.0,0.0,0.0,0.0,0.0,0.0,2414.962
2415018585,2,416057184.0,-863561536.0,24964.0,0,0.0,0.0,0.0,0.0,0.0,0.0,2415.019
2415047018,2,416057184.0,-863561536.0,24964.0,0,0.0,0.0,0.0,0.0,0.0,0.0,2415.047
2415087307,2,416057152.0,-863561536.0,24964.0,0,0.0,0.0,0.0,0.0,0.0,0.0,2415.087
2415126153,2,416057152.0,-863561536.0,24964.0,0,0.0,0.0,0.0,0.0,0.0,0.0,2415.126
2415164687,2,416057120.0,-863561536.0,24964.0,0,0.0,0.0,0.0,0.0,0.0,0.0,2415.165
2415212324,2,416057120.0,-863561536.0,24964.0,0,0.0,0.0,0.0,0.0,0.0,0.0,2415.212
2415250333,2,416057088.0,-863561536.0,24964.0,0,0.0,0.0,0.0,0.0,0.0,0.0,2415.25
2415287272,2,416057088.0,-863561536.0,24964.0,0,0.0,0.0,0.0,0.0,0.0,0.0,2415.287
2415327327,2,416057056.0,-863561536.0,24964.0,0,0.0,0.0,0.0,0.0,0.0,0.0,2415.327
2415369397,2,416057056.0,-863561536.0,24964.0,0,0.0,0.0,0.0,0.0,0.0,0.0,2415.369
2415412329,2,416057024.0,-863561536.0,24964.0,0,0.0,0.0,0.0,0.0,0.0,0.0,2415.412
2415446950,2,416057024.0,-863561536.0,24964.0,0,0.0,0.0,0.0,0.0,0.0,0.0,2415.447
2415487417,2,416056992.0,-863561536.0,24964.0,0,0.0,0.0,0.0,0.0,0.0,0.0,2415.487
2415527316,2,416056992.0,-863561536.0,24964.0,0,0.0,0.0,0.0,0.0,0.0,0.0,2415.527
2415567329,2,416056960.0,-863561536.0,24964.0,0,0.0,0.0,0.0,0.0,0.0,0.0,2415.567
2415615967,2,416056960.0,-863561536.0,24964.0,0,0.0,0.0,0.0,0.0,0.0,0.0,2415.616
2415651061,2,416056960.0,-863561536.0,24964.0,0,0.0,0.0,0.0,0.0,0.0,0.0,2415.651
2415689804,2,416056928.0,-863561536.0,24964.0,0,0.0,0.0,0.0,0.0,0.0,0.0,2415.69
2415729860,2,416056928.0,-863561536.0,24964.0,0,0.0,0.0,0.0,0.0,0.0,0.0,2415.73
2415769476,2,416056896.0,-863561536.0,24964.0,0,0.0,0.0,0.0,0.0,0.0,0.0,2415.769
2415812332,2,416056896.0,-863561536.0,24964.0,0,0.0,0.0,0.0,0.0,0.0,0.0,2415.812
2415850412,2,416056864.0,-863561536.0,24964.0,0,0.0,0.0,0.0,0.0,0.0,0.0,2415.85
2415894550,2,416056864.0,-863561536.0,24964.0,0,0.0,0.0,0.0,0.0,0.0,0.0,2415.895
2415929901,2,416056832.0,-863561536.0,24964.0,0,0.0,0.0,0.0,0.0,0.0,0.0,2415.93
2415971964,2,416056832.0,-863561536.0,24964.0,0,0.0,0.0,0.0,0.0,0.0,0.0,2415.972
2416019460,2,416056832.0,-863561536.0,24964.0,0,0.0,0.0,0.0,0.0,0.0,0.0,2416.019
2416052140,2,416056800.0,-863561536.0,24964.0,0,0.0,0.0,0.0,0.0,0.0,0.0,2416.052
2416096973,2,416056800.0,-863561536.0,24964.0,0,0.0,0.0,0.0,0.0,0.0,0.0,2416.097
2416131927,2,416056768.0,-863561536.0,24964.0,0,0.0,0.0,0.0,0.0,0.0,0.0,2416.132
2416171924,2,416056768.0,-863561536.0,24964.0,0,0.0,0.0,0.0,0.0,0.0,0.0,2416.172
2416218669,2,416056768.0,-863561536.0,24964.0,0,0.0,0.0,0.0,0.0,0.0,0.0,2416.219
2416254753,2,416056736.0,-863561536.0,24964.0,0,0.0,0.0,0.0,0.0,0.0,0.0,2416.255
2416292252,2,416056736.0,-863561536.0,24964.0,0,0.0,0.0,0.0,0.0,0.0,0.0,2416.292
2416334471,2,416056736.0,-863561536.0,24964.0,0,0.0,0.0,0.0,0.0,0.0,0.0,2416.334
2416374881,2,416056704.0,-863561536.0,24964.0,0,0.0,0.0,0.0,0.0,0.0,0.0,2416.375
2416416099,2,416056704.0,-863561536.0,24964.0,0,0.0,0.0,0.0,0.0,0.0,0.0,2416.416
2416454767,2,416056704.0,-863561536.0,24964.0,0,0.0,0.0,0.0,0.0,0.0,0.0,2416.455
2416494445,2,416056672.0,-863561536.0,24964.0,0,0.0,0.0,0.0,0.0,0.0,0.0,2416.494
2416537337,2,416056672.0,-863561536.0,24964.0,0,0.0,0.0,0.0,0.0,0.0,0.0,2416.537
2416574841,2,416056672.0,-863561536.0,24964.0,0,0.0,0.0,0.0,0.0,0.0,0.0,2416.575
2416616112,2,416056640.0,-863561536.0,24964.0,0,0.0,0.0,0.0,0.0,0.0,0.0,2416.616
2416657041,2,416056640.0,-863561536.0,24964.0,0,0.0,0.0,0.0,0.0,0.0,0.0,2416.657
2416696972,2,416056640.0,-863561536.0,24964.0,0,0.0,0.0,0.0,0.0,0.0,0.0,2416.697
2416737233,2,416056640.0,-863561536.0,24964.0,0,0.0,0.0,0.0,0.0,0.0,0.0,2416.737
2416777319,2,416056608.0,-863561536.0,24964.0,0,0.0,0.0,0.0,0.0,0.0,0.0,2416.777
2416818591,2,416056608.0,-863561536.0,24964.0,0,0.0,0.0,0.0,0.0,0.0,0.0,2416.819
2416859605,2,416056608.0,-863561536.0,24964.0,0,0.0,0.0,0.0,0.0,0.0,0.0,2416.86
2416905144,2,416056576.0,-863561536.0,24964.0,0,0.0,0.0,0.0,0.0,0.0,0.0,2416.905
2416939680,2,416056576.0,-863561536.0,24964.0,0,0.0,0.0,0.0,0.0,0.0,0.0,2416.94
2416979796,2,416056576.0,-863561536.0,24964.0,0,0.0,0.0,0.0,0.0,0.0,0.0,2416.98
2417019534,2,416056576.0,-863561536.0,24964.0,0,0.0,0.0,0.0,0.0,0.0,0.0,2417.02
2417059554,2,416056544.0,-863561536.0,24964.0,0,0.0,0.0,0.0,0.0,0.0,0.0,2417.06
2417107032,2,416056544.0,-863561536.0,24964.0,0,0.0,0.0,0.0,0.0,0.0,0.0,2417.107
2417139689,2,416056544.0,-863561536.0,24964.0,0,0.0,0.0,0.0,0.0,0.0,0.0,2417.14
2417179723,2,416056544.0,-863561536.0,24964.0,0,0.0,0.0,0.0,0.0,0.0,0.0,2417.18
2417222106,2,416056512.0,-863561536.0,24964.0,0,0.0,0.0,0.0,0.0,0.0,0.0,2417.222
2417259487,2,416056512.0,-863561536.0,24964.0,0,0.0,0.0,0.0,0.0,0.0,0.0,2417.259
2417302154,2,416056512.0,-863561536.0,24964.0,0,0.0,0.0,0.0,0.0,0.0,0.0,2417.302
2417342253,2,416056512.0,-863561536.0,24964.0,0,0.0,0.0,0.0,0.0,0.0,0.0,2417.342
2417381970,2,416056512.0,-863561536.0,24964.0,0,0.0,0.0,0.0,0.0,0.0,0.0,2417.382
2417422119,2,416056480.0,-863561536.0,24964.0,0,0.0,0.0,0.0,0.0,0.0,0.0,2417.422
2417462226,2,416056480.0,-863561536.0,24964.0,0,0.0,0.0,0.0,0.0,0.0,0.0,2417.462
2417504870,2,416056480.0,-863561536.0,24964.0,0,0.0,0.0,0.0,0.0,0.0,0.0,2417.505
2417542231,2,416056480.0,-863561536.0,24964.0,0,0.0,0.0,0.0,0.0,0.0,0.0,2417.542
2417581965,2,416056448.0,-863561536.0,24964.0,0,0.0,0.0,0.0,0.0,0.0,0.0,2417.582
2417622062,2,416056448.0,-863561536.0,24964.0,0,0.0,0.0,0.0,0.0,0.0,0.0,2417.622
2417662292,2,416056448.0,-863561536.0,24964.0,0,0.0,0.0,0.0,0.0,0.0,0.0,2417.662
2417702191,2,416056448.0,-863561536.0,24964.0,0,0.0,0.0,0.0,0.0,0.0,0.0,2417.702
2417756923,2,416056448.0,-863561536.0,24964.0,0,0.0,0.0,0.0,0.0,0.0,0.0,2417.757
2417784530,2,416056416.0,-863561536.0,24964.0,0,0.0,0.0,0.0,0.0,0.0,0.0,2417.785
2417827293,2,416056416.0,-863561536.0,24964.0,0,0.0,0.0,0.0,0.0,0.0,0.0,2417.827
2417864827,2,416056416.0,-863561536.0,24964.0,0,0.0,0.0,0.0,0.0,0.0,0.0,2417.865
2417909484,2,416056416.0,-863561536.0,24964.0,0,0.0,0.0,0.0,0.0,0.0,0.0,2417.909
2417944458,2,416056416.0,-863561536.0,24964.0,0,0.0,0.0,0.0,0.0,0.0,0.0,2417.944
2417984520,2,416056384.0,-863561536.0,24964.0,0,0.0,0.0,0.0,0.0,0.0,0.0,2417.985
2418026169,2,416056384.0,-863561536.0,24964.0,0,0.0,0.0,0.0,0.0,0.0,0.0,2418.026
2418067235,2,416056384.0,-863561536.0,24964.0,0,0.0,0.0,0.0,0.0,0.0,0.0,2418.067
2418109497,2,416056384.0,-863561536.0,24964.0,0,0.0,0.0,0.0,0.0,0.0,0.0,2418.109
2418146968,2,416056352.0,-863561536.0,24964.0,0,0.0,0.0,0.0,0.0,0.0,0.0,2418.147
2418187505,2,416056352.0,-863561536.0,24964.0,0,0.0,0.0,0.0,0.0,0.0,0.0,2418.188
2418226170,2,416056352.0,-863561536.0,24964.0,0,0.0,0.0,0.0,0.0,0.0,0.0,2418.226
2418267258,2,416056352.0,-863561536.0,24964.0,0,0.0,0.0,0.0,0.0,0.0,0.0,2418.267
2418306934,2,416056352.0,-863561536.0,24964.0,0,0.0,0.0,0.0,0.0,0.0,0.0,2418.307
2418347056,2,416056320.0,-863561536.0,24964.0,0,0.0,0.0,0.0,0.0,0.0,0.0,2418.347
2418387445,2,416056320.0,-863561536.0,24964.0,0,0.0,0.0,0.0,0.0,0.0,0.0,2418.387
2418426011,2,416056320.0,-863561536.0,24964.0,0,0.0,0.0,0.0,0.0,0.0,0.0,2418.426
2418467309,2,416056320.0,-863561536.0,24964.0,0,0.0,0.0,0.0,0.0,0.0,0.0,2418.467
2418509576,2,416056320.0,-863561536.0,24964.0,0,0.0,0.0,0.0,0.0,0.0,0.0,2418.51
2418546961,2,416056288.0,-863561536.0,24964.0,0,0.0,0.0,0.0,0.0,0.0,0.0,2418.547
2418587389,2,416056288.0,-863561536.0,24964.0,0,0.0,0.0,0.0,0.0,0.0,0.0,2418.587
2418631087,2,416056288.0,-863561536.0,24964.0,0,0.0,0.0,0.0,0.0,0.0,0.0,2418.631
2418669443,2,416056288.0,-863561536.0,24964.0,0,0.0,0.0,0.0,0.0,0.0,0.0,2418.669
2418709525,2,416056256.0,-863561536.0,24964.0,0,0.0,0.0,0.0,0.0,0.0,0.0,2418.71
2418754808,2,416056256.0,-863561536.0,24964.0,0,0.0,0.0,0.0,0.0,0.0,0.0,2418.755
2418789877,2,416056256.0,-863561536.0,24964.0,0,0.0,0.0,0.0,0.0,0.0,0.0,2418.79
2418830944,2,416056256.0,-863561536.0,24964.0,0,0.0,0.0,0.0,0.0,0.0,0.0,2418.831
2418872072,2,416056224.0,-863561536.0,24964.0,0,0.0,0.0,0.0,0.0,0.0,0.0,2418.872
2418918578,2,416056224.0,-863561536.0,24964.0,0,0.0,0.0,0.0,0.0,0.0,0.0,2418.919
2418956960,2,416056224.0,-863561536.0,24964.0,0,0.0,0.0,0.0,0.0,0.0,0.0,2418.957
2418999823,2,416056192.0,-863561536.0,24964.0,0,0.0,0.0,0.0,0.0,0.0,0.0,2419.0
2419037774,2,416056192.0,-863561536.0,24964.0,0,0.0,0.0,0.0,0.0,0.0,0.0,2419.038
2419077883,2,416056192.0,-863561536.0,24964.0,0,0.0,0.0,0.0,0.0,0.0,0.0,2419.078
2419126130,2,416056192.0,-863561536.0,24964.0,0,0.0,0.0,0.0,0.0,0.0,0.0,2419.126
2419159451,2,416056160.0,-863561536.0,24964.0,0,0.0,0.0,0.0,0.0,0.0,0.0,2419.159
2419204758,2,416056160.0,-863561536.0,24964.0,0,0.0,0.0,0.0,0.0,0.0,0.0,2419.205
2419242207,2,416056160.0,-863561536.0,24964.0,0,0.0,0.0,0.0,0.0,0.0,0.0,2419.242
2419284523,2,416056128.0,-863561536.0,24964.0,0,0.0,0.0,0.0,0.0,0.0,0.0,2419.285
2419319560,2,416056128.0,-863561536.0,24964.0,0,0.0,0.0,0.0,0.0,0.0,0.0,2419.32
2419359455,2,416056128.0,-863561536.0,24964.0,0,0.0,0.0,0.0,0.0,0.0,0.0,2419.359
2419399809,2,416056128.0,-863561536.0,24964.0,0,0.0,0.0,0.0,0.0,0.0,0.0,2419.4
2419442307,2,416056096.0,-863561536.0,24964.0,0,0.0,0.0,0.0,0.0,0.0,0.0,2419.442
2419479810,2,416056096.0,-863561536.0,24964.0,0,0.0,0.0,0.0,0.0,0.0,0.0,2419.48
2419519343,2,416056096.0,-863561536.0,24964.0,0,0.0,0.0,0.0,0.0,0.0,0.0,2419.519
2419559550,2,416056064.0,-863561536.0,24964.0,0,0.0,0.0,0.0,0.0,0.0,0.0,2419.56
2419599735,2,416056064.0,-863561536.0,24964.0,0,0.0,0.0,0.0,0.0,0.0,0.0,2419.6
2419642221,2,416056064.0,-863561536.0,24964.0,0,0.0,0.0,0.0,0.0,0.0,0.0,2419.642
2419679805,2,416056032.0,-863561536.0,24964.0,0,0.0,0.0,0.0,0.0,0.0,0.0,2419.68
2419721965,2,416056032.0,-863561536.0,24964.0,0,0.0,0.0,0.0,0.0,0.0,0.0,2419.722
2419762292,2,416056032.0,-863561536.0,24964.0,0,0.0,0.0,0.0,0.0,0.0,0.0,2419.762
2419802193,2,416056032.0,-863561536.0,24964.0,0,0.0,0.0,0.0,0.0,0.0,0.0,2419.802
2419844488,2,416056000.0,-863561536.0,24964.0,0,0.0,0.0,0.0,0.0,0.0,0.0,2419.844
2419884408,2,416056000.0,-863561536.0,24964.0,0,0.0,0.0,0.0,0.0,0.0,0.0,2419.884
2419926044,2,416056000.0,-863561536.0,24964.0,0,0.0,0.0,0.0,0.0,0.0,0.0,2419.926
2419964765,2,416055968.0,-863561536.0,24964.0,0,0.0,0.0,0.0,0.0,0.0,0.0,2419.965
2420009600,2,416055968.0,-863561536.0,24964.0,0,0.0,0.0,0.0,0.0,0.0,0.0,2420.01
2420047010,2,416055968.0,-863561536.0,24964.0,0,0.0,0.0,0.0,0.0,0.0,0.0,2420.047
2420084426,2,416055936.0,-863561536.0,24964.0,0,0.0,0.0,0.0,0.0,0.0,0.0,2420.084
2420134422,2,416055936.0,-863561536.0,24964.0,0,0.0,0.0,0.0,0.0,0.0,0.0,2420.134
2420167314,2,416055936.0,-863561536.0,24964.0,0,0.0,0.0,0.0,0.0,0.0,0.0,2420.167
2420204783,2,416055936.0,-863561536.0,24964.0,0,0.0,0.0,0.0,0.0,0.0,0.0,2420.205
2420246932,2,416055904.0,-863561536.0,24964.0,0,0.0,0.0,0.0,0.0,0.0,0.0,2420.247
2420287302,2,416055904.0,-863561536.0,24964.0,0,0.0,0.0,0.0,0.0,0.0,0.0,2420.287
2420326138,2,416055904.0,-863561536.0,24964.0,0,0.0,0.0,0.0,0.0,0.0,0.0,2420.326
2420367250,2,416055872.0,-863561536.0,24964.0,0,0.0,0.0,0.0,0.0,0.0,0.0,2420.367
2420406957,2,416055872.0,-863561536.0,24964.0,0,0.0,0.0,0.0,0.0,0.0,0.0,2420.407
2420446955,2,416055872.0,-863561536.0,24964.0,0,0.0,0.0,0.0,0.0,0.0,0.0,2420.447
2420487248,2,416055872.0,-863561536.0,24964.0,0,0.0,0.0,0.0,0.0,0.0,0.0,2420.487
2420526045,2,416055840.0,-863561536.0,24964.0,0,0.0,0.0,0.0,0.0,0.0,0.0,2420.526
2420567270,2,416055840.0,-863561536.0,24964.0,0,0.0,0.0,0.0,0.0,0.0,0.0,2420.567
2420607007,2,416055840.0,-863561536.0,24964.0,0,0.0,0.0,0.0,0.0,0.0,0.0,2420.607
2420646966,2,416055840.0,-863561536.0,24964.0,0,0.0,0.0,0.0,0.0,0.0,0.0,2420.647
2420687411,2,416055808.0,-863561536.0,24964.0,0,0.0,0.0,0.0,0.0,0.0,0.0,2420.687
2420727296,2,416055808.0,-863561536.0,24964.0,0,0.0,0.0,0.0,0.0,0.0,0.0,2420.727
2420767234,2,416055808.0,-863561536.0,24964.0,0,0.0,0.0,0.0,0.0,0.0,0.0,2420.767
2420806978,2,416055808.0,-863561536.0,24964.0,0,0.0,0.0,0.0,0.0,0.0,0.0,2420.807
2420847017,2,416055776.0,-863561536.0,24964.0,0,0.0,0.0,0.0,0.0,0.0,0.0,2420.847
2420887339,2,416055776.0,-863561536.0,24964.0,0,0.0,0.0,0.0,0.0,0.0,0.0,2420.887
2420931942,2,416055776.0,-863561536.0,24964.0,0,0.0,0.0,0.0,0.0,0.0,0.0,2420.932
2420967288,2,416055776.0,-863561536.0,24964.0,0,0.0,0.0,0.0,0.0,0.0,0.0,2420.967
2421009444,2,416055776.0,-863561536.0,24964.0,0,0.0,0.0,0.0,0.0,0.0,0.0,2421.009
2421050345,2,416055744.0,-863561536.0,24964.0,0,0.0,0.0,0.0,0.0,0.0,0.0,2421.05
2421089757,2,416055744.0,-863561536.0,24964.0,0,0.0,0.0,0.0,0.0,0.0,0.0,2421.09
2421129905,2,416055744.0,-863561536.0,24964.0,0,0.0,0.0,0.0,0.0,0.0,0.0,2421.13
2421174882,2,416055744.0,-863561536.0,24964.0,0,0.0,0.0,0.0,0.0,0.0,0.0,2421.175
2421209552,2,416055744.0,-863561536.0,24964.0,0,0.0,0.0,0.0,0.0,0.0,0.0,2421.21
2421250363,2,416055712.0,-863561536.0,24964.0,0,0.0,0.0,0.0,0.0,0.0,0.0,2421.25
2421289635,2,416055712.0,-863561536.0,24964.0,0,0.0,0.0,0.0,0.0,0.0,0.0,2421.29
2421329874,2,416055712.0,-863561536.0,24964.0,0,0.0,0.0,0.0,0.0,0.0,0.0,2421.33
2421371940,2,416055712.0,-863561536.0,24964.0,0,0.0,0.0,0.0,0.0,0.0,0.0,2421.372
2421412302,2,416055712.0,-863561536.0,24964.0,0,0.0,0.0,0.0,0.0,0.0,0.0,2421.412
2421450360,2,416055712.0,-863561536.0,24964.0,0,0.0,0.0,0.0,0.0,0.0,0.0,2421.45
2421492260,2,416055712.0,-863561536.0,24964.0,0,0.0,0.0,0.0,0.0,0.0,0.0,2421.492
2421531899,2,416055680.0,-863561536.0,24964.0,0,0.0,0.0,0.0,0.0,0.0,0.0,2421.532
2421571937,2,416055680.0,-863561536.0,24964.0,0,0.0,0.0,0.0,0.0,0.0,0.0,2421.572
2421612294,2,416055680.0,-863561536.0,24964.0,0,0.0,0.0,0.0,0.0,0.0,0.0,2421.612
2421652250,2,416055680.0,-863561536.0,24964.0,0,0.0,0.0,0.0,0.0,0.0,0.0,2421.652
2421692300,2,416055680.0,-863561536.0,24964.0,0,0.0,0.0,0.0,0.0,0.0,0.0,2421.692
2421731921,2,416055680.0,-863561536.0,24964.0,0,0.0,0.0,0.0,0.0,0.0,0.0,2421.732
2421771970,2,416055680.0,-863561536.0,24964.0,0,0.0,0.0,0.0,0.0,0.0,0.0,2421.772
2421812369,2,416055680.0,-863561536.0,24964.0,0,0.0,0.0,0.0,0.0,0.0,0.0,2421.812
2421854827,2,416055680.0,-863561536.0,24964.0,0,0.0,0.0,0.0,0.0,0.0,0.0,2421.855
2421894488,2,416055680.0,-863561536.0,24964.0,0,0.0,0.0,0.0,0.0,0.0,0.0,2421.894
2421937298,2,416055680.0,-863561536.0,24964.0,0,0.0,0.0,0.0,0.0,0.0,0.0,2421.937
2421974804,2,416055680.0,-863561536.0,24964.0,0,0.0,0.0,0.0,0.0,0.0,0.0,2421.975
2422016068,2,416055680.0,-863561536.0,24964.0,0,0.0,0.0,0.0,0.0,0.0,0.0,2422.016
2422054780,2,416055648.0,-863561536.0,24964.0,0,0.0,0.0,0.0,0.0,0.0,0.0,2422.055
2422094549,2,416055648.0,-863561536.0,24964.0,0,0.0,0.0,0.0,0.0,0.0,0.0,2422.095
2422137237,2,416055648.0,-863561536.0,24964.0,0,0.0,0.0,0.0,0.0,0.0,0.0,2422.137
2422179768,2,416055648.0,-863561536.0,24964.0,0,0.0,0.0,0.0,0.0,0.0,0.0,2422.18
2422216118,2,416055648.0,-863561536.0,24964.0,0,0.0,0.0,0.0,0.0,0.0,0.0,2422.216
2422255261,2,416055648.0,-863561536.0,24964.0,0,0.0,0.0,0.0,0.0,0.0,0.0,2422.255
2422296947,2,416055648.0,-863561536.0,24964.0,0,0.0,0.0,0.0,0.0,0.0,0.0,2422.297
2422337220,2,416055648.0,-863561536.0,24964.0,0,0.0,0.0,0.0,0.0,0.0,0.0,2422.337
2422377248,2,416055648.0,-863561536.0,24964.0,0,0.0,0.0,0.0,0.0,0.0,0.0,2422.377
2422416117,2,416055648.0,-863561536.0,24964.0,0,0.0,0.0,0.0,0.0,0.0,0.0,2422.416
2422456947,2,416055648.0,-863561536.0,24964.0,0,0.0,0.0,0.0,0.0,0.0,0.0,2422.457
2422496975,2,416055648.0,-863561536.0,24964.0,0,0.0,0.0,0.0,0.0,0.0,0.0,2422.497
2422537200,2,416055648.0,-863561536.0,24964.0,0,0.0,0.0,0.0,0.0,0.0,0.0,2422.537
2422577347,2,416055648.0,-863561536.0,24964.0,0,0.0,0.0,0.0,0.0,0.0,0.0,2422.577
2422618589,2,416055648.0,-863561536.0,24964.0,0,0.0,0.0,0.0,0.0,0.0,0.0,2422.619
2422656988,2,416055648.0,-863561536.0,24964.0,0,0.0,0.0,0.0,0.0,0.0,0.0,2422.657
2422696995,2,416055648.0,-863561536.0,24964.0,0,0.0,0.0,0.0,0.0,0.0,0.0,2422.697
2422739692,2,416055648.0,-863561536.0,24964.0,0,0.0,0.0,0.0,0.0,0.0,0.0,2422.74
2422779830,2,416055648.0,-863561536.0,24964.0,0,0.0,0.0,0.0,0.0,0.0,0.0,2422.78
2422818544,2,416055648.0,-863561536.0,24964.0,0,0.0,0.0,0.0,0.0,0.0,0.0,2422.819
2422859484,2,416055648.0,-863561536.0,24964.0,0,0.0,0.0,0.0,0.0,0.0,0.0,2422.859
2422899796,2,416055648.0,-863561536.0,24964.0,0,0.0,0.0,0.0,0.0,0.0,0.0,2422.9
2422944488,2,416055648.0,-863561536.0,24964.0,0,0.0,0.0,0.0,0.0,0.0,0.0,2422.944
2422979901,2,416055648.0,-863561536.0,24964.0,0,0.0,0.0,0.0,0.0,0.0,0.0,2422.98
2423022008,2,416055648.0,-863561536.0,24964.0,0,0.0,0.0,0.0,0.0,0.0,0.0,2423.022
2423062252,2,416055648.0,-863561536.0,24964.0,0,0.0,0.0,0.0,0.0,0.0,0.0,2423.062
2423102197,2,416055648.0,-863561536.0,24964.0,0,0.0,0.0,0.0,0.0,0.0,0.0,2423.102
2423144523,2,416055648.0,-863561536.0,24964.0,0,0.0,0.0,0.0,0.0,0.0,0.0,2423.145
2423189600,2,416055648.0,-863561536.0,24964.0,0,0.0,0.0,0.0,0.0,0.0,0.0,2423.19
2423226047,2,416055648.0,-863561536.0,24964.0,0,0.0,0.0,0.0,0.0,0.0,0.0,2423.226
2423264783,2,416055648.0,-863561536.0,24964.0,0,0.0,0.0,0.0,0.0,0.0,0.0,2423.265
2423304984,2,416055648.0,-863561536.0,24964.0,0,0.0,0.0,0.0,0.0,0.0,0.0,2423.305
2423344613,2,416055648.0,-863561536.0,24964.0,0,0.0,0.0,0.0,0.0,0.0,0.0,2423.345
2423384411,2,416055648.0,-863561536.0,24964.0,0,0.0,0.0,0.0,0.0,0.0,0.0,2423.384
2423426058,2,416055648.0,-863561536.0,24964.0,0,0.0,0.0,0.0,0.0,0.0,0.0,2423.426
2423464838,2,416055648.0,-863561536.0,24964.0,0,0.0,0.0,0.0,0.0,0.0,0.0,2423.465
2423506929,2,416055648.0,-863561536.0,24964.0,0,0.0,0.0,0.0,0.0,0.0,0.0,2423.507
2423546968,2,416055648.0,-863561536.0,24964.0,0,0.0,0.0,0.0,0.0,0.0,0.0,2423.547
2423587470,2,416055648.0,-863561536.0,24964.0,0,0.0,0.0,0.0,0.0,0.0,0.0,2423.587
2423627311,2,416055648.0,-863561536.0,24964.0,0,0.0,0.0,0.0,0.0,0.0,0.0,2423.627
2423669450,2,416055648.0,-863561536.0,24964.0,0,0.0,0.0,0.0,0.0,0.0,0.0,2423.669
2423707002,2,416055648.0,-863561536.0,24964.0,0,0.0,0.0,0.0,0.0,0.0,0.0,2423.707
2423746991,2,416055648.0,-863561536.0,24964.0,0,0.0,0.0,0.0,0.0,0.0,0.0,2423.747
2423787255,2,416055648.0,-863561536.0,24964.0,0,0.0,0.0,0.0,0.0,0.0,0.0,2423.787
2423827315,2,416055648.0,-863561536.0,24964.0,0,0.0,0.0,0.0,0.0,0.0,0.0,2423.827
2423869451,2,416055648.0,-863561536.0,24964.0,0,0.0,0.0,0.0,0.0,0.0,0.0,2423.869
2423909455,2,416055648.0,-863561536.0,24964.0,0,0.0,0.0,0.0,0.0,0.0,0.0,2423.909
2423952214,2,416055648.0,-863561536.0,24964.0,0,0.0,0.0,0.0,0.0,0.0,0.0,2423.952
2423989757,2,416055648.0,-863561536.0,24964.0,0,0.0,0.0,0.0,0.0,0.0,0.0,2423.99
2424031166,2,416055648.0,-863561536.0,24964.0,0,0.0,0.0,0.0,0.0,0.0,0.0,2424.031
2424071916,2,416055616.0,-863561536.0,24964.0,0,0.0,0.0,0.0,0.0,0.0,0.0,2424.072
2424112338,2,416055616.0,-863561536.0,24964.0,0,0.0,0.0,0.0,0.0,0.0,0.0,2424.112
2424159413,2,416055616.0,-863561536.0,24964.0,0,0.0,0.0,0.0,0.0,0.0,0.0,2424.159
2424206984,2,416055616.0,-863561536.0,24964.0,0,0.0,0.0,0.0,0.0,0.0,0.0,2424.207
2424234470,2,416055616.0,-863561536.0,24964.0,0,0.0,0.0,0.0,0.0,0.0,0.0,2424.234
2424274866,2,416055616.0,-863561536.0,24964.0,0,0.0,0.0,0.0,0.0,0.0,0.0,2424.275
2424312348,2,416055616.0,-863561536.0,24964.0,0,0.0,0.0,0.0,0.0,0.0,0.0,2424.312
2424354760,2,416055616.0,-863561536.0,24964.0,0,0.0,0.0,0.0,0.0,0.0,0.0,2424.355
2424394434,2,416055616.0,-863561536.0,24964.0,0,0.0,0.0,0.0,0.0,0.0,0.0,2424.394
2424437228,2,416055616.0,-863561536.0,24964.0,0,0.0,0.0,0.0,0.0,0.0,0.0,2424.437
2424477848,2,416055616.0,-863561536.0,24964.0,0,0.0,0.0,0.0,0.0,0.0,0.0,2424.478
2424516139,2,416055616.0,-863561536.0,24964.0,0,0.0,0.0,0.0,0.0,0.0,0.0,2424.516
2424556937,2,416055616.0,-863561536.0,24964.0,0,0.0,0.0,0.0,0.0,0.0,0.0,2424.557
2424596969,2,416055584.0,-863561536.0,24964.0,0,0.0,0.0,0.0,0.0,0.0,0.0,2424.597
2424637814,2,416055584.0,-863561536.0,24964.0,0,0.0,0.0,0.0,0.0,0.0,0.0,2424.638
2424677838,2,416055584.0,-863561536.0,24964.0,0,0.0,0.0,0.0,0.0,0.0,0.0,2424.678
2424718505,2,416055584.0,-863561536.0,24964.0,0,0.0,0.0,0.0,0.0,0.0,0.0,2424.719
2424764740,2,416055584.0,-863561536.0,24964.0,0,0.0,0.0,0.0,0.0,0.0,0.0,2424.765
2424796966,2,416055584.0,-863561536.0,24964.0,0,0.0,0.0,0.0,0.0,0.0,0.0,2424.797
2424837794,2,416055584.0,-863561536.0,24964.0,0,0.0,0.0,0.0,0.0,0.0,0.0,2424.838
2424877877,2,416055584.0,-863561536.0,24964.0,0,0.0,0.0,0.0,0.0,0.0,0.0,2424.878
2424918604,2,416055584.0,-863561536.0,24964.0,0,0.0,0.0,0.0,0.0,0.0,0.0,2424.919
2424962248,2,416055584.0,-863561536.0,24964.0,0,0.0,0.0,0.0,0.0,0.0,0.0,2424.962
2424999765,2,416055584.0,-863561536.0,24964.0,0,0.0,0.0,0.0,0.0,0.0,0.0,2425.0
2425037288,2,416055584.0,-863561536.0,24964.0,0,0.0,0.0,0.0,0.0,0.0,0.0,2425.037
2425077890,2,416055552.0,-863561536.0,24964.0,0,0.0,0.0,0.0,0.0,0.0,0.0,2425.078
2425118627,2,416055552.0,-863561536.0,24964.0,0,0.0,0.0,0.0,0.0,0.0,0.0,2425.119
2425159452,2,416055552.0,-863561536.0,24964.0,0,0.0,0.0,0.0,0.0,0.0,0.0,2425.159
2425200046,2,416055552.0,-863561536.0,24964.0,0,0.0,0.0,0.0,0.0,0.0,0.0,2425.2
2425242232,2,416055552.0,-863561536.0,24964.0,0,0.0,0.0,0.0,0.0,0.0,0.0,2425.242
2425279785,2,416055552.0,-863561536.0,24964.0,0,0.0,0.0,0.0,0.0,0.0,0.0,2425.28
2425318589,2,416055552.0,-863561536.0,24964.0,0,0.0,0.0,0.0,0.0,0.0,0.0,2425.319
2425359458,2,416055552.0,-863561536.0,24964.0,0,0.0,0.0,0.0,0.0,0.0,0.0,2425.359
2425399800,2,416055552.0,-863561536.0,24964.0,0,0.0,0.0,0.0,0.0,0.0,0.0,2425.4
2425440220,2,416055552.0,-863561536.0,24964.0,0,0.0,0.0,0.0,0.0,0.0,0.0,2425.44
2425479842,2,416055552.0,-863561536.0,24964.0,0,0.0,0.0,0.0,0.0,0.0,0.0,2425.48
2425519483,2,416055552.0,-863561536.0,24964.0,0,0.0,0.0,0.0,0.0,0.0,0.0,2425.519
2425559449,2,416055552.0,-863561536.0,24964.0,0,0.0,0.0,0.0,0.0,0.0,0.0,2425.559
2425599788,2,416055552.0,-863561536.0,24964.0,0,0.0,0.0,0.0,0.0,0.0,0.0,2425.6
2425640184,2,416055552.0,-863561536.0,24964.0,0,0.0,0.0,0.0,0.0,0.0,0.0,2425.64
2425679916,2,416055552.0,-863561536.0,24964.0,0,0.0,0.0,0.0,0.0,0.0,0.0,2425.68
2425721946,2,416055552.0,-863561536.0,24964.0,0,0.0,0.0,0.0,0.0,0.0,0.0,2425.722
2425771950,2,416055552.0,-863561536.0,24964.0,0,0.0,0.0,0.0,0.0,0.0,0.0,2425.772
2425804690,2,416055552.0,-863561536.0,24964.0,0,0.0,0.0,0.0,0.0,0.0,0.0,2425.805
2425844429,2,416055552.0,-863561536.0,24964.0,0,0.0,0.0,0.0,0.0,0.0,0.0,2425.844
2425884501,2,416055552.0,-863561536.0,24964.0,0,0.0,0.0,0.0,0.0,0.0,0.0,2425.885
2425926106,2,416055552.0,-863561536.0,24963.0,0,0.0,0.0,0.0,0.0,0.0,0.0,2425.926
2425967292,2,416055552.0,-863561536.0,24963.0,0,0.0,0.0,0.0,0.0,0.0,0.0,2425.967
2426002204,2,416055552.0,-863561536.0,24963.0,0,0.0,0.0,0.0,0.0,0.0,0.0,2426.002
2426042315,2,416055552.0,-863561536.0,24963.0,0,0.0,0.0,0.0,0.0,0.0,0.0,2426.042
2426084399,2,416055552.0,-863561536.0,24963.0,0,0.0,0.0,0.0,0.0,0.0,0.0,2426.084
2426126035,2,416055552.0,-863561536.0,24963.0,0,0.0,0.0,0.0,0.0,0.0,0.0,2426.126
2426164708,2,416055552.0,-863561536.0,24963.0,0,0.0,0.0,0.0,0.0,0.0,0.0,2426.165
2426204710,2,416055552.0,-863561536.0,24963.0,0,0.0,0.0,0.0,0.0,0.0,0.0,2426.205
2426250475,2,416055552.0,-863561536.0,24963.0,0,0.0,0.0,0.0,0.0,0.0,0.0,2426.25
2426284434,2,416055552.0,-863561536.0,24963.0,0,0.0,0.0,0.0,0.0,0.0,0.0,2426.284
2426326027,2,416055552.0,-863561536.0,24963.0,0,0.0,0.0,0.0,0.0,0.0,0.0,2426.326
2426364699,2,416055552.0,-863561536.0,24963.0,0,0.0,0.0,0.0,0.0,0.0,0.0,2426.365
2426404743,2,416055552.0,-863561536.0,24963.0,0,0.0,0.0,0.0,0.0,0.0,0.0,2426.405
2426444521,2,416055552.0,-863561536.0,24963.0,0,0.0,0.0,0.0,0.0,0.0,0.0,2426.445
2426484424,2,416055552.0,-863561536.0,24963.0,0,0.0,0.0,0.0,0.0,0.0,0.0,2426.484
2426526071,2,416055552.0,-863561536.0,24963.0,0,0.0,0.0,0.0,0.0,0.0,0.0,2426.526
2426564739,2,416055552.0,-863561536.0,24963.0,0,0.0,0.0,0.0,0.0,0.0,0.0,2426.565
2426604806,2,416055552.0,-863561536.0,24963.0,0,0.0,0.0,0.0,0.0,0.0,0.0,2426.605
2426646939,2,416055552.0,-863561536.0,24963.0,0,0.0,0.0,0.0,0.0,0.0,0.0,2426.647
2426687270,2,416055552.0,-863561536.0,24963.0,0,0.0,0.0,0.0,0.0,0.0,0.0,2426.687
2426726010,2,416055552.0,-863561536.0,24963.0,0,0.0,0.0,0.0,0.0,0.0,0.0,2426.726
2426767247,2,416055552.0,-863561536.0,24963.0,0,0.0,0.0,0.0,0.0,0.0,0.0,2426.767
2426807027,2,416055552.0,-863561536.0,24963.0,0,0.0,0.0,0.0,0.0,0.0,0.0,2426.807
2426847017,2,416055552.0,-863561536.0,24963.0,0,0.0,0.0,0.0,0.0,0.0,0.0,2426.847
2426887291,2,416055552.0,-863561536.0,24963.0,0,0.0,0.0,0.0,0.0,0.0,0.0,2426.887
2426926101,2,416055552.0,-863561536.0,24963.0,0,0.0,0.0,0.0,0.0,0.0,0.0,2426.926
2426969452,2,416055552.0,-863561536.0,24963.0,0,0.0,0.0,0.0,0.0,0.0,0.0,2426.969
2427007091,2,416055552.0,-863561536.0,24963.0,0,0.0,0.0,0.0,0.0,0.0,0.0,2427.007
2427046971,2,416055552.0,-863561536.0,24963.0,0,0.0,0.0,0.0,0.0,0.0,0.0,2427.047
2427087205,2,416055552.0,-863561536.0,24963.0,0,0.0,0.0,0.0,0.0,0.0,0.0,2427.087
2427127284,2,416055552.0,-863561536.0,24963.0,0,0.0,0.0,0.0,0.0,0.0,0.0,2427.127
2427169485,2,416055552.0,-863561536.0,24963.0,0,0.0,0.0,0.0,0.0,0.0,0.0,2427.169
2427209453,2,416055552.0,-863561536.0,24963.0,0,0.0,0.0,0.0,0.0,0.0,0.0,2427.209
2427252200,2,416055552.0,-863561536.0,24963.0,0,0.0,0.0,0.0,0.0,0.0,0.0,2427.252
2427287284,2,416055552.0,-863561536.0,24963.0,0,0.0,0.0,0.0,0.0,0.0,0.0,2427.287
2427329944,2,416055552.0,-863561536.0,24963.0,0,0.0,0.0,0.0,0.0,0.0,0.0,2427.33
2427369551,2,416055552.0,-863561536.0,24963.0,0,0.0,0.0,0.0,0.0,0.0,0.0,2427.37
2427409507,2,416055552.0,-863561536.0,24963.0,0,0.0,0.0,0.0,0.0,0.0,0.0,2427.41
2427450301,2,416055552.0,-863561536.0,24963.0,0,0.0,0.0,0.0,0.0,0.0,0.0,2427.45
2427492251,2,416055552.0,-863561536.0,24963.0,0,0.0,0.0,0.0,0.0,0.0,0.0,2427.492
2427529887,2,416055552.0,-863561536.0,24963.0,0,0.0,0.0,0.0,0.0,0.0,0.0,2427.53
2427569612,2,416055552.0,-863561536.0,24963.0,0,0.0,0.0,0.0,0.0,0.0,0.0,2427.57
2427609482,2,416055552.0,-863561536.0,24963.0,0,0.0,0.0,0.0,0.0,0.0,0.0,2427.609
2427650831,2,416055552.0,-863561536.0,24963.0,0,0.0,0.0,0.0,0.0,0.0,0.0,2427.651
2427689760,2,416055552.0,-863561536.0,24963.0,0,0.0,0.0,0.0,0.0,0.0,0.0,2427.69
2427729895,2,416055552.0,-863561536.0,24963.0,0,0.0,0.0,0.0,0.0,0.0,0.0,2427.73
2427769509,2,416055552.0,-863561536.0,24963.0,0,0.0,0.0,0.0,0.0,0.0,0.0,2427.77
2427809563,2,416055552.0,-863561536.0,24963.0,0,0.0,0.0,0.0,0.0,0.0,0.0,2427.81
2427850356,2,416055552.0,-863561536.0,24963.0,0,0.0,0.0,0.0,0.0,0.0,0.0,2427.85
2427889695,2,416055552.0,-863561536.0,24963.0,0,0.0,0.0,0.0,0.0,0.0,0.0,2427.89
2427929960,2,416055552.0,-863561536.0,24963.0,0,0.0,0.0,0.0,0.0,0.0,0.0,2427.93
2427974872,2,416055552.0,-863561536.0,24963.0,0,0.0,0.0,0.0,0.0,0.0,0.0,2427.975
2428012343,2,416055552.0,-863561536.0,24963.0,0,0.0,0.0,0.0,0.0,0.0,0.0,2428.012
2428050360,2,416055552.0,-863561536.0,24963.0,0,0.0,0.0,0.0,0.0,0.0,0.0,2428.05
2428092220,2,416055552.0,-863561536.0,24963.0,0,0.0,0.0,0.0,0.0,0.0,0.0,2428.092
2428131983,2,416055552.0,-863561536.0,24963.0,0,0.0,0.0,0.0,0.0,0.0,0.0,2428.132
2428172002,2,416055552.0,-863561536.0,24963.0,0,0.0,0.0,0.0,0.0,0.0,0.0,2428.172
2428212332,2,416055552.0,-863561536.0,24963.0,0,0.0,0.0,0.0,0.0,0.0,0.0,2428.212
2428254751,2,416055552.0,-863561536.0,24963.0,0,0.0,0.0,0.0,0.0,0.0,0.0,2428.255
2428292300,2,416055552.0,-863561536.0,24963.0,0,0.0,0.0,0.0,0.0,0.0,0.0,2428.292
2428331930,2,416055552.0,-863561536.0,24963.0,0,0.0,0.0,0.0,0.0,0.0,0.0,2428.332
2428371974,2,416055552.0,-863561536.0,24963.0,0,0.0,0.0,0.0,0.0,0.0,0.0,2428.372
2428412296,2,416055552.0,-863561536.0,24963.0,0,0.0,0.0,0.0,0.0,0.0,0.0,2428.412
2428484477,4,0.0,0.0,0.0,0,0.0,0.0,0.0,0.0,0.0,0.0,2428.484
2428522023,4,0.0,0.0,0.0,0,0.0,0.0,0.0,0.0,0.0,0.0,2428.522
2428562288,4,0.0,0.0,0.0,0,0.0,0.0,0.0,0.0,0.0,0.0,2428.562
2428602165,4,0.0,0.0,0.0,0,0.0,0.0,0.0,0.0,0.0,0.0,2428.602
2428642208,4,0.0,0.0,0.0,0,0.0,0.0,0.0,0.0,0.0,0.0,2428.642
2428684488,4,0.0,0.0,0.0,0,0.0,0.0,0.0,0.0,0.0,0.0,2428.684
2428726134,4,0.0,0.0,0.0,0,0.0,0.0,0.0,0.0,0.0,0.0,2428.726
2428764764,4,0.0,0.0,0.0,0,0.0,0.0,0.0,0.0,0.0,0.0,2428.765
2428804737,4,0.0,0.0,0.0,0,0.0,0.0,0.0,0.0,0.0,0.0,2428.805
2428844422,4,0.0,0.0,0.0,0,0.0,0.0,0.0,0.0,0.0,0.0,2428.844
2428889746,2,416055552.0,-863561536.0,24959.0,0,0.0,0.0,0.0,0.0,0.0,0.0,2428.89
2428937257,2,416055552.0,-863561536.0,24959.0,0,0.0,0.0,0.0,0.0,0.0,0.0,2428.937
2428967288,2,416055552.0,-863561536.0,24959.0,0,0.0,0.0,0.0,0.0,0.0,0.0,2428.967
2429012383,2,416055552.0,-863561536.0,24960.0,0,0.0,0.0,0.0,0.0,0.0,0.0,2429.012
2429052196,2,416055552.0,-863561536.0,24960.0,0,0.0,0.0,0.0,0.0,0.0,0.0,2429.052
2429087206,2,416055552.0,-863561536.0,24960.0,0,0.0,0.0,0.0,0.0,0.0,0.0,2429.087
2429126162,2,416055552.0,-863561536.0,24960.0,0,0.0,0.0,0.0,0.0,0.0,0.0,2429.126
2429169546,2,416055552.0,-863561536.0,24960.0,0,0.0,0.0,0.0,0.0,0.0,0.0,2429.17
2429209514,2,416055552.0,-863561536.0,24960.0,0,0.0,0.0,0.0,0.0,0.0,0.0,2429.21
2429250350,2,416055552.0,-863561536.0,24960.0,0,0.0,0.0,0.0,0.0,0.0,0.0,2429.25
2429292242,2,416055552.0,-863561536.0,24960.0,0,0.0,0.0,0.0,0.0,0.0,0.0,2429.292
2429331974,2,416055552.0,-863561536.0,24960.0,0,0.0,0.0,0.0,0.0,0.0,0.0,2429.332
2429371953,2,416055552.0,-863561536.0,24960.0,0,0.0,0.0,0.0,0.0,0.0,0.0,2429.372
2429412315,2,416055552.0,-863561536.0,24960.0,0,0.0,0.0,0.0,0.0,0.0,0.0,2429.412
2429456936,2,416055552.0,-863561536.0,24960.0,0,0.0,0.0,0.0,0.0,0.0,0.0,2429.457
2429494443,2,416055552.0,-863561536.0,24960.0,0,0.0,0.0,0.0,0.0,0.0,0.0,2429.494
2429532076,2,416055552.0,-863561536.0,24960.0,0,0.0,0.0,0.0,0.0,0.0,0.0,2429.532
2429572029,2,416055552.0,-863561536.0,24960.0,0,0.0,0.0,0.0,0.0,0.0,0.0,2429.572
2429612371,2,416055552.0,-863561536.0,24960.0,0,0.0,0.0,0.0,0.0,0.0,0.0,2429.612
2429652170,2,416055552.0,-863561536.0,24960.0,0,0.0,0.0,0.0,0.0,0.0,0.0,2429.652
2429692234,2,416055552.0,-863561536.0,24960.0,0,0.0,0.0,0.0,0.0,0.0,0.0,2429.692
2429732047,2,416055552.0,-863561536.0,24960.0,0,0.0,0.0,0.0,0.0,0.0,0.0,2429.732
2429772044,2,416055552.0,-863561536.0,24960.0,0,0.0,0.0,0.0,0.0,0.0,0.0,2429.772
2429816010,2,416055552.0,-863561600.0,24960.0,0,0.0,0.0,0.0,0.0,0.0,0.0,2429.816
2429852107,2,416055552.0,-863561600.0,24960.0,0,0.0,0.0,0.0,0.0,0.0,0.0,2429.852
2429894562,2,416055552.0,-863561600.0,24960.0,0,0.0,0.0,0.0,0.0,0.0,0.0,2429.895
2429934639,2,416055552.0,-863561600.0,24960.0,0,0.0,0.0,0.0,0.0,0.0,0.0,2429.935
2429974759,2,416055552.0,-863561600.0,24960.0,0,0.0,0.0,0.0,0.0,0.0,0.0,2429.975
2430012371,2,416055552.0,-863561600.0,24960.0,0,0.0,0.0,0.0,0.0,0.0,0.0,2430.012
2430054768,2,416055552.0,-863561600.0,24960.0,0,0.0,0.0,0.0,0.0,0.0,0.0,2430.055
2430094470,2,416055552.0,-863561600.0,24960.0,0,0.0,0.0,0.0,0.0,0.0,0.0,2430.094
2430134604,2,416055552.0,-863561600.0,24960.0,0,0.0,0.0,0.0,0.0,0.0,0.0,2430.135
2430174821,2,416055552.0,-863561600.0,24960.0,0,0.0,0.0,0.0,0.0,0.0,0.0,2430.175
2430215912,2,416055552.0,-863561600.0,24960.0,0,0.0,0.0,0.0,0.0,0.0,0.0,2430.216
2430257023,2,416055552.0,-863561600.0,24960.0,0,0.0,0.0,0.0,0.0,0.0,0.0,2430.257
2430296972,2,416055552.0,-863561600.0,24960.0,0,0.0,0.0,0.0,0.0,0.0,0.0,2430.297
2430337289,2,416055552.0,-863561600.0,24960.0,0,0.0,0.0,0.0,0.0,0.0,0.0,2430.337
2430377317,2,416055552.0,-863561600.0,24960.0,0,0.0,0.0,0.0,0.0,0.0,0.0,2430.377
2430416135,2,416055552.0,-863561600.0,24960.0,0,0.0,0.0,0.0,0.0,0.0,0.0,2430.416
2430459484,2,416055552.0,-863561600.0,24960.0,0,0.0,0.0,0.0,0.0,0.0,0.0,2430.459
2430502274,2,416055552.0,-863561600.0,24960.0,0,0.0,0.0,0.0,0.0,0.0,0.0,2430.502
2430539765,2,416055552.0,-863561664.0,24960.0,0,0.0,0.0,0.0,0.0,0.0,0.0,2430.54
2430577225,2,416055552.0,-863561664.0,24960.0,0,0.0,0.0,0.0,0.0,0.0,0.0,2430.577
2430618483,2,416055552.0,-863561664.0,24960.0,0,0.0,0.0,0.0,0.0,0.0,0.0,2430.618
2430659538,2,416055552.0,-863561664.0,24960.0,0,0.0,0.0,0.0,0.0,0.0,0.0,2430.66
2430697007,2,416055552.0,-863561664.0,24960.0,0,0.0,0.0,0.0,0.0,0.0,0.0,2430.697
2430737239,2,416055552.0,-863561664.0,24960.0,0,0.0,0.0,0.0,0.0,0.0,0.0,2430.737
2430774851,2,416055552.0,-863561664.0,24960.0,0,0.0,0.0,0.0,0.0,0.0,0.0,2430.775
2430816057,2,416055552.0,-863561664.0,24960.0,0,0.0,0.0,0.0,0.0,0.0,0.0,2430.816
2430854792,2,416055552.0,-863561728.0,24960.0,0,0.0,0.0,0.0,0.0,0.0,0.0,2430.855
2430896972,2,416055552.0,-863561728.0,24960.0,0,0.0,0.0,0.0,0.0,0.0,0.0,2430.897
2430929884,2,416055552.0,-863561728.0,24960.0,0,0.0,0.0,0.0,0.0,0.0,0.0,2430.93
2430969533,2,416055552.0,-863561728.0,24960.0,0,0.0,0.0,0.0,0.0,0.0,0.0,2430.97
2431009579,2,416055552.0,-863561728.0,24960.0,0,0.0,0.0,0.0,0.0,0.0,0.0,2431.01
2431050301,2,416055552.0,-863561728.0,24960.0,0,0.0,0.0,0.0,0.0,0.0,0.0,2431.05
2431087267,2,416055552.0,-863561728.0,24960.0,0,0.0,0.0,0.0,0.0,0.0,0.0,2431.087
2431126124,2,416055552.0,-863561792.0,24960.0,0,0.0,0.0,0.0,0.0,0.0,0.0,2431.126
2431167328,2,416055552.0,-863561792.0,24960.0,0,0.0,0.0,0.0,0.0,0.0,0.0,2431.167
2431204765,2,416055552.0,-863561792.0,24960.0,0,0.0,0.0,0.0,0.0,0.0,0.0,2431.205
2431252157,2,416055552.0,-863561792.0,24960.0,0,0.0,0.0,0.0,0.0,0.0,0.0,2431.252
2431281979,2,416055552.0,-863561792.0,24960.0,0,0.0,0.0,0.0,0.0,0.0,0.0,2431.282
2431322072,2,416055552.0,-863561856.0,24960.0,0,0.0,0.0,0.0,0.0,0.0,0.0,2431.322
2431362248,2,416055552.0,-863561856.0,24960.0,0,0.0,0.0,0.0,0.0,0.0,0.0,2431.362
2431404780,2,416055552.0,-863561856.0,24960.0,0,0.0,0.0,0.0,0.0,0.0,0.0,2431.405
2431459496,2,416055552.0,-863561856.0,24960.0,0,0.0,0.0,0.0,0.0,0.0,0.0,2431.459
2431481933,2,416055552.0,-863561920.0,24960.0,0,0.0,0.0,0.0,0.0,0.0,0.0,2431.482
2431527320,2,416055552.0,-863561920.0,24960.0,0,0.0,0.0,0.0,0.0,0.0,0.0,2431.527
2431562275,2,416055552.0,-863561920.0,24960.0,0,0.0,0.0,0.0,0.0,0.0,0.0,2431.562
2431607077,2,416055552.0,-863561920.0,24960.0,0,0.0,0.0,0.0,0.0,0.0,0.0,2431.607
2431646980,2,416055552.0,-863561984.0,24960.0,0,0.0,0.0,0.0,0.0,0.0,0.0,2431.647
2431684509,2,416055552.0,-863561984.0,24960.0,0,0.0,0.0,0.0,0.0,0.0,0.0,2431.685
2431726111,2,416055552.0,-863561984.0,24960.0,0,0.0,0.0,0.0,0.0,0.0,0.0,2431.726
2431762394,2,416055552.0,-863561984.0,24960.0,0,0.0,0.0,0.0,0.0,0.0,0.0,2431.762
2431809452,2,416055552.0,-863562048.0,24960.0,0,0.0,0.0,0.0,0.0,0.0,0.0,2431.809
2431847076,2,416055552.0,-863562048.0,24960.0,0,0.0,0.0,0.0,0.0,0.0,0.0,2431.847
2431887242,2,416055552.0,-863562048.0,24960.0,0,0.0,0.0,0.0,0.0,0.0,0.0,2431.887
2431926119,2,416055552.0,-863562048.0,24960.0,0,0.0,0.0,0.0,0.0,0.0,0.0,2431.926
2431962283,2,416055552.0,-863562112.0,24960.0,0,0.0,0.0,0.0,0.0,0.0,0.0,2431.962
2432006994,2,416055552.0,-863562112.0,24960.0,0,0.0,0.0,0.0,0.0,0.0,0.0,2432.007
2432044431,2,416055552.0,-863562112.0,24960.0,0,0.0,0.0,0.0,0.0,0.0,0.0,2432.044
2432077991,2,416055552.0,-863562112.0,24960.0,0,0.0,0.0,0.0,0.0,0.0,0.0,2432.078
2432119502,2,416055552.0,-863562176.0,24960.0,0,0.0,0.0,0.0,0.0,0.0,0.0,2432.12
2432162273,2,416055552.0,-863562176.0,24960.0,0,0.0,0.0,0.0,0.0,0.0,0.0,2432.162
2432221948,2,416055552.0,-863562176.0,24960.0,0,0.0,0.0,0.0,0.0,0.0,0.0,2432.222
2432239623,2,416055552.0,-863562176.0,24960.0,0,0.0,0.0,0.0,0.0,0.0,0.0,2432.24
2432277827,2,416055552.0,-863562240.0,24960.0,0,0.0,0.0,0.0,0.0,0.0,0.0,2432.278
2432318605,2,416055552.0,-863562240.0,24960.0,0,0.0,0.0,0.0,0.0,0.0,0.0,2432.319
2432356926,2,416055552.0,-863562240.0,24960.0,0,0.0,0.0,0.0,0.0,0.0,0.0,2432.357
2432412364,2,416055552.0,-863562304.0,24960.0,0,0.0,0.0,0.0,0.0,0.0,0.0,2432.412
2432437816,2,416055552.0,-863562304.0,24960.0,0,0.0,0.0,0.0,0.0,0.0,0.0,2432.438
2432482007,2,416055552.0,-863562304.0,24960.0,0,0.0,0.0,0.0,0.0,0.0,0.0,2432.482
2432526015,2,416055552.0,-863562368.0,24960.0,0,0.0,0.0,0.0,0.0,0.0,0.0,2432.526
2432559429,2,416055552.0,-863562368.0,24960.0,0,0.0,0.0,0.0,0.0,0.0,0.0,2432.559
2432594449,2,416055552.0,-863562368.0,24960.0,0,0.0,0.0,0.0,0.0,0.0,0.0,2432.594
2432631075,2,416055552.0,-863562368.0,24960.0,0,0.0,0.0,0.0,0.0,0.0,0.0,2432.631
2432671963,2,416055552.0,-863562432.0,24960.0,0,0.0,0.0,0.0,0.0,0.0,0.0,2432.672
2432712254,2,416055552.0,-863562432.0,24960.0,0,0.0,0.0,0.0,0.0,0.0,0.0,2432.712
2432752161,2,416055552.0,-863562432.0,24960.0,0,0.0,0.0,0.0,0.0,0.0,0.0,2432.752
2432789970,2,416055552.0,-863562496.0,24960.0,0,0.0,0.0,0.0,0.0,0.0,0.0,2432.79
2432827342,2,416055552.0,-863562496.0,24961.0,0,0.0,0.0,0.0,0.0,0.0,0.0,2432.827
2432869449,2,416055552.0,-863562496.0,24961.0,0,0.0,0.0,0.0,0.0,0.0,0.0,2432.869
2432904911,2,416055552.0,-863562496.0,24961.0,0,0.0,0.0,0.0,0.0,0.0,0.0,2432.905
2432944626,2,416055552.0,-863562560.0,24961.0,0,0.0,0.0,0.0,0.0,0.0,0.0,2432.945
2432984452,2,416055552.0,-863562560.0,24961.0,0,0.0,0.0,0.0,0.0,0.0,0.0,2432.984
2433022221,2,416055552.0,-863562560.0,24961.0,0,0.0,0.0,0.0,0.0,0.0,0.0,2433.022
2433062235,2,416055552.0,-863562624.0,24961.0,0,0.0,0.0,0.0,0.0,0.0,0.0,2433.062
2433102164,2,416055552.0,-863562624.0,24961.0,0,0.0,0.0,0.0,0.0,0.0,0.0,2433.102
2433142205,2,416055552.0,-863562624.0,24961.0,0,0.0,0.0,0.0,0.0,0.0,0.0,2433.142
2433181927,2,416055552.0,-863562624.0,24961.0,0,0.0,0.0,0.0,0.0,0.0,0.0,2433.182
2433222107,2,416055552.0,-863562688.0,24961.0,0,0.0,0.0,0.0,0.0,0.0,0.0,2433.222
2433259436,2,416055552.0,-863562688.0,24961.0,0,0.0,0.0,0.0,0.0,0.0,0.0,2433.259
2433296928,2,416055552.0,-863562688.0,24961.0,0,0.0,0.0,0.0,0.0,0.0,0.0,2433.297
2433337355,2,416055552.0,-863562752.0,24961.0,0,0.0,0.0,0.0,0.0,0.0,0.0,2433.337
2433379773,2,416055552.0,-863562752.0,24961.0,0,0.0,0.0,0.0,0.0,0.0,0.0,2433.38
2433416135,2,416055552.0,-863562752.0,24961.0,0,0.0,0.0,0.0,0.0,0.0,0.0,2433.416
2433457035,2,416055552.0,-863562816.0,24961.0,0,0.0,0.0,0.0,0.0,0.0,0.0,2433.457
2433494565,2,416055552.0,-863562816.0,24961.0,0,0.0,0.0,0.0,0.0,0.0,0.0,2433.495
2433531964,2,416055552.0,-863562816.0,24961.0,0,0.0,0.0,0.0,0.0,0.0,0.0,2433.532
2433571911,2,416055552.0,-863562880.0,24961.0,0,0.0,0.0,0.0,0.0,0.0,0.0,2433.572
2433612312,2,416055552.0,-863562880.0,24961.0,0,0.0,0.0,0.0,0.0,0.0,0.0,2433.612
2433650836,2,416055552.0,-863562880.0,24961.0,0,0.0,0.0,0.0,0.0,0.0,0.0,2433.651
2433689752,2,416055552.0,-863562880.0,24961.0,0,0.0,0.0,0.0,0.0,0.0,0.0,2433.69
2433730060,2,416055552.0,-863562944.0,24961.0,0,0.0,0.0,0.0,0.0,0.0,0.0,2433.73
2433769414,2,416055552.0,-863562944.0,24961.0,0,0.0,0.0,0.0,0.0,0.0,0.0,2433.769
2433806950,2,416055552.0,-863562944.0,24961.0,0,0.0,0.0,0.0,0.0,0.0,0.0,2433.807
2433850408,2,416055552.0,-863563008.0,24961.0,0,0.0,0.0,0.0,0.0,0.0,0.0,2433.85
2433887236,2,416055552.0,-863563008.0,24961.0,0,0.0,0.0,0.0,0.0,0.0,0.0,2433.887
2433926166,2,416055552.0,-863563008.0,24961.0,0,0.0,0.0,0.0,0.0,0.0,0.0,2433.926
2433964733,2,416055552.0,-863563072.0,24961.0,0,0.0,0.0,0.0,0.0,0.0,0.0,2433.965
2434004831,2,416055552.0,-863563072.0,24961.0,0,0.0,0.0,0.0,0.0,0.0,0.0,2434.005
2434044426,2,416055552.0,-863563072.0,24961.0,0,0.0,0.0,0.0,0.0,0.0,0.0,2434.044
2434081994,2,416055552.0,-863563136.0,24961.0,0,0.0,0.0,0.0,0.0,0.0,0.0,2434.082
2434126252,2,416055552.0,-863563136.0,24961.0,0,0.0,0.0,0.0,0.0,0.0,0.0,2434.126
2434162248,2,416055552.0,-863563200.0,24961.0,0,0.0,0.0,0.0,0.0,0.0,0.0,2434.162
2434202156,2,416055552.0,-863563200.0,24961.0,0,0.0,0.0,0.0,0.0,0.0,0.0,2434.202
2434242302,2,416055552.0,-863563200.0,24961.0,0,0.0,0.0,0.0,0.0,0.0,0.0,2434.242
2434279768,2,416055552.0,-863563264.0,24961.0,0,0.0,0.0,0.0,0.0,0.0,0.0,2434.28
2434318621,2,416055552.0,-863563264.0,24961.0,0,0.0,0.0,0.0,0.0,0.0,0.0,2434.319
2434364751,2,416055552.0,-863563264.0,24961.0,0,0.0,0.0,0.0,0.0,0.0,0.0,2434.365
2434399791,2,416055552.0,-863563328.0,24961.0,0,0.0,0.0,0.0,0.0,0.0,0.0,2434.4
2434446964,2,416055552.0,-863563328.0,24961.0,0,0.0,0.0,0.0,0.0,0.0,0.0,2434.447
2434477941,2,416055552.0,-863563328.0,24961.0,0,0.0,0.0,0.0,0.0,0.0,0.0,2434.478
2434518602,2,416055552.0,-863563392.0,24961.0,0,0.0,0.0,0.0,0.0,0.0,0.0,2434.519
2434556958,2,416055552.0,-863563392.0,24961.0,0,0.0,0.0,0.0,0.0,0.0,0.0,2434.557
2434599790,2,416055552.0,-863563456.0,24961.0,0,0.0,0.0,0.0,0.0,0.0,0.0,2434.6
2434642222,2,416055552.0,-863563456.0,24961.0,0,0.0,0.0,0.0,0.0,0.0,0.0,2434.642
2434677898,2,416055552.0,-863563456.0,24961.0,0,0.0,0.0,0.0,0.0,0.0,0.0,2434.678
2434716031,2,416055552.0,-863563520.0,24961.0,0,0.0,0.0,0.0,0.0,0.0,0.0,2434.716
2434756889,2,416055552.0,-863563520.0,24961.0,0,0.0,0.0,0.0,0.0,0.0,0.0,2434.757
2434802220,2,416055552.0,-863563520.0,24961.0,0,0.0,0.0,0.0,0.0,0.0,0.0,2434.802
2434842201,2,416055552.0,-863563584.0,24961.0,0,0.0,0.0,0.0,0.0,0.0,0.0,2434.842
2434877912,2,416055552.0,-863563584.0,24961.0,0,0.0,0.0,0.0,0.0,0.0,0.0,2434.878
2434915999,2,416055552.0,-863563648.0,24961.0,0,0.0,0.0,0.0,0.0,0.0,0.0,2434.916
2434957052,2,416055552.0,-863563648.0,24961.0,0,0.0,0.0,0.0,0.0,0.0,0.0,2434.957
2434999754,2,416055552.0,-863563648.0,24961.0,0,0.0,0.0,0.0,0.0,0.0,0.0,2435.0
2435034475,2,416055552.0,-863563712.0,24961.0,0,0.0,0.0,0.0,0.0,0.0,0.0,2435.034
2435079808,2,416055552.0,-863563712.0,24961.0,0,0.0,0.0,0.0,0.0,0.0,0.0,2435.08
2435118502,2,416055552.0,-863563776.0,24961.0,0,0.0,0.0,0.0,0.0,0.0,0.0,2435.119
2435162247,2,416055552.0,-863563776.0,24961.0,0,0.0,0.0,0.0,0.0,0.0,0.0,2435.162
2435199801,2,416055552.0,-863563776.0,24961.0,0,0.0,0.0,0.0,0.0,0.0,0.0,2435.2
2435234466,2,416055552.0,-863563840.0,24961.0,0,0.0,0.0,0.0,0.0,0.0,0.0,2435.234
2435277955,2,416055552.0,-863563840.0,24961.0,0,0.0,0.0,0.0,0.0,0.0,0.0,2435.278
2435316106,2,416055552.0,-863563840.0,24961.0,0,0.0,0.0,0.0,0.0,0.0,0.0,2435.316
2435356997,2,416055552.0,-863563904.0,24961.0,0,0.0,0.0,0.0,0.0,0.0,0.0,2435.357
2435396938,2,416055552.0,-863563904.0,24961.0,0,0.0,0.0,0.0,0.0,0.0,0.0,2435.397
2435437362,2,416055552.0,-863563968.0,24961.0,0,0.0,0.0,0.0,0.0,0.0,0.0,2435.437
2435477888,2,416055552.0,-863563968.0,24961.0,0,0.0,0.0,0.0,0.0,0.0,0.0,2435.478
2435519557,2,416055552.0,-863563968.0,24961.0,0,0.0,0.0,0.0,0.0,0.0,0.0,2435.52
2435556926,2,416055552.0,-863564032.0,24961.0,0,0.0,0.0,0.0,0.0,0.0,0.0,2435.557
2435592310,2,416055552.0,-863564032.0,24961.0,0,0.0,0.0,0.0,0.0,0.0,0.0,2435.592
2435630666,2,416055552.0,-863564032.0,24961.0,0,0.0,0.0,0.0,0.0,0.0,0.0,2435.631
2435674836,2,416055552.0,-863564096.0,24961.0,0,0.0,0.0,0.0,0.0,0.0,0.0,2435.675
2435716147,2,416055552.0,-863564096.0,24961.0,0,0.0,0.0,0.0,0.0,0.0,0.0,2435.716
2435756908,2,416055552.0,-863564096.0,24961.0,0,0.0,0.0,0.0,0.0,0.0,0.0,2435.757
2435789831,2,416055552.0,-863564160.0,24961.0,0,0.0,0.0,0.0,0.0,0.0,0.0,2435.79
2435831999,2,416055552.0,-863564160.0,24961.0,0,0.0,0.0,0.0,0.0,0.0,0.0,2435.832
2435874909,2,416055552.0,-863564160.0,24961.0,0,0.0,0.0,0.0,0.0,0.0,0.0,2435.875
2435916036,2,416055552.0,-863564224.0,24962.0,0,0.0,0.0,0.0,0.0,0.0,0.0,2435.916
2435952086,2,416055552.0,-863564224.0,24962.0,0,0.0,0.0,0.0,0.0,0.0,0.0,2435.952
2435989740,2,416055552.0,-863564224.0,24962.0,0,0.0,0.0,0.0,0.0,0.0,0.0,2435.99
2436030987,2,416055552.0,-863564288.0,24962.0,0,0.0,0.0,0.0,0.0,0.0,0.0,2436.031
2436069457,2,416055552.0,-863564288.0,24962.0,0,0.0,0.0,0.0,0.0,0.0,0.0,2436.069
2436112256,2,416055552.0,-863564288.0,24962.0,0,0.0,0.0,0.0,0.0,0.0,0.0,2436.112
2436149773,2,416055552.0,-863564352.0,24962.0,0,0.0,0.0,0.0,0.0,0.0,0.0,2436.15
2436187453,2,416055552.0,-863564352.0,24962.0,0,0.0,0.0,0.0,0.0,0.0,0.0,2436.187
2436227325,2,416055552.0,-863564352.0,24962.0,0,0.0,0.0,0.0,0.0,0.0,0.0,2436.227
2436267278,2,416055552.0,-863564416.0,24962.0,0,0.0,0.0,0.0,0.0,0.0,0.0,2436.267
2436306962,2,416055552.0,-863564416.0,24962.0,0,0.0,0.0,0.0,0.0,0.0,0.0,2436.307
2436347014,2,416055552.0,-863564416.0,24962.0,0,0.0,0.0,0.0,0.0,0.0,0.0,2436.347
2436387434,2,416055552.0,-863564480.0,24962.0,0,0.0,0.0,0.0,0.0,0.0,0.0,2436.387
2436431165,2,416055552.0,-863564480.0,24962.0,0,0.0,0.0,0.0,0.0,0.0,0.0,2436.431
2436464792,2,416055552.0,-863564480.0,24962.0,0,0.0,0.0,0.0,0.0,0.0,0.0,2436.465
2436507072,2,416055552.0,-863564544.0,24962.0,0,0.0,0.0,0.0,0.0,0.0,0.0,2436.507
2436544566,2,416055552.0,-863564544.0,24962.0,0,0.0,0.0,0.0,0.0,0.0,0.0,2436.545
2436584458,2,416055552.0,-863564544.0,24962.0,0,0.0,0.0,0.0,0.0,0.0,0.0,2436.584
2436626167,2,416055552.0,-863564544.0,24962.0,0,0.0,0.0,0.0,0.0,0.0,0.0,2436.626
2436664853,2,416055552.0,-863564608.0,24962.0,0,0.0,0.0,0.0,0.0,0.0,0.0,2436.665
2436702254,2,416055552.0,-863564608.0,24962.0,0,0.0,0.0,0.0,0.0,0.0,0.0,2436.702
2436742210,2,416055552.0,-863564608.0,24962.0,0,0.0,0.0,0.0,0.0,0.0,0.0,2436.742
2436781929,2,416055552.0,-863564608.0,24962.0,0,0.0,0.0,0.0,0.0,0.0,0.0,2436.782
2436826109,2,416055552.0,-863564672.0,24962.0,0,0.0,0.0,0.0,0.0,0.0,0.0,2436.826
2436862345,2,416055552.0,-863564672.0,24962.0,0,0.0,0.0,0.0,0.0,0.0,0.0,2436.862
2436899720,2,416055552.0,-863564672.0,24962.0,0,0.0,0.0,0.0,0.0,0.0,0.0,2436.9
2436939641,2,416055552.0,-863564672.0,24962.0,0,0.0,0.0,0.0,0.0,0.0,0.0,2436.94
2436979817,2,416055552.0,-863564736.0,24962.0,0,0.0,0.0,0.0,0.0,0.0,0.0,2436.98
2437018601,2,416055552.0,-863564736.0,24962.0,0,0.0,0.0,0.0,0.0,0.0,0.0,2437.019
2437059492,2,416055552.0,-863564736.0,24962.0,0,0.0,0.0,0.0,0.0,0.0,0.0,2437.059
2437099782,2,416055552.0,-863564736.0,24962.0,0,0.0,0.0,0.0,0.0,0.0,0.0,2437.1
2437137327,2,416055552.0,-863564736.0,24962.0,0,0.0,0.0,0.0,0.0,0.0,0.0,2437.137
2437177334,2,416055552.0,-863564800.0,24962.0,0,0.0,0.0,0.0,0.0,0.0,0.0,2437.177
2437218595,2,416055552.0,-863564800.0,24962.0,0,0.0,0.0,0.0,0.0,0.0,0.0,2437.219
2437256920,2,416055552.0,-863564800.0,24962.0,0,0.0,0.0,0.0,0.0,0.0,0.0,2437.257
2437296923,2,416055552.0,-863564800.0,24962.0,0,0.0,0.0,0.0,0.0,0.0,0.0,2437.297
2437337324,2,416055552.0,-863564800.0,24962.0,0,0.0,0.0,0.0,0.0,0.0,0.0,2437.337
2437374829,2,416055552.0,-863564800.0,24962.0,0,0.0,0.0,0.0,0.0,0.0,0.0,2437.375
2437419428,2,416055552.0,-863564864.0,24962.0,0,0.0,0.0,0.0,0.0,0.0,0.0,2437.419
2437454797,2,416055552.0,-863564864.0,24962.0,0,0.0,0.0,0.0,0.0,0.0,0.0,2437.455
2437494458,2,416055552.0,-863564864.0,24962.0,0,0.0,0.0,0.0,0.0,0.0,0.0,2437.494
2437534427,2,416055552.0,-863564864.0,24962.0,0,0.0,0.0,0.0,0.0,0.0,0.0,2437.534
2437574868,2,416055552.0,-863564864.0,24962.0,0,0.0,0.0,0.0,0.0,0.0,0.0,2437.575
2437612335,2,416055552.0,-863564864.0,24962.0,0,0.0,0.0,0.0,0.0,0.0,0.0,2437.612
2437652177,2,416055552.0,-863564864.0,24962.0,0,0.0,0.0,0.0,0.0,0.0,0.0,2437.652
2437692226,2,416055552.0,-863564864.0,24962.0,0,0.0,0.0,0.0,0.0,0.0,0.0,2437.692
2437731924,2,416055552.0,-863564864.0,24962.0,0,0.0,0.0,0.0,0.0,0.0,0.0,2437.732
2437771994,2,416055552.0,-863564928.0,24962.0,0,0.0,0.0,0.0,0.0,0.0,0.0,2437.772
2437816002,2,416055552.0,-863564928.0,24962.0,0,0.0,0.0,0.0,0.0,0.0,0.0,2437.816
2437850394,2,416055552.0,-863564928.0,24962.0,0,0.0,0.0,0.0,0.0,0.0,0.0,2437.85
2437892199,2,416055552.0,-863564928.0,24962.0,0,0.0,0.0,0.0,0.0,0.0,0.0,2437.892
2437929878,2,416055552.0,-863564928.0,24962.0,0,0.0,0.0,0.0,0.0,0.0,0.0,2437.93
2437969512,2,416055552.0,-863564928.0,24962.0,0,0.0,0.0,0.0,0.0,0.0,0.0,2437.97
2438009433,2,416055552.0,-863564928.0,24962.0,0,0.0,0.0,0.0,0.0,0.0,0.0,2438.009
2438050357,2,416055552.0,-863564928.0,24962.0,0,0.0,0.0,0.0,0.0,0.0,0.0,2438.05
2438089759,2,416055552.0,-863564928.0,24962.0,0,0.0,0.0,0.0,0.0,0.0,0.0,2438.09
2438129907,2,416055552.0,-863564928.0,24962.0,0,0.0,0.0,0.0,0.0,0.0,0.0,2438.13
2438169504,2,416055552.0,-863564928.0,24962.0,0,0.0,0.0,0.0,0.0,0.0,0.0,2438.17
2438206972,2,416055552.0,-863564928.0,24962.0,0,0.0,0.0,0.0,0.0,0.0,0.0,2438.207
2438246978,2,416055552.0,-863564928.0,24962.0,0,0.0,0.0,0.0,0.0,0.0,0.0,2438.247
2438296987,2,416055552.0,-863564928.0,24962.0,0,0.0,0.0,0.0,0.0,0.0,0.0,2438.297
2438327214,2,416055552.0,-863564928.0,24962.0,0,0.0,0.0,0.0,0.0,0.0,0.0,2438.327
2438367233,2,416055552.0,-863564992.0,24962.0,0,0.0,0.0,0.0,0.0,0.0,0.0,2438.367
2438409513,2,416055552.0,-863564992.0,24962.0,0,0.0,0.0,0.0,0.0,0.0,0.0,2438.41
2438447066,2,416055552.0,-863564992.0,24962.0,0,0.0,0.0,0.0,0.0,0.0,0.0,2438.447
2438484444,2,416055552.0,-863564992.0,24962.0,0,0.0,0.0,0.0,0.0,0.0,0.0,2438.484
2438526126,2,416055552.0,-863564992.0,24962.0,0,0.0,0.0,0.0,0.0,0.0,0.0,2438.526
2438564730,2,416055552.0,-863564992.0,24962.0,0,0.0,0.0,0.0,0.0,0.0,0.0,2438.565
2438604701,2,416055552.0,-863564992.0,24962.0,0,0.0,0.0,0.0,0.0,0.0,0.0,2438.605
2438644566,2,416055552.0,-863564992.0,24962.0,0,0.0,0.0,0.0,0.0,0.0,0.0,2438.645
2438684430,2,416055552.0,-863564992.0,24962.0,0,0.0,0.0,0.0,0.0,0.0,0.0,2438.684
2438726046,2,416055552.0,-863564992.0,24962.0,0,0.0,0.0,0.0,0.0,0.0,0.0,2438.726
2438762305,2,416055552.0,-863564992.0,24962.0,0,0.0,0.0,0.0,0.0,0.0,0.0,2438.762
2438806951,2,416055552.0,-863564992.0,24962.0,0,0.0,0.0,0.0,0.0,0.0,0.0,2438.807
2438842295,2,416055552.0,-863564992.0,24962.0,0,0.0,0.0,0.0,0.0,0.0,0.0,2438.842
2438882049,2,416055552.0,-863564992.0,24962.0,0,0.0,0.0,0.0,0.0,0.0,0.0,2438.882
2438922038,2,416055552.0,-863564992.0,24962.0,0,0.0,0.0,0.0,0.0,0.0,0.0,2438.922
2438962247,2,416055552.0,-863564992.0,24962.0,0,0.0,0.0,0.0,0.0,0.0,0.0,2438.962
2439002198,2,416055552.0,-863564992.0,24962.0,0,0.0,0.0,0.0,0.0,0.0,0.0,2439.002
2439040175,2,416055552.0,-863564992.0,24963.0,0,0.0,0.0,0.0,0.0,0.0,0.0,2439.04
2439081988,2,416055552.0,-863564992.0,24963.0,0,0.0,0.0,0.0,0.0,0.0,0.0,2439.082
2439122034,2,416055552.0,-863564992.0,24963.0,0,0.0,0.0,0.0,0.0,0.0,0.0,2439.122
2439162226,2,416055552.0,-863564992.0,24963.0,0,0.0,0.0,0.0,0.0,0.0,0.0,2439.162
2439199811,2,416055552.0,-863564992.0,24963.0,0,0.0,0.0,0.0,0.0,0.0,0.0,2439.2
2439240131,2,416055552.0,-863564992.0,24963.0,0,0.0,0.0,0.0,0.0,0.0,0.0,2439.24
2439289741,2,416055552.0,-863564992.0,24963.0,0,0.0,0.0,0.0,0.0,0.0,0.0,2439.29
2439318649,2,416055552.0,-863564992.0,24963.0,0,0.0,0.0,0.0,0.0,0.0,0.0,2439.319
2439359466,2,416055552.0,-863564992.0,24963.0,0,0.0,0.0,0.0,0.0,0.0,0.0,2439.359
2439402162,2,416055552.0,-863564992.0,24963.0,0,0.0,0.0,0.0,0.0,0.0,0.0,2439.402
2439437781,2,416055552.0,-863564992.0,24963.0,0,0.0,0.0,0.0,0.0,0.0,0.0,2439.438
2439477899,2,416055552.0,-863564992.0,24963.0,0,0.0,0.0,0.0,0.0,0.0,0.0,2439.478
2439518608,2,416055552.0,-863564992.0,24963.0,0,0.0,0.0,0.0,0.0,0.0,0.0,2439.519
2439559476,2,416055552.0,-863564992.0,24963.0,0,0.0,0.0,0.0,0.0,0.0,0.0,2439.559
2439602144,2,416055552.0,-863564992.0,24963.0,0,0.0,0.0,0.0,0.0,0.0,0.0,2439.602
2439637877,2,416055552.0,-863564992.0,24963.0,0,0.0,0.0,0.0,0.0,0.0,0.0,2439.638
2439677898,2,416055552.0,-863564992.0,24963.0,0,0.0,0.0,0.0,0.0,0.0,0.0,2439.678
2439734464,2,416055552.0,-863564992.0,24963.0,0,0.0,0.0,0.0,0.0,0.0,0.0,2439.734
2439756990,2,416055552.0,-863564992.0,24963.0,0,0.0,0.0,0.0,0.0,0.0,0.0,2439.757
2439806995,2,416055552.0,-863564992.0,24963.0,0,0.0,0.0,0.0,0.0,0.0,0.0,2439.807
2439844296,2,416055552.0,-863564992.0,24963.0,0,0.0,0.0,0.0,0.0,0.0,0.0,2439.844
2439879842,2,416055552.0,-863564992.0,24963.0,0,0.0,0.0,0.0,0.0,0.0,0.0,2439.88
2439918520,2,416055552.0,-863564992.0,24963.0,0,0.0,0.0,0.0,0.0,0.0,0.0,2439.919
2439959495,2,416055552.0,-863564992.0,24963.0,0,0.0,0.0,0.0,0.0,0.0,0.0,2439.959
2439999755,2,416055552.0,-863564992.0,24963.0,0,0.0,0.0,0.0,0.0,0.0,0.0,2440.0
2440037759,2,416055552.0,-863564992.0,24963.0,0,0.0,0.0,0.0,0.0,0.0,0.0,2440.038
2440081978,2,416055552.0,-863564992.0,24963.0,0,0.0,0.0,0.0,0.0,0.0,0.0,2440.082
2440119555,2,416055552.0,-863564992.0,24963.0,0,0.0,0.0,0.0,0.0,0.0,0.0,2440.12
2440159473,2,416055552.0,-863564992.0,24963.0,0,0.0,0.0,0.0,0.0,0.0,0.0,2440.159
2440199766,2,416055552.0,-863564992.0,24963.0,0,0.0,0.0,0.0,0.0,0.0,0.0,2440.2
2440242290,2,416055552.0,-863564992.0,24963.0,0,0.0,0.0,0.0,0.0,0.0,0.0,2440.242
2440292253,2,416055552.0,-863564992.0,24963.0,0,0.0,0.0,0.0,0.0,0.0,0.0,2440.292
2440318583,2,416055552.0,-863564992.0,24963.0,0,0.0,0.0,0.0,0.0,0.0,0.0,2440.319
2440359566,2,416055552.0,-863564992.0,24963.0,0,0.0,0.0,0.0,0.0,0.0,0.0,2440.36
2440402207,2,416055552.0,-863564992.0,24963.0,0,0.0,0.0,0.0,0.0,0.0,0.0,2440.402
2440437771,2,416055552.0,-863564992.0,24963.0,0,0.0,0.0,0.0,0.0,0.0,0.0,2440.438
2440477998,2,416055552.0,-863564992.0,24963.0,0,0.0,0.0,0.0,0.0,0.0,0.0,2440.478
2440518598,2,416055552.0,-863564992.0,24963.0,0,0.0,0.0,0.0,0.0,0.0,0.0,2440.519
2440556939,2,416055552.0,-863564992.0,24963.0,0,0.0,0.0,0.0,0.0,0.0,0.0,2440.557
2440596983,2,416055552.0,-863564992.0,24963.0,0,0.0,0.0,0.0,0.0,0.0,0.0,2440.597
2440637791,2,416055552.0,-863564992.0,24963.0,0,0.0,0.0,0.0,0.0,0.0,0.0,2440.638
2440677942,2,416055552.0,-863564992.0,24963.0,0,0.0,0.0,0.0,0.0,0.0,0.0,2440.678
2440715948,2,416055552.0,-863564992.0,24963.0,0,0.0,0.0,0.0,0.0,0.0,0.0,2440.716
2440756975,2,416055552.0,-863564992.0,24963.0,0,0.0,0.0,0.0,0.0,0.0,0.0,2440.757
2440799852,2,416055552.0,-863564992.0,24963.0,0,0.0,0.0,0.0,0.0,0.0,0.0,2440.8
2440837791,2,416055552.0,-863564992.0,24963.0,0,0.0,0.0,0.0,0.0,0.0,0.0,2440.838
2440877906,2,416055552.0,-863564992.0,24963.0,0,0.0,0.0,0.0,0.0,0.0,0.0,2440.878
2440916066,2,416055552.0,-863564992.0,24963.0,0,0.0,0.0,0.0,0.0,0.0,0.0,2440.916
2440956982,2,416055552.0,-863564992.0,24963.0,0,0.0,0.0,0.0,0.0,0.0,0.0,2440.957
2440996940,2,416055552.0,-863564992.0,24963.0,0,0.0,0.0,0.0,0.0,0.0,0.0,2440.997
2441037732,2,416055552.0,-863564992.0,24963.0,0,0.0,0.0,0.0,0.0,0.0,0.0,2441.038
2441077894,2,416055552.0,-863564992.0,24963.0,0,0.0,0.0,0.0,0.0,0.0,0.0,2441.078
2441116047,2,416055552.0,-863564992.0,24963.0,0,0.0,0.0,0.0,0.0,0.0,0.0,2441.116
2441156990,2,416055552.0,-863564992.0,24963.0,0,0.0,0.0,0.0,0.0,0.0,0.0,2441.157
2441196992,2,416055552.0,-863564992.0,24963.0,0,0.0,0.0,0.0,0.0,0.0,0.0,2441.197
2441237743,2,416055552.0,-863564992.0,24963.0,0,0.0,0.0,0.0,0.0,0.0,0.0,2441.238
2441277867,2,416055552.0,-863564992.0,24963.0,0,0.0,0.0,0.0,0.0,0.0,0.0,2441.278
2441316025,2,416055552.0,-863564992.0,24963.0,0,0.0,0.0,0.0,0.0,0.0,0.0,2441.316
2441354741,2,416055552.0,-863564992.0,24963.0,0,0.0,0.0,0.0,0.0,0.0,0.0,2441.355
2441442254,4,0.0,0.0,0.0,0,0.0,0.0,0.0,0.0,0.0,0.0,2441.442
2441479828,4,0.0,0.0,0.0,0,0.0,0.0,0.0,0.0,0.0,0.0,2441.48
2441518565,4,0.0,0.0,0.0,0,0.0,0.0,0.0,0.0,0.0,0.0,2441.519
2441559494,4,0.0,0.0,0.0,0,0.0,0.0,0.0,0.0,0.0,0.0,2441.559
2441599721,4,0.0,0.0,0.0,0,0.0,0.0,0.0,0.0,0.0,0.0,2441.6
2441637767,4,0.0,0.0,0.0,0,0.0,0.0,0.0,0.0,0.0,0.0,2441.638
2441677979,4,0.0,0.0,0.0,0,0.0,0.0,0.0,0.0,0.0,0.0,2441.678
2441718548,4,0.0,0.0,0.0,0,0.0,0.0,0.0,0.0,0.0,0.0,2441.719
2441759550,4,0.0,0.0,0.0,0,0.0,0.0,0.0,0.0,0.0,0.0,2441.76
2441799748,4,0.0,0.0,0.0,0,0.0,0.0,0.0,0.0,0.0,0.0,2441.8
2441837784,4,0.0,0.0,0.0,0,0.0,0.0,0.0,0.0,0.0,0.0,2441.838
2441884429,2,416055552.0,-863564992.0,24957.0,0,0.0,0.0,0.0,0.0,0.0,0.0,2441.884
2441918499,2,416055552.0,-863564992.0,24957.0,0,0.0,0.0,0.0,0.0,0.0,0.0,2441.918
2441959533,2,416055552.0,-863564992.0,24957.0,0,0.0,0.0,0.0,0.0,0.0,0.0,2441.96
2441999886,2,416055552.0,-863564992.0,24957.0,0,0.0,0.0,0.0,0.0,0.0,0.0,2442.0
2442040173,2,416055552.0,-863564992.0,24957.0,0,0.0,0.0,0.0,0.0,0.0,0.0,2442.04
2442079770,2,416055552.0,-863564992.0,24957.0,0,0.0,0.0,0.0,0.0,0.0,0.0,2442.08
2442118529,2,416055552.0,-863564992.0,24957.0,0,0.0,0.0,0.0,0.0,0.0,0.0,2442.119
2442159498,2,416055552.0,-863564992.0,24957.0,0,0.0,0.0,0.0,0.0,0.0,0.0,2442.159
2442199786,2,416055552.0,-863564992.0,24957.0,0,0.0,0.0,0.0,0.0,0.0,0.0,2442.2
2442237764,2,416055552.0,-863564992.0,24957.0,0,0.0,0.0,0.0,0.0,0.0,0.0,2442.238
2442277882,2,416055552.0,-863564992.0,24957.0,0,0.0,0.0,0.0,0.0,0.0,0.0,2442.278
2442318610,2,416055552.0,-863564992.0,24957.0,0,0.0,0.0,0.0,0.0,0.0,0.0,2442.319
2442359446,2,416055552.0,-863564992.0,24957.0,0,0.0,0.0,0.0,0.0,0.0,0.0,2442.359
2442406994,2,416055552.0,-863564992.0,24957.0,0,0.0,0.0,0.0,0.0,0.0,0.0,2442.407
2442444551,2,416055552.0,-863564992.0,24957.0,0,0.0,0.0,0.0,0.0,0.0,0.0,2442.445
2442477896,2,416055552.0,-863564992.0,24957.0,0,0.0,0.0,0.0,0.0,0.0,0.0,2442.478
2442518545,2,416055552.0,-863564992.0,24957.0,0,0.0,0.0,0.0,0.0,0.0,0.0,2442.519
2442556978,2,416055552.0,-863564992.0,24957.0,0,0.0,0.0,0.0,0.0,0.0,0.0,2442.557
2442596932,2,416055552.0,-863564992.0,24957.0,0,0.0,0.0,0.0,0.0,0.0,0.0,2442.597
2442637780,2,416055552.0,-863564992.0,24957.0,0,0.0,0.0,0.0,0.0,0.0,0.0,2442.638
2442677893,2,416055552.0,-863564992.0,24957.0,0,0.0,0.0,0.0,0.0,0.0,0.0,2442.678
2442718538,2,416055552.0,-863564992.0,24957.0,0,0.0,0.0,0.0,0.0,0.0,0.0,2442.719
2442757026,2,416055552.0,-863564992.0,24957.0,0,0.0,0.0,0.0,0.0,0.0,0.0,2442.757
2442797009,2,416055552.0,-863564992.0,24957.0,0,0.0,0.0,0.0,0.0,0.0,0.0,2442.797
2442837675,2,416055552.0,-863564992.0,24957.0,0,0.0,0.0,0.0,0.0,0.0,0.0,2442.838
2442880010,2,416055552.0,-863564992.0,24957.0,0,0.0,0.0,0.0,0.0,0.0,0.0,2442.88
2442918540,2,416055552.0,-863564992.0,24957.0,0,0.0,0.0,0.0,0.0,0.0,0.0,2442.919
2442956992,2,416055552.0,-863564992.0,24957.0,0,0.0,0.0,0.0,0.0,0.0,0.0,2442.957
2443002213,2,416055552.0,-863564992.0,24957.0,0,0.0,0.0,0.0,0.0,0.0,0.0,2443.002
2443042227,2,416055552.0,-863564992.0,24957.0,0,0.0,0.0,0.0,0.0,0.0,0.0,2443.042
2443077879,2,416055552.0,-863564992.0,24957.0,0,0.0,0.0,0.0,0.0,0.0,0.0,2443.078
2443118598,2,416055552.0,-863564992.0,24957.0,0,0.0,0.0,0.0,0.0,0.0,0.0,2443.119
2443156971,2,416055552.0,-863564992.0,24957.0,0,0.0,0.0,0.0,0.0,0.0,0.0,2443.157
2443196963,2,416055552.0,-863564992.0,24957.0,0,0.0,0.0,0.0,0.0,0.0,0.0,2443.197
2443237729,2,416055552.0,-863564992.0,24957.0,0,0.0,0.0,0.0,0.0,0.0,0.0,2443.238
2443277869,2,416055552.0,-863564992.0,24957.0,0,0.0,0.0,0.0,0.0,0.0,0.0,2443.278
2443316054,2,416055552.0,-863564992.0,24957.0,0,0.0,0.0,0.0,0.0,0.0,0.0,2443.316
2443356891,2,416055552.0,-863564992.0,24957.0,0,0.0,0.0,0.0,0.0,0.0,0.0,2443.357
2443402196,2,416055552.0,-863564992.0,24957.0,0,0.0,0.0,0.0,0.0,0.0,0.0,2443.402
2443442316,2,416055552.0,-863564992.0,24957.0,0,0.0,0.0,0.0,0.0,0.0,0.0,2443.442
2443477883,2,416055552.0,-863564992.0,24957.0,0,0.0,0.0,0.0,0.0,0.0,0.0,2443.478
2443516002,2,416055552.0,-863564992.0,24957.0,0,0.0,0.0,0.0,0.0,0.0,0.0,2443.516
2443554779,2,416055552.0,-863564992.0,24957.0,0,0.0,0.0,0.0,0.0,0.0,0.0,2443.555
2443596934,2,416055552.0,-863564992.0,24957.0,0,0.0,0.0,0.0,0.0,0.0,0.0,2443.597
2443640210,2,416055552.0,-863564992.0,24957.0,0,0.0,0.0,0.0,0.0,0.0,0.0,2443.64
2443677897,2,416055552.0,-863564992.0,24957.0,0,0.0,0.0,0.0,0.0,0.0,0.0,2443.678
2443715961,2,416055552.0,-863564992.0,24957.0,0,0.0,0.0,0.0,0.0,0.0,0.0,2443.716
2443756933,2,416055552.0,-863564992.0,24957.0,0,0.0,0.0,0.0,0.0,0.0,0.0,2443.757
2443796938,2,416055552.0,-863564992.0,24957.0,0,0.0,0.0,0.0,0.0,0.0,0.0,2443.797
2443837907,2,416055552.0,-863564992.0,24957.0,0,0.0,0.0,0.0,0.0,0.0,0.0,2443.838
2443879814,2,416055552.0,-863564992.0,24957.0,0,0.0,0.0,0.0,0.0,0.0,0.0,2443.88
2443926133,2,416055552.0,-863564992.0,24957.0,0,0.0,0.0,0.0,0.0,0.0,0.0,2443.926
2443956958,2,416055552.0,-863564992.0,24957.0,0,0.0,0.0,0.0,0.0,0.0,0.0,2443.957
2443997039,2,416055552.0,-863564992.0,24957.0,0,0.0,0.0,0.0,0.0,0.0,0.0,2443.997
2444037240,2,416055552.0,-863564992.0,24957.0,0,0.0,0.0,0.0,0.0,0.0,0.0,2444.037
2444077878,2,416055552.0,-863564992.0,24957.0,0,0.0,0.0,0.0,0.0,0.0,0.0,2444.078
2444118572,2,416055552.0,-863564992.0,24957.0,0,0.0,0.0,0.0,0.0,0.0,0.0,2444.119
2444156973,2,416055552.0,-863564992.0,24957.0,0,0.0,0.0,0.0,0.0,0.0,0.0,2444.157
2444199791,2,416055552.0,-863564992.0,24957.0,0,0.0,0.0,0.0,0.0,0.0,0.0,2444.2
2444242239,2,416055552.0,-863564992.0,24957.0,0,0.0,0.0,0.0,0.0,0.0,0.0,2444.242
2444277890,2,416055552.0,-863564992.0,24957.0,0,0.0,0.0,0.0,0.0,0.0,0.0,2444.278
2444318565,2,416055552.0,-863564992.0,24957.0,0,0.0,0.0,0.0,0.0,0.0,0.0,2444.319
2444359457,2,416055552.0,-863564992.0,24957.0,0,0.0,0.0,0.0,0.0,0.0,0.0,2444.359
2444409477,2,416055552.0,-863564992.0,24957.0,0,0.0,0.0,0.0,0.0,0.0,0.0,2444.409
2444450307,2,416055552.0,-863564992.0,24957.0,0,0.0,0.0,0.0,0.0,0.0,0.0,2444.45
2444479861,2,416055552.0,-863564992.0,24957.0,0,0.0,0.0,0.0,0.0,0.0,0.0,2444.48
2444521949,2,416055552.0,-863564992.0,24957.0,0,0.0,0.0,0.0,0.0,0.0,0.0,2444.522
2444559508,2,416055552.0,-863564992.0,24957.0,0,0.0,0.0,0.0,0.0,0.0,0.0,2444.56
2444599780,2,416055552.0,-863564992.0,24957.0,0,0.0,0.0,0.0,0.0,0.0,0.0,2444.6
2444640121,2,416055552.0,-863564992.0,24957.0,0,0.0,0.0,0.0,0.0,0.0,0.0,2444.64
2444679857,2,416055552.0,-863564992.0,24957.0,0,0.0,0.0,0.0,0.0,0.0,0.0,2444.68
2444721922,2,416055552.0,-863564992.0,24957.0,0,0.0,0.0,0.0,0.0,0.0,0.0,2444.722
2444762249,2,416055552.0,-863564992.0,24957.0,0,0.0,0.0,0.0,0.0,0.0,0.0,2444.762
2444804819,2,416055552.0,-863564992.0,24957.0,0,0.0,0.0,0.0,0.0,0.0,0.0,2444.805
2444840106,2,416055552.0,-863564992.0,24957.0,0,0.0,0.0,0.0,0.0,0.0,0.0,2444.84
2444887376,2,416055552.0,-863564992.0,24957.0,0,0.0,0.0,0.0,0.0,0.0,0.0,2444.887
2444921973,2,416055552.0,-863564992.0,24957.0,0,0.0,0.0,0.0,0.0,0.0,0.0,2444.922
2444962340,2,416055552.0,-863564992.0,24957.0,0,0.0,0.0,0.0,0.0,0.0,0.0,2444.962
2444999810,2,416055552.0,-863564992.0,24957.0,0,0.0,0.0,0.0,0.0,0.0,0.0,2445.0
2445039624,2,416055552.0,-863564992.0,24957.0,0,0.0,0.0,0.0,0.0,0.0,0.0,2445.04
2445082037,2,416055552.0,-863564992.0,24957.0,0,0.0,0.0,0.0,0.0,0.0,0.0,2445.082
2445122022,2,416055552.0,-863564992.0,24957.0,0,0.0,0.0,0.0,0.0,0.0,0.0,2445.122
2445159546,2,416055552.0,-863564992.0,24957.0,0,0.0,0.0,0.0,0.0,0.0,0.0,2445.16
2445199734,2,416055552.0,-863564992.0,24957.0,0,0.0,0.0,0.0,0.0,0.0,0.0,2445.2
2445239676,2,416055552.0,-863564992.0,24957.0,0,0.0,0.0,0.0,0.0,0.0,0.0,2445.24
2445279737,2,416055552.0,-863564992.0,24957.0,0,0.0,0.0,0.0,0.0,0.0,0.0,2445.28
2445319470,2,416055552.0,-863564992.0,24957.0,0,0.0,0.0,0.0,0.0,0.0,0.0,2445.319
2445359568,2,416055552.0,-863564992.0,24957.0,0,0.0,0.0,0.0,0.0,0.0,0.0,2445.36
2445404764,2,416055552.0,-863564992.0,24957.0,0,0.0,0.0,0.0,0.0,0.0,0.0,2445.405
2445444498,2,416055552.0,-863564992.0,24957.0,0,0.0,0.0,0.0,0.0,0.0,0.0,2445.444
2445479851,2,416055552.0,-863564992.0,24957.0,0,0.0,0.0,0.0,0.0,0.0,0.0,2445.48
2445522081,2,416055552.0,-863564992.0,24957.0,0,0.0,0.0,0.0,0.0,0.0,0.0,2445.522
2445562212,2,416055552.0,-863564992.0,24957.0,0,0.0,0.0,0.0,0.0,0.0,0.0,2445.562
2445599812,2,416055552.0,-863564992.0,24957.0,0,0.0,0.0,0.0,0.0,0.0,0.0,2445.6
2445639757,2,416055552.0,-863564992.0,24957.0,0,0.0,0.0,0.0,0.0,0.0,0.0,2445.64
2445679793,2,416055552.0,-863564992.0,24957.0,0,0.0,0.0,0.0,0.0,0.0,0.0,2445.68
2445722026,2,416055552.0,-863564992.0,24957.0,0,0.0,0.0,0.0,0.0,0.0,0.0,2445.722
2445759457,2,416055552.0,-863564992.0,24957.0,0,0.0,0.0,0.0,0.0,0.0,0.0,2445.759
2445799771,2,416055552.0,-863564992.0,24957.0,0,0.0,0.0,0.0,0.0,0.0,0.0,2445.8
2445840262,2,416055552.0,-863564992.0,24957.0,0,0.0,0.0,0.0,0.0,0.0,0.0,2445.84
2445884582,2,416055552.0,-863564992.0,24957.0,0,0.0,0.0,0.0,0.0,0.0,0.0,2445.885
2445919489,2,416055552.0,-863564992.0,24957.0,0,0.0,0.0,0.0,0.0,0.0,0.0,2445.919
2445971919,2,416055552.0,-863564992.0,24957.0,0,0.0,0.0,0.0,0.0,0.0,0.0,2445.972
2446002227,2,416055552.0,-863564992.0,24957.0,0,0.0,0.0,0.0,0.0,0.0,0.0,2446.002
2446040182,2,416055552.0,-863564992.0,24957.0,0,0.0,0.0,0.0,0.0,0.0,0.0,2446.04
2446081930,2,416055552.0,-863564992.0,24957.0,0,0.0,0.0,0.0,0.0,0.0,0.0,2446.082
2446121968,2,416055552.0,-863564992.0,24957.0,0,0.0,0.0,0.0,0.0,0.0,0.0,2446.122
2446162258,2,416055552.0,-863564992.0,24957.0,0,0.0,0.0,0.0,0.0,0.0,0.0,2446.162
2446202239,2,416055552.0,-863564992.0,24957.0,0,0.0,0.0,0.0,0.0,0.0,0.0,2446.202
2446242179,2,416055552.0,-863564992.0,24957.0,0,0.0,0.0,0.0,0.0,0.0,0.0,2446.242
2446281968,2,416055552.0,-863564992.0,24957.0,0,0.0,0.0,0.0,0.0,0.0,0.0,2446.282
2446321960,2,416055552.0,-863564992.0,24957.0,0,0.0,0.0,0.0,0.0,0.0,0.0,2446.322
2446362240,2,416055552.0,-863564992.0,24957.0,0,0.0,0.0,0.0,0.0,0.0,0.0,2446.362
2446402250,2,416055552.0,-863564992.0,24957.0,0,0.0,0.0,0.0,0.0,0.0,0.0,2446.402
2446450402,2,416055552.0,-863564992.0,24957.0,0,0.0,0.0,0.0,0.0,0.0,0.0,2446.45
2446481953,2,416055552.0,-863564992.0,24957.0,0,0.0,0.0,0.0,0.0,0.0,0.0,2446.482
2446522057,2,416055552.0,-863564992.0,24957.0,0,0.0,0.0,0.0,0.0,0.0,0.0,2446.522
2446562288,2,416055552.0,-863564992.0,24957.0,0,0.0,0.0,0.0,0.0,0.0,0.0,2446.562
2446602181,2,416055552.0,-863564992.0,24957.0,0,0.0,0.0,0.0,0.0,0.0,0.0,2446.602
2446642268,2,416055552.0,-863564992.0,24957.0,0,0.0,0.0,0.0,0.0,0.0,0.0,2446.642
2446682031,2,416055552.0,-863564992.0,24957.0,0,0.0,0.0,0.0,0.0,0.0,0.0,2446.682
2446722026,2,416055552.0,-863564992.0,24957.0,0,0.0,0.0,0.0,0.0,0.0,0.0,2446.722
2446762282,2,416055552.0,-863564992.0,24957.0,0,0.0,0.0,0.0,0.0,0.0,0.0,2446.762
2446804749,2,416055552.0,-863564992.0,24957.0,0,0.0,0.0,0.0,0.0,0.0,0.0,2446.805
2446842245,2,416055552.0,-863564992.0,24957.0,0,0.0,0.0,0.0,0.0,0.0,0.0,2446.842
2446887279,2,416055552.0,-863564992.0,24957.0,0,0.0,0.0,0.0,0.0,0.0,0.0,2446.887
2446922073,2,416055552.0,-863564992.0,24957.0,0,0.0,0.0,0.0,0.0,0.0,0.0,2446.922
2446964720,2,416055552.0,-863564992.0,24957.0,0,0.0,0.0,0.0,0.0,0.0,0.0,2446.965
2447002107,2,416055552.0,-863564992.0,24957.0,0,0.0,0.0,0.0,0.0,0.0,0.0,2447.002
2447042250,2,416055552.0,-863564992.0,24957.0,0,0.0,0.0,0.0,0.0,0.0,0.0,2447.042
2447084447,2,416055552.0,-863564992.0,24957.0,0,0.0,0.0,0.0,0.0,0.0,0.0,2447.084
2447126025,2,416055552.0,-863564992.0,24957.0,0,0.0,0.0,0.0,0.0,0.0,0.0,2447.126
2447164646,2,416055552.0,-863564992.0,24957.0,0,0.0,0.0,0.0,0.0,0.0,0.0,2447.165
2447202172,2,416055552.0,-863564992.0,24957.0,0,0.0,0.0,0.0,0.0,0.0,0.0,2447.202
2447244452,2,416055552.0,-863564992.0,24957.0,0,0.0,0.0,0.0,0.0,0.0,0.0,2447.244
2447284516,2,416055552.0,-863564992.0,24957.0,0,0.0,0.0,0.0,0.0,0.0,0.0,2447.285
2447326178,2,416055552.0,-863564992.0,24957.0,0,0.0,0.0,0.0,0.0,0.0,0.0,2447.326
2447362274,2,416055552.0,-863564992.0,24957.0,0,0.0,0.0,0.0,0.0,0.0,0.0,2447.362
2447404733,2,416055552.0,-863564992.0,24957.0,0,0.0,0.0,0.0,0.0,0.0,0.0,2447.405
2447450356,2,416055552.0,-863564992.0,24957.0,0,0.0,0.0,0.0,0.0,0.0,0.0,2447.45
2447484537,2,416055552.0,-863564992.0,24957.0,0,0.0,0.0,0.0,0.0,0.0,0.0,2447.485
2447526129,2,416055552.0,-863564992.0,24957.0,0,0.0,0.0,0.0,0.0,0.0,0.0,2447.526
2447564694,2,416055552.0,-863564992.0,24957.0,0,0.0,0.0,0.0,0.0,0.0,0.0,2447.565
2447604659,2,416055552.0,-863564992.0,24957.0,0,0.0,0.0,0.0,0.0,0.0,0.0,2447.605
2447646991,2,416055552.0,-863564992.0,24957.0,0,0.0,0.0,0.0,0.0,0.0,0.0,2447.647
2447684536,2,416055552.0,-863564992.0,24957.0,0,0.0,0.0,0.0,0.0,0.0,0.0,2447.685
2447726178,2,416055552.0,-863564992.0,24957.0,0,0.0,0.0,0.0,0.0,0.0,0.0,2447.726
2447764679,2,416055552.0,-863564992.0,24957.0,0,0.0,0.0,0.0,0.0,0.0,0.0,2447.765
2447804667,2,416055552.0,-863564992.0,24957.0,0,0.0,0.0,0.0,0.0,0.0,0.0,2447.805
2447844458,2,416055552.0,-863564992.0,24957.0,0,0.0,0.0,0.0,0.0,0.0,0.0,2447.844
2447887355,2,416055552.0,-863564992.0,24957.0,0,0.0,0.0,0.0,0.0,0.0,0.0,2447.887
2447926164,2,416055552.0,-863564992.0,24957.0,0,0.0,0.0,0.0,0.0,0.0,0.0,2447.926
2447964679,2,416055552.0,-863564992.0,24957.0,0,0.0,0.0,0.0,0.0,0.0,0.0,2447.965
2448022137,2,416055552.0,-863564992.0,24957.0,0,0.0,0.0,0.0,0.0,0.0,0.0,2448.022
2448044434,2,416055552.0,-863564992.0,24957.0,0,0.0,0.0,0.0,0.0,0.0,0.0,2448.044
2448084425,2,416055552.0,-863564992.0,24957.0,0,0.0,0.0,0.0,0.0,0.0,0.0,2448.084
2448126067,2,416055552.0,-863564992.0,24957.0,0,0.0,0.0,0.0,0.0,0.0,0.0,2448.126
2448164702,2,416055552.0,-863564992.0,24957.0,0,0.0,0.0,0.0,0.0,0.0,0.0,2448.165
2448204752,2,416055552.0,-863564992.0,24957.0,0,0.0,0.0,0.0,0.0,0.0,0.0,2448.205
2448244437,2,416055552.0,-863564992.0,24957.0,0,0.0,0.0,0.0,0.0,0.0,0.0,2448.244
2448284437,2,416055552.0,-863564992.0,24957.0,0,0.0,0.0,0.0,0.0,0.0,0.0,2448.284
2448326037,2,416055552.0,-863564992.0,24957.0,0,0.0,0.0,0.0,0.0,0.0,0.0,2448.326
2448364728,2,416055552.0,-863564992.0,24957.0,0,0.0,0.0,0.0,0.0,0.0,0.0,2448.365
2448404826,2,416055552.0,-863564992.0,24957.0,0,0.0,0.0,0.0,0.0,0.0,0.0,2448.405
2448450464,2,416055552.0,-863564992.0,24957.0,0,0.0,0.0,0.0,0.0,0.0,0.0,2448.45
2448487268,2,416055552.0,-863564992.0,24957.0,0,0.0,0.0,0.0,0.0,0.0,0.0,2448.487
2448526053,2,416055552.0,-863564992.0,24957.0,0,0.0,0.0,0.0,0.0,0.0,0.0,2448.526
2448567172,2,416055552.0,-863564992.0,24957.0,0,0.0,0.0,0.0,0.0,0.0,0.0,2448.567
2448604741,2,416055552.0,-863564992.0,24957.0,0,0.0,0.0,0.0,0.0,0.0,0.0,2448.605
2448646953,2,416055552.0,-863564992.0,24957.0,0,0.0,0.0,0.0,0.0,0.0,0.0,2448.647
2448687264,2,416055552.0,-863564992.0,24957.0,0,0.0,0.0,0.0,0.0,0.0,0.0,2448.687
2448726036,2,416055552.0,-863564992.0,24957.0,0,0.0,0.0,0.0,0.0,0.0,0.0,2448.726
2448764773,2,416055552.0,-863564992.0,24957.0,0,0.0,0.0,0.0,0.0,0.0,0.0,2448.765
2448804720,2,416055552.0,-863564992.0,24957.0,0,0.0,0.0,0.0,0.0,0.0,0.0,2448.805
2448846947,2,416055552.0,-863564992.0,24957.0,0,0.0,0.0,0.0,0.0,0.0,0.0,2448.847
2448889717,2,416055552.0,-863564992.0,24957.0,0,0.0,0.0,0.0,0.0,0.0,0.0,2448.89
2448926061,2,416055552.0,-863564992.0,24957.0,0,0.0,0.0,0.0,0.0,0.0,0.0,2448.926
2448967345,2,416055552.0,-863564992.0,24957.0,0,0.0,0.0,0.0,0.0,0.0,0.0,2448.967
2449007061,2,416055552.0,-863564992.0,24957.0,0,0.0,0.0,0.0,0.0,0.0,0.0,2449.007
2449047020,2,416055552.0,-863564992.0,24957.0,0,0.0,0.0,0.0,0.0,0.0,0.0,2449.047
2449087355,2,416055552.0,-863564992.0,24957.0,0,0.0,0.0,0.0,0.0,0.0,0.0,2449.087
2449126202,2,416055552.0,-863564992.0,24957.0,0,0.0,0.0,0.0,0.0,0.0,0.0,2449.126
2449167264,2,416055552.0,-863564992.0,24957.0,0,0.0,0.0,0.0,0.0,0.0,0.0,2449.167
2449207018,2,416055552.0,-863564992.0,24957.0,0,0.0,0.0,0.0,0.0,0.0,0.0,2449.207
2449246980,2,416055552.0,-863564992.0,24957.0,0,0.0,0.0,0.0,0.0,0.0,0.0,2449.247
2449287319,2,416055552.0,-863564992.0,24957.0,0,0.0,0.0,0.0,0.0,0.0,0.0,2449.287
2449326092,2,416055552.0,-863564992.0,24957.0,0,0.0,0.0,0.0,0.0,0.0,0.0,2449.326
2449379826,2,416055552.0,-863564992.0,24957.0,0,0.0,0.0,0.0,0.0,0.0,0.0,2449.38
2449407006,2,416055552.0,-863564992.0,24957.0,0,0.0,0.0,0.0,0.0,0.0,0.0,2449.407
2449452185,2,416055552.0,-863564992.0,24957.0,0,0.0,0.0,0.0,0.0,0.0,0.0,2449.452
2449487245,2,416055552.0,-863564992.0,24957.0,0,0.0,0.0,0.0,0.0,0.0,0.0,2449.487
2449527305,2,416055552.0,-863564992.0,24957.0,0,0.0,0.0,0.0,0.0,0.0,0.0,2449.527
2449567177,2,416055552.0,-863564992.0,24957.0,0,0.0,0.0,0.0,0.0,0.0,0.0,2449.567
2449609531,2,416055552.0,-863564992.0,24957.0,0,0.0,0.0,0.0,0.0,0.0,0.0,2449.61
2449650336,2,416055552.0,-863564992.0,24957.0,0,0.0,0.0,0.0,0.0,0.0,0.0,2449.65
2449687368,2,416055552.0,-863564992.0,24957.0,0,0.0,0.0,0.0,0.0,0.0,0.0,2449.687
2449727232,2,416055552.0,-863564992.0,24957.0,0,0.0,0.0,0.0,0.0,0.0,0.0,2449.727
2449767258,2,416055552.0,-863564992.0,24957.0,0,0.0,0.0,0.0,0.0,0.0,0.0,2449.767
2449809505,2,416055552.0,-863564992.0,24957.0,0,0.0,0.0,0.0,0.0,0.0,0.0,2449.81
2449850294,2,416055552.0,-863564992.0,24957.0,0,0.0,0.0,0.0,0.0,0.0,0.0,2449.85
2449892254,2,416055552.0,-863564992.0,24957.0,0,0.0,0.0,0.0,0.0,0.0,0.0,2449.892
2449927467,2,416055552.0,-863564992.0,24957.0,0,0.0,0.0,0.0,0.0,0.0,0.0,2449.927
2449969446,2,416055552.0,-863564992.0,24957.0,0,0.0,0.0,0.0,0.0,0.0,0.0,2449.969
2450009537,2,416055552.0,-863564992.0,24957.0,0,0.0,0.0,0.0,0.0,0.0,0.0,2450.01
2450059426,2,416055552.0,-863564992.0,24957.0,0,0.0,0.0,0.0,0.0,0.0,0.0,2450.059
2450089679,2,416055552.0,-863564992.0,24957.0,0,0.0,0.0,0.0,0.0,0.0,0.0,2450.09
2450129907,2,416055552.0,-863564992.0,24957.0,0,0.0,0.0,0.0,0.0,0.0,0.0,2450.13
2450169503,2,416055552.0,-863564992.0,24957.0,0,0.0,0.0,0.0,0.0,0.0,0.0,2450.17
2450209445,2,416055552.0,-863564992.0,24957.0,0,0.0,0.0,0.0,0.0,0.0,0.0,2450.209
2450250396,2,416055552.0,-863564992.0,24957.0,0,0.0,0.0,0.0,0.0,0.0,0.0,2450.25
2450289703,2,416055552.0,-863564992.0,24957.0,0,0.0,0.0,0.0,0.0,0.0,0.0,2450.29
2450329869,2,416055552.0,-863564992.0,24957.0,0,0.0,0.0,0.0,0.0,0.0,0.0,2450.33
2450381943,2,416055552.0,-863564992.0,24957.0,0,0.0,0.0,0.0,0.0,0.0,0.0,2450.382
2450409536,2,416055552.0,-863564992.0,24957.0,0,0.0,0.0,0.0,0.0,0.0,0.0,2450.41
2450452218,2,416055552.0,-863564992.0,24957.0,0,0.0,0.0,0.0,0.0,0.0,0.0,2450.452
2450489784,2,416055552.0,-863564992.0,24957.0,0,0.0,0.0,0.0,0.0,0.0,0.0,2450.49
2450529886,2,416055552.0,-863564992.0,24957.0,0,0.0,0.0,0.0,0.0,0.0,0.0,2450.53
2450569503,2,416055552.0,-863564992.0,24957.0,0,0.0,0.0,0.0,0.0,0.0,0.0,2450.57
2450609453,2,416055552.0,-863564992.0,24957.0,0,0.0,0.0,0.0,0.0,0.0,0.0,2450.609
2450650841,2,416055552.0,-863564992.0,24957.0,0,0.0,0.0,0.0,0.0,0.0,0.0,2450.651
2450689708,2,416055552.0,-863564992.0,24957.0,0,0.0,0.0,0.0,0.0,0.0,0.0,2450.69
2450729918,2,416055552.0,-863564992.0,24957.0,0,0.0,0.0,0.0,0.0,0.0,0.0,2450.73
2450769565,2,416055552.0,-863564992.0,24957.0,0,0.0,0.0,0.0,0.0,0.0,0.0,2450.77
2450812379,2,416055552.0,-863564992.0,24957.0,0,0.0,0.0,0.0,0.0,0.0,0.0,2450.812
2450850337,2,416055552.0,-863564992.0,24957.0,0,0.0,0.0,0.0,0.0,0.0,0.0,2450.85
2450892200,2,416055552.0,-863564992.0,24957.0,0,0.0,0.0,0.0,0.0,0.0,0.0,2450.892
2450929907,2,416055552.0,-863564992.0,24957.0,0,0.0,0.0,0.0,0.0,0.0,0.0,2450.93
2450971848,2,416055552.0,-863564992.0,24957.0,0,0.0,0.0,0.0,0.0,0.0,0.0,2450.972
2451012295,2,416055552.0,-863564992.0,24957.0,0,0.0,0.0,0.0,0.0,0.0,0.0,2451.012
2451050333,2,416055552.0,-863564992.0,24957.0,0,0.0,0.0,0.0,0.0,0.0,0.0,2451.05
2451092282,2,416055552.0,-863564992.0,24957.0,0,0.0,0.0,0.0,0.0,0.0,0.0,2451.092
2451131907,2,416055552.0,-863564992.0,24957.0,0,0.0,0.0,0.0,0.0,0.0,0.0,2451.132
2451171935,2,416055552.0,-863564992.0,24957.0,0,0.0,0.0,0.0,0.0,0.0,0.0,2451.172
2451212287,2,416055552.0,-863564992.0,24957.0,0,0.0,0.0,0.0,0.0,0.0,0.0,2451.212
2451252103,2,416055552.0,-863564992.0,24957.0,0,0.0,0.0,0.0,0.0,0.0,0.0,2451.252
2451292367,2,416055552.0,-863564992.0,24957.0,0,0.0,0.0,0.0,0.0,0.0,0.0,2451.292
2451332086,2,416055552.0,-863564992.0,24957.0,0,0.0,0.0,0.0,0.0,0.0,0.0,2451.332
2451371966,2,416055552.0,-863564992.0,24957.0,0,0.0,0.0,0.0,0.0,0.0,0.0,2451.372
2451412377,2,416055552.0,-863564992.0,24957.0,0,0.0,0.0,0.0,0.0,0.0,0.0,2451.412
2451454788,2,416055552.0,-863564992.0,24957.0,0,0.0,0.0,0.0,0.0,0.0,0.0,2451.455
2451492258,2,416055552.0,-863564992.0,24957.0,0,0.0,0.0,0.0,0.0,0.0,0.0,2451.492
2451532074,2,416055552.0,-863564992.0,24957.0,0,0.0,0.0,0.0,0.0,0.0,0.0,2451.532
2451571993,2,416055552.0,-863564992.0,24957.0,0,0.0,0.0,0.0,0.0,0.0,0.0,2451.572
2451612319,2,416055552.0,-863564992.0,24957.0,0,0.0,0.0,0.0,0.0,0.0,0.0,2451.612
2451652099,2,416055552.0,-863564992.0,24957.0,0,0.0,0.0,0.0,0.0,0.0,0.0,2451.652
2451692298,2,416055552.0,-863564992.0,24957.0,0,0.0,0.0,0.0,0.0,0.0,0.0,2451.692
2451731987,2,416055552.0,-863564992.0,24957.0,0,0.0,0.0,0.0,0.0,0.0,0.0,2451.732
2451771989,2,416055552.0,-863564992.0,24957.0,0,0.0,0.0,0.0,0.0,0.0,0.0,2451.772
2451812310,2,416055552.0,-863564992.0,24957.0,0,0.0,0.0,0.0,0.0,0.0,0.0,2451.812
2451852115,2,416055552.0,-863564992.0,24957.0,0,0.0,0.0,0.0,0.0,0.0,0.0,2451.852
2451894509,2,416055552.0,-863564992.0,24957.0,0,0.0,0.0,0.0,0.0,0.0,0.0,2451.895
2451931931,2,416055552.0,-863564992.0,24957.0,0,0.0,0.0,0.0,0.0,0.0,0.0,2451.932
2451971974,2,416055552.0,-863564992.0,24957.0,0,0.0,0.0,0.0,0.0,0.0,0.0,2451.972
2452012352,2,416055552.0,-863564992.0,24957.0,0,0.0,0.0,0.0,0.0,0.0,0.0,2452.012
2452052200,2,416055552.0,-863564992.0,24957.0,0,0.0,0.0,0.0,0.0,0.0,0.0,2452.052
2452092267,2,416055552.0,-863564992.0,24957.0,0,0.0,0.0,0.0,0.0,0.0,0.0,2452.092
2452134495,2,416055552.0,-863564992.0,24957.0,0,0.0,0.0,0.0,0.0,0.0,0.0,2452.134
2452174820,2,416055552.0,-863564992.0,24957.0,0,0.0,0.0,0.0,0.0,0.0,0.0,2452.175
2452212350,2,416055552.0,-863564992.0,24957.0,0,0.0,0.0,0.0,0.0,0.0,0.0,2452.212
2452252244,2,416055552.0,-863564992.0,24957.0,0,0.0,0.0,0.0,0.0,0.0,0.0,2452.252
2452292252,2,416055552.0,-863564992.0,24957.0,0,0.0,0.0,0.0,0.0,0.0,0.0,2452.292
2452334451,2,416055552.0,-863564992.0,24957.0,0,0.0,0.0,0.0,0.0,0.0,0.0,2452.334
2452371931,2,416055552.0,-863564992.0,24957.0,0,0.0,0.0,0.0,0.0,0.0,0.0,2452.372
2452412358,2,416055552.0,-863564992.0,24957.0,0,0.0,0.0,0.0,0.0,0.0,0.0,2452.412
2452454798,2,416055552.0,-863564992.0,24957.0,0,0.0,0.0,0.0,0.0,0.0,0.0,2452.455
2452494329,2,416055552.0,-863564992.0,24957.0,0,0.0,0.0,0.0,0.0,0.0,0.0,2452.494
2452534419,2,416055552.0,-863564992.0,24957.0,0,0.0,0.0,0.0,0.0,0.0,0.0,2452.534
2452574806,2,416055552.0,-863564992.0,24957.0,0,0.0,0.0,0.0,0.0,0.0,0.0,2452.575
2452612364,2,416055552.0,-863564992.0,24957.0,0,0.0,0.0,0.0,0.0,0.0,0.0,2452.612
2452654706,2,416055552.0,-863564992.0,24957.0,0,0.0,0.0,0.0,0.0,0.0,0.0,2452.655
2452694423,2,416055552.0,-863564992.0,24957.0,0,0.0,0.0,0.0,0.0,0.0,0.0,2452.694
2452734403,2,416055552.0,-863564992.0,24957.0,0,0.0,0.0,0.0,0.0,0.0,0.0,2452.734
2452774814,2,416055552.0,-863564992.0,24957.0,0,0.0,0.0,0.0,0.0,0.0,0.0,2452.775
2452812433,2,416055552.0,-863564992.0,24957.0,0,0.0,0.0,0.0,0.0,0.0,0.0,2452.812
2452854714,2,416055552.0,-863564992.0,24957.0,0,0.0,0.0,0.0,0.0,0.0,0.0,2452.855
2452896906,2,416055552.0,-863564992.0,24957.0,0,0.0,0.0,0.0,0.0,0.0,0.0,2452.897
2452934414,2,416055552.0,-863564992.0,24957.0,0,0.0,0.0,0.0,0.0,0.0,0.0,2452.934
2452974843,2,416055552.0,-863564992.0,24957.0,0,0.0,0.0,0.0,0.0,0.0,0.0,2452.975
2453016001,2,416055552.0,-863564992.0,24957.0,0,0.0,0.0,0.0,0.0,0.0,0.0,2453.016
2453054755,2,416055552.0,-863564992.0,24957.0,0,0.0,0.0,0.0,0.0,0.0,0.0,2453.055
2453094451,2,416055552.0,-863564992.0,24957.0,0,0.0,0.0,0.0,0.0,0.0,0.0,2453.094
2453134454,2,416055552.0,-863564992.0,24957.0,0,0.0,0.0,0.0,0.0,0.0,0.0,2453.134
2453174853,2,416055552.0,-863564992.0,24957.0,0,0.0,0.0,0.0,0.0,0.0,0.0,2453.175
2453215969,2,416055552.0,-863564992.0,24957.0,0,0.0,0.0,0.0,0.0,0.0,0.0,2453.216
2453254783,2,416055552.0,-863564992.0,24957.0,0,0.0,0.0,0.0,0.0,0.0,0.0,2453.255
2453294532,2,416055552.0,-863564992.0,24957.0,0,0.0,0.0,0.0,0.0,0.0,0.0,2453.295
2453334469,2,416055552.0,-863564992.0,24957.0,0,0.0,0.0,0.0,0.0,0.0,0.0,2453.334
2453374800,2,416055552.0,-863564992.0,24957.0,0,0.0,0.0,0.0,0.0,0.0,0.0,2453.375
2453415964,2,416055552.0,-863564992.0,24957.0,0,0.0,0.0,0.0,0.0,0.0,0.0,2453.416
2453457038,2,416055552.0,-863564992.0,24957.0,0,0.0,0.0,0.0,0.0,0.0,0.0,2453.457
2453494463,2,416055552.0,-863564992.0,24957.0,0,0.0,0.0,0.0,0.0,0.0,0.0,2453.494
2453534591,2,416055552.0,-863564992.0,24957.0,0,0.0,0.0,0.0,0.0,0.0,0.0,2453.535
2453574820,2,416055552.0,-863564992.0,24957.0,0,0.0,0.0,0.0,0.0,0.0,0.0,2453.575
2453615934,2,416055552.0,-863564992.0,24957.0,0,0.0,0.0,0.0,0.0,0.0,0.0,2453.616
2453654872,2,416055552.0,-863564992.0,24957.0,0,0.0,0.0,0.0,0.0,0.0,0.0,2453.655
2453694484,2,416055552.0,-863564992.0,24957.0,0,0.0,0.0,0.0,0.0,0.0,0.0,2453.694
2453734489,2,416055552.0,-863564992.0,24957.0,0,0.0,0.0,0.0,0.0,0.0,0.0,2453.734
2453774844,2,416055552.0,-863564992.0,24957.0,0,0.0,0.0,0.0,0.0,0.0,0.0,2453.775
2453815954,2,416055552.0,-863564992.0,24957.0,0,0.0,0.0,0.0,0.0,0.0,0.0,2453.816
2453854677,2,416055552.0,-863564992.0,24957.0,0,0.0,0.0,0.0,0.0,0.0,0.0,2453.855
2453899754,2,416055552.0,-863564992.0,24957.0,0,0.0,0.0,0.0,0.0,0.0,0.0,2453.9
2453934434,2,416055552.0,-863564992.0,24957.0,0,0.0,0.0,0.0,0.0,0.0,0.0,2453.934
2453974817,2,416055552.0,-863564992.0,24957.0,0,0.0,0.0,0.0,0.0,0.0,0.0,2453.975
2454016019,2,416055552.0,-863564992.0,24957.0,0,0.0,0.0,0.0,0.0,0.0,0.0,2454.016
2454054756,2,416055552.0,-863564992.0,24957.0,0,0.0,0.0,0.0,0.0,0.0,0.0,2454.055
2454097077,2,416055552.0,-863564992.0,24957.0,0,0.0,0.0,0.0,0.0,0.0,0.0,2454.097
2454137199,2,416055552.0,-863564992.0,24957.0,0,0.0,0.0,0.0,0.0,0.0,0.0,2454.137
2454177252,2,416055552.0,-863564992.0,24957.0,0,0.0,0.0,0.0,0.0,0.0,0.0,2454.177
2454216095,2,416055552.0,-863564992.0,24957.0,0,0.0,0.0,0.0,0.0,0.0,0.0,2454.216
2454256929,2,416055552.0,-863564992.0,24957.0,0,0.0,0.0,0.0,0.0,0.0,0.0,2454.257
2454296969,2,416055552.0,-863564992.0,24957.0,0,0.0,0.0,0.0,0.0,0.0,0.0,2454.297
2454337333,2,416055552.0,-863564992.0,24957.0,0,0.0,0.0,0.0,0.0,0.0,0.0,2454.337
2454377233,2,416055552.0,-863564992.0,24957.0,0,0.0,0.0,0.0,0.0,0.0,0.0,2454.377
2454416179,2,416055552.0,-863564992.0,24957.0,0,0.0,0.0,0.0,0.0,0.0,0.0,2454.416
2454462201,2,416055552.0,-863564992.0,24957.0,0,0.0,0.0,0.0,0.0,0.0,0.0,2454.462
2454496932,2,416055552.0,-863564992.0,24957.0,0,0.0,0.0,0.0,0.0,0.0,0.0,2454.497
2454537282,2,416055552.0,-863564992.0,24957.0,0,0.0,0.0,0.0,0.0,0.0,0.0,2454.537
2454577269,2,416055552.0,-863564992.0,24957.0,0,0.0,0.0,0.0,0.0,0.0,0.0,2454.577
2454616059,2,416055552.0,-863564992.0,24957.0,0,0.0,0.0,0.0,0.0,0.0,0.0,2454.616
2454659692,2,416055552.0,-863564992.0,24950.0,0,0.0,0.0,0.0,0.0,0.0,0.0,2454.66
2454699802,2,416055552.0,-863564992.0,24950.0,0,0.0,0.0,0.0,0.0,0.0,0.0,2454.7
2454739653,2,416055552.0,-863564992.0,24951.0,0,0.0,0.0,0.0,0.0,0.0,0.0,2454.74
2454779761,2,416055552.0,-863564992.0,24951.0,0,0.0,0.0,0.0,0.0,0.0,0.0,2454.78
2454819442,2,416055552.0,-863564992.0,24951.0,0,0.0,0.0,0.0,0.0,0.0,0.0,2454.819
2454859515,2,416055552.0,-863564992.0,24951.0,0,0.0,0.0,0.0,0.0,0.0,0.0,2454.86
2454902183,2,416055552.0,-863564992.0,24951.0,0,0.0,0.0,0.0,0.0,0.0,0.0,2454.902
2454939711,2,416055552.0,-863564992.0,24951.0,0,0.0,0.0,0.0,0.0,0.0,0.0,2454.94
2454979820,2,416055552.0,-863564992.0,24951.0,0,0.0,0.0,0.0,0.0,0.0,0.0,2454.98
2455019461,2,416055552.0,-863564992.0,24951.0,0,0.0,0.0,0.0,0.0,0.0,0.0,2455.019
2455059431,2,416055552.0,-863564992.0,24951.0,0,0.0,0.0,0.0,0.0,0.0,0.0,2455.059
2455099781,2,416055552.0,-863564992.0,24951.0,0,0.0,0.0,0.0,0.0,0.0,0.0,2455.1
2455142283,2,416055552.0,-863564992.0,24951.0,0,0.0,0.0,0.0,0.0,0.0,0.0,2455.142
2455181915,2,416055552.0,-863564992.0,24951.0,0,0.0,0.0,0.0,0.0,0.0,0.0,2455.182
2455219489,2,416055552.0,-863564992.0,24951.0,0,0.0,0.0,0.0,0.0,0.0,0.0,2455.219
2455259446,2,416055552.0,-863564992.0,24951.0,0,0.0,0.0,0.0,0.0,0.0,0.0,2455.259
2455302153,2,416055552.0,-863564992.0,24951.0,0,0.0,0.0,0.0,0.0,0.0,0.0,2455.302
2455342211,2,416055552.0,-863564992.0,24951.0,0,0.0,0.0,0.0,0.0,0.0,0.0,2455.342
2455381965,2,416055552.0,-863564992.0,24951.0,0,0.0,0.0,0.0,0.0,0.0,0.0,2455.382
2455419552,2,416055552.0,-863564992.0,24951.0,0,0.0,0.0,0.0,0.0,0.0,0.0,2455.42
2455464813,2,416055552.0,-863564992.0,24951.0,0,0.0,0.0,0.0,0.0,0.0,0.0,2455.465
2455502220,2,416055552.0,-863564992.0,24951.0,0,0.0,0.0,0.0,0.0,0.0,0.0,2455.502
2455542203,2,416055552.0,-863564992.0,24951.0,0,0.0,0.0,0.0,0.0,0.0,0.0,2455.542
2455579801,2,416055552.0,-863564992.0,24951.0,0,0.0,0.0,0.0,0.0,0.0,0.0,2455.58
2455621953,2,416055552.0,-863564992.0,24951.0,0,0.0,0.0,0.0,0.0,0.0,0.0,2455.622
2455662238,2,416055552.0,-863565056.0,24951.0,0,0.0,0.0,0.0,0.0,0.0,0.0,2455.662
2455702224,2,416055552.0,-863565056.0,24951.0,0,0.0,0.0,0.0,0.0,0.0,0.0,2455.702
2455742267,2,416055552.0,-863565056.0,24951.0,0,0.0,0.0,0.0,0.0,0.0,0.0,2455.742
2455781966,2,416055552.0,-863565056.0,24951.0,0,0.0,0.0,0.0,0.0,0.0,0.0,2455.782
2455821966,2,416055552.0,-863565056.0,24951.0,0,0.0,0.0,0.0,0.0,0.0,0.0,2455.822
2455862268,2,416055552.0,-863565056.0,24951.0,0,0.0,0.0,0.0,0.0,0.0,0.0,2455.862
2455904959,2,416055552.0,-863565056.0,24951.0,0,0.0,0.0,0.0,0.0,0.0,0.0,2455.905
2455942281,2,416055584.0,-863565056.0,24951.0,0,0.0,0.0,0.0,0.0,0.0,0.0,2455.942
2455982018,2,416055584.0,-863565056.0,24951.0,0,0.0,0.0,0.0,0.0,0.0,0.0,2455.982
2456022010,2,416055584.0,-863565056.0,24951.0,0,0.0,0.0,0.0,0.0,0.0,0.0,2456.022
2456062192,2,416055584.0,-863565056.0,24951.0,0,0.0,0.0,0.0,0.0,0.0,0.0,2456.062
2456104843,2,416055584.0,-863565056.0,24951.0,0,0.0,0.0,0.0,0.0,0.0,0.0,2456.105
2456142220,2,416055584.0,-863565056.0,24951.0,0,0.0,0.0,0.0,0.0,0.0,0.0,2456.142
2456184424,2,416055584.0,-863565056.0,24951.0,0,0.0,0.0,0.0,0.0,0.0,0.0,2456.184
2456226109,2,416055584.0,-863565056.0,24951.0,0,0.0,0.0,0.0,0.0,0.0,0.0,2456.226
2456264805,2,416055616.0,-863565056.0,24951.0,0,0.0,0.0,0.0,0.0,0.0,0.0,2456.265
2456302226,2,416055616.0,-863565056.0,24951.0,0,0.0,0.0,0.0,0.0,0.0,0.0,2456.302
2456344599,2,416055616.0,-863565056.0,24951.0,0,0.0,0.0,0.0,0.0,0.0,0.0,2456.345
2456384520,2,416055616.0,-863565056.0,24951.0,0,0.0,0.0,0.0,0.0,0.0,0.0,2456.385
2456426153,2,416055616.0,-863565056.0,24951.0,0,0.0,0.0,0.0,0.0,0.0,0.0,2456.426
2456467263,2,416055616.0,-863565056.0,24951.0,0,0.0,0.0,0.0,0.0,0.0,0.0,2456.467
2456504939,2,416055648.0,-863565056.0,24951.0,0,0.0,0.0,0.0,0.0,0.0,0.0,2456.505
2456542362,2,416055648.0,-863565056.0,24951.0,0,0.0,0.0,0.0,0.0,0.0,0.0,2456.542
2456584477,2,416055648.0,-863565056.0,24951.0,0,0.0,0.0,0.0,0.0,0.0,0.0,2456.584
2456626121,2,416055648.0,-863565056.0,24951.0,0,0.0,0.0,0.0,0.0,0.0,0.0,2456.626
2456662363,2,416055648.0,-863565056.0,24951.0,0,0.0,0.0,0.0,0.0,0.0,0.0,2456.662
2456704836,2,416055680.0,-863565056.0,24951.0,0,0.0,0.0,0.0,0.0,0.0,0.0,2456.705
2456754661,2,416055680.0,-863565056.0,24951.0,0,0.0,0.0,0.0,0.0,0.0,0.0,2456.755
2456784425,2,416055680.0,-863565056.0,24951.0,0,0.0,0.0,0.0,0.0,0.0,0.0,2456.784
2456826138,2,416055680.0,-863565056.0,24951.0,0,0.0,0.0,0.0,0.0,0.0,0.0,2456.826
2456864913,2,416055712.0,-863565056.0,24951.0,0,0.0,0.0,0.0,0.0,0.0,0.0,2456.865
2456909538,2,416055712.0,-863565056.0,24951.0,0,0.0,0.0,0.0,0.0,0.0,0.0,2456.91
2456944554,2,416055712.0,-863565056.0,24951.0,0,0.0,0.0,0.0,0.0,0.0,0.0,2456.945
2456984465,2,416055744.0,-863565056.0,24952.0,0,0.0,0.0,0.0,0.0,0.0,0.0,2456.984
2457026088,2,416055744.0,-863565056.0,24952.0,0,0.0,0.0,0.0,0.0,0.0,0.0,2457.026
2457064844,2,416055744.0,-863565056.0,24952.0,0,0.0,0.0,0.0,0.0,0.0,0.0,2457.065
2457104879,2,416055744.0,-863565056.0,24952.0,0,0.0,0.0,0.0,0.0,0.0,0.0,2457.105
2457144502,2,416055776.0,-863565056.0,24952.0,0,0.0,0.0,0.0,0.0,0.0,0.0,2457.145
2457187362,2,416055776.0,-863565056.0,24952.0,0,0.0,0.0,0.0,0.0,0.0,0.0,2457.187
2457227278,2,416055776.0,-863565056.0,24952.0,0,0.0,0.0,0.0,0.0,0.0,0.0,2457.227
2457264766,2,416055808.0,-863565056.0,24952.0,0,0.0,0.0,0.0,0.0,0.0,0.0,2457.265
2457306913,2,416055808.0,-863565056.0,24952.0,0,0.0,0.0,0.0,0.0,0.0,0.0,2457.307
2457346999,2,416055840.0,-863565056.0,24952.0,0,0.0,0.0,0.0,0.0,0.0,0.0,2457.347
2457387429,2,416055840.0,-863565056.0,24952.0,0,0.0,0.0,0.0,0.0,0.0,0.0,2457.387
2457426107,2,416055840.0,-863565056.0,24952.0,0,0.0,0.0,0.0,0.0,0.0,0.0,2457.426
2457469538,2,416055872.0,-863565056.0,24952.0,0,0.0,0.0,0.0,0.0,0.0,0.0,2457.47
2457509559,2,416055872.0,-863565056.0,24952.0,0,0.0,0.0,0.0,0.0,0.0,0.0,2457.51
2457552121,2,416055872.0,-863565056.0,24952.0,0,0.0,0.0,0.0,0.0,0.0,0.0,2457.552
2457589635,2,416055904.0,-863565056.0,24952.0,0,0.0,0.0,0.0,0.0,0.0,0.0,2457.59
2457627268,2,416055904.0,-863565056.0,24952.0,0,0.0,0.0,0.0,0.0,0.0,0.0,2457.627
2457669447,2,416055936.0,-863565056.0,24952.0,0,0.0,0.0,0.0,0.0,0.0,0.0,2457.669
2457718574,2,416055936.0,-863565056.0,24952.0,0,0.0,0.0,0.0,0.0,0.0,0.0,2457.719
2457752163,2,416055968.0,-863565056.0,24952.0,0,0.0,0.0,0.0,0.0,0.0,0.0,2457.752
2457792232,2,416055968.0,-863565056.0,24952.0,0,0.0,0.0,0.0,0.0,0.0,0.0,2457.792
2457830606,2,416055968.0,-863565056.0,24952.0,0,0.0,0.0,0.0,0.0,0.0,0.0,2457.831
2457874879,2,416056000.0,-863565056.0,24952.0,0,0.0,0.0,0.0,0.0,0.0,0.0,2457.875
2457929873,2,416056000.0,-863565056.0,24952.0,0,0.0,0.0,0.0,0.0,0.0,0.0,2457.93
2457956967,2,416056032.0,-863565056.0,24952.0,0,0.0,0.0,0.0,0.0,0.0,0.0,2457.957
2457999803,2,416056032.0,-863565056.0,24952.0,0,0.0,0.0,0.0,0.0,0.0,0.0,2458.0
2458031939,2,416056064.0,-863565056.0,24952.0,0,0.0,0.0,0.0,0.0,0.0,0.0,2458.032
2458079866,2,416056064.0,-863565056.0,24952.0,0,0.0,0.0,0.0,0.0,0.0,0.0,2458.08
2458126145,2,416056096.0,-863565056.0,24952.0,0,0.0,0.0,0.0,0.0,0.0,0.0,2458.126
2458167238,2,416056096.0,-863565056.0,24952.0,0,0.0,0.0,0.0,0.0,0.0,0.0,2458.167
2458199792,2,416056128.0,-863565056.0,24952.0,0,0.0,0.0,0.0,0.0,0.0,0.0,2458.2
2458237845,2,416056128.0,-863565056.0,24952.0,0,0.0,0.0,0.0,0.0,0.0,0.0,2458.238
2458279750,2,416056160.0,-863565056.0,24952.0,0,0.0,0.0,0.0,0.0,0.0,0.0,2458.28
2458326038,2,416056160.0,-863565056.0,24952.0,0,0.0,0.0,0.0,0.0,0.0,0.0,2458.326
2458362273,2,416056192.0,-863565056.0,24952.0,0,0.0,0.0,0.0,0.0,0.0,0.0,2458.362
2458402211,2,416056192.0,-863565056.0,24952.0,0,0.0,0.0,0.0,0.0,0.0,0.0,2458.402
2458447053,2,416056224.0,-863565056.0,24952.0,0,0.0,0.0,0.0,0.0,0.0,0.0,2458.447
2458484472,2,416056224.0,-863565056.0,24952.0,0,0.0,0.0,0.0,0.0,0.0,0.0,2458.484
2458529966,2,416056256.0,-863565056.0,24952.0,0,0.0,0.0,0.0,0.0,0.0,0.0,2458.53
2458559489,2,416056256.0,-863565056.0,24952.0,0,0.0,0.0,0.0,0.0,0.0,0.0,2458.559
2458599795,2,416056288.0,-863565056.0,24952.0,0,0.0,0.0,0.0,0.0,0.0,0.0,2458.6
2458647007,2,416056288.0,-863565056.0,24952.0,0,0.0,0.0,0.0,0.0,0.0,0.0,2458.647
2458681951,2,416056320.0,-863565056.0,24952.0,0,0.0,0.0,0.0,0.0,0.0,0.0,2458.682
2458727256,2,416056320.0,-863565056.0,24952.0,0,0.0,0.0,0.0,0.0,0.0,0.0,2458.727
2458762219,2,416056352.0,-863565056.0,24952.0,0,0.0,0.0,0.0,0.0,0.0,0.0,2458.762
2458804676,2,416056352.0,-863565056.0,24952.0,0,0.0,0.0,0.0,0.0,0.0,0.0,2458.805
2458847073,2,416056384.0,-863565056.0,24952.0,0,0.0,0.0,0.0,0.0,0.0,0.0,2458.847
2458884410,2,416056416.0,-863565056.0,24952.0,0,0.0,0.0,0.0,0.0,0.0,0.0,2458.884
2458929869,2,416056416.0,-863565056.0,24952.0,0,0.0,0.0,0.0,0.0,0.0,0.0,2458.93
2458964682,2,416056448.0,-863565056.0,24952.0,0,0.0,0.0,0.0,0.0,0.0,0.0,2458.965
2459012294,2,416056480.0,-863565056.0,24952.0,0,0.0,0.0,0.0,0.0,0.0,0.0,2459.012
2459047031,2,416056480.0,-863565056.0,24952.0,0,0.0,0.0,0.0,0.0,0.0,0.0,2459.047
2459084439,2,416056512.0,-863565056.0,24952.0,0,0.0,0.0,0.0,0.0,0.0,0.0,2459.084
2459129845,2,416056512.0,-863565056.0,24952.0,0,0.0,0.0,0.0,0.0,0.0,0.0,2459.13
2459167390,2,416056544.0,-863565056.0,24952.0,0,0.0,0.0,0.0,0.0,0.0,0.0,2459.167
2459206979,2,416056576.0,-863565056.0,24953.0,0,0.0,0.0,0.0,0.0,0.0,0.0,2459.207
2459246936,2,416056576.0,-863565056.0,24953.0,0,0.0,0.0,0.0,0.0,0.0,0.0,2459.247
2459287308,2,416056608.0,-863565056.0,24953.0,0,0.0,0.0,0.0,0.0,0.0,0.0,2459.287
2459331969,2,416056640.0,-863565056.0,24953.0,0,0.0,0.0,0.0,0.0,0.0,0.0,2459.332
2459371991,2,416056640.0,-863565056.0,24953.0,0,0.0,0.0,0.0,0.0,0.0,0.0,2459.372
2459407022,2,416056672.0,-863565056.0,24953.0,0,0.0,0.0,0.0,0.0,0.0,0.0,2459.407
2459446984,2,416056704.0,-863565056.0,24953.0,0,0.0,0.0,0.0,0.0,0.0,0.0,2459.447
2459492139,2,416056736.0,-863565056.0,24953.0,0,0.0,0.0,0.0,0.0,0.0,0.0,2459.492
2459527343,2,416056736.0,-863565056.0,24953.0,0,0.0,0.0,0.0,0.0,0.0,0.0,2459.527
2459569440,2,416056768.0,-863565056.0,24953.0,0,0.0,0.0,0.0,0.0,0.0,0.0,2459.569
2459607017,2,416056800.0,-863565056.0,24953.0,0,0.0,0.0,0.0,0.0,0.0,0.0,2459.607
2459646958,2,416056800.0,-863565056.0,24953.0,0,0.0,0.0,0.0,0.0,0.0,0.0,2459.647
2459689725,2,416056832.0,-863565056.0,24953.0,0,0.0,0.0,0.0,0.0,0.0,0.0,2459.69
2459727321,2,416056864.0,-863565056.0,24953.0,0,0.0,0.0,0.0,0.0,0.0,0.0,2459.727
2459769503,2,416056896.0,-863565056.0,24953.0,0,0.0,0.0,0.0,0.0,0.0,0.0,2459.77
2459809455,2,416056896.0,-863565056.0,24953.0,0,0.0,0.0,0.0,0.0,0.0,0.0,2459.809
2459850446,2,416056928.0,-863565056.0,24953.0,0,0.0,0.0,0.0,0.0,0.0,0.0,2459.85
2459889750,2,416056960.0,-863565056.0,24953.0,0,0.0,0.0,0.0,0.0,0.0,0.0,2459.89
2459934501,2,416056992.0,-863565056.0,24953.0,0,0.0,0.0,0.0,0.0,0.0,0.0,2459.935
2459969580,2,416057024.0,-863565056.0,24953.0,0,0.0,0.0,0.0,0.0,0.0,0.0,2459.97
2460012354,2,416057024.0,-863565056.0,24953.0,0,0.0,0.0,0.0,0.0,0.0,0.0,2460.012
2460050349,2,416057056.0,-863565056.0,24953.0,0,0.0,0.0,0.0,0.0,0.0,0.0,2460.05
2460089716,2,416057088.0,-863565056.0,24953.0,0,0.0,0.0,0.0,0.0,0.0,0.0,2460.09
2460131911,2,416057120.0,-863565056.0,24953.0,0,0.0,0.0,0.0,0.0,0.0,0.0,2460.132
2460171932,2,416057120.0,-863565056.0,24953.0,0,0.0,0.0,0.0,0.0,0.0,0.0,2460.172
2460212342,2,416057152.0,-863565056.0,24953.0,0,0.0,0.0,0.0,0.0,0.0,0.0,2460.212
2460252215,2,416057184.0,-863565056.0,24953.0,0,0.0,0.0,0.0,0.0,0.0,0.0,2460.252
2460292220,2,416057216.0,-863565056.0,24953.0,0,0.0,0.0,0.0,0.0,0.0,0.0,2460.292
2460332010,2,416057248.0,-863565056.0,24953.0,0,0.0,0.0,0.0,0.0,0.0,0.0,2460.332
2460374995,2,416057280.0,-863565056.0,24953.0,0,0.0,0.0,0.0,0.0,0.0,0.0,2460.375
2460412354,2,416057280.0,-863565056.0,24953.0,0,0.0,0.0,0.0,0.0,0.0,0.0,2460.412
2460452194,2,416057312.0,-863565056.0,24953.0,0,0.0,0.0,0.0,0.0,0.0,0.0,2460.452
2460494438,2,416057344.0,-863565056.0,24953.0,0,0.0,0.0,0.0,0.0,0.0,0.0,2460.494
2460532053,2,416057376.0,-863565056.0,24953.0,0,0.0,0.0,0.0,0.0,0.0,0.0,2460.532
2460574815,2,416057408.0,-863565056.0,24953.0,0,0.0,0.0,0.0,0.0,0.0,0.0,2460.575
2460616008,2,416057440.0,-863565056.0,24953.0,0,0.0,0.0,0.0,0.0,0.0,0.0,2460.616
2460654699,2,416057440.0,-863565056.0,24953.0,0,0.0,0.0,0.0,0.0,0.0,0.0,2460.655
2460692287,2,416057472.0,-863565056.0,24953.0,0,0.0,0.0,0.0,0.0,0.0,0.0,2460.692
2460732063,2,416057504.0,-863565056.0,24953.0,0,0.0,0.0,0.0,0.0,0.0,0.0,2460.732
2460771972,2,416057536.0,-863565056.0,24953.0,0,0.0,0.0,0.0,0.0,0.0,0.0,2460.772
2460812279,2,416057568.0,-863565056.0,24953.0,0,0.0,0.0,0.0,0.0,0.0,0.0,2460.812
2460856921,2,416057600.0,-863565056.0,24953.0,0,0.0,0.0,0.0,0.0,0.0,0.0,2460.857
2460894515,2,416057600.0,-863565056.0,24953.0,0,0.0,0.0,0.0,0.0,0.0,0.0,2460.895
2460937312,2,416057632.0,-863565056.0,24953.0,0,0.0,0.0,0.0,0.0,0.0,0.0,2460.937
2460974846,2,416057664.0,-863565056.0,24953.0,0,0.0,0.0,0.0,0.0,0.0,0.0,2460.975
2461015975,2,416057696.0,-863565056.0,24953.0,0,0.0,0.0,0.0,0.0,0.0,0.0,2461.016
2461054757,2,416057728.0,-863565056.0,24953.0,0,0.0,0.0,0.0,0.0,0.0,0.0,2461.055
2461094614,2,416057760.0,-863565056.0,24953.0,0,0.0,0.0,0.0,0.0,0.0,0.0,2461.095
2461134464,2,416057760.0,-863565056.0,24953.0,0,0.0,0.0,0.0,0.0,0.0,0.0,2461.134
2461174751,2,416057792.0,-863565056.0,24953.0,0,0.0,0.0,0.0,0.0,0.0,0.0,2461.175
2461216079,2,416057824.0,-863565056.0,24953.0,0,0.0,0.0,0.0,0.0,0.0,0.0,2461.216
2461254821,2,416057856.0,-863565056.0,24953.0,0,0.0,0.0,0.0,0.0,0.0,0.0,2461.255
2461294456,2,416057888.0,-863565056.0,24953.0,0,0.0,0.0,0.0,0.0,0.0,0.0,2461.294
2461334505,2,416057920.0,-863565056.0,24953.0,0,0.0,0.0,0.0,0.0,0.0,0.0,2461.335
2461374836,2,416057952.0,-863565056.0,24954.0,0,0.0,0.0,0.0,0.0,0.0,0.0,2461.375
2461416114,2,416057952.0,-863565056.0,24954.0,0,0.0,0.0,0.0,0.0,0.0,0.0,2461.416
2461454793,2,416057984.0,-863565056.0,24954.0,0,0.0,0.0,0.0,0.0,0.0,0.0,2461.455
2461499790,2,416058016.0,-863565056.0,24954.0,0,0.0,0.0,0.0,0.0,0.0,0.0,2461.5
2461534497,2,416058048.0,-863565056.0,24954.0,0,0.0,0.0,0.0,0.0,0.0,0.0,2461.534
2461577292,2,416058080.0,-863565056.0,24954.0,0,0.0,0.0,0.0,0.0,0.0,0.0,2461.577
2461616046,2,416058112.0,-863565056.0,24954.0,0,0.0,0.0,0.0,0.0,0.0,0.0,2461.616
2461657044,2,416058112.0,-863565056.0,24954.0,0,0.0,0.0,0.0,0.0,0.0,0.0,2461.657
2461694429,2,416058144.0,-863565056.0,24954.0,0,0.0,0.0,0.0,0.0,0.0,0.0,2461.694
2461737291,2,416058176.0,-863565056.0,24954.0,0,0.0,0.0,0.0,0.0,0.0,0.0,2461.737
2461777213,2,416058208.0,-863565056.0,24954.0,0,0.0,0.0,0.0,0.0,0.0,0.0,2461.777
2461816131,2,416058240.0,-863565056.0,24954.0,0,0.0,0.0,0.0,0.0,0.0,0.0,2461.816
2461856980,2,416058240.0,-863565056.0,24954.0,0,0.0,0.0,0.0,0.0,0.0,0.0,2461.857
2461897081,2,416058272.0,-863565056.0,24954.0,0,0.0,0.0,0.0,0.0,0.0,0.0,2461.897
2461939667,2,416058304.0,-863565056.0,24954.0,0,0.0,0.0,0.0,0.0,0.0,0.0,2461.94
2461977293,2,416058336.0,-863565056.0,24954.0,0,0.0,0.0,0.0,0.0,0.0,0.0,2461.977
2462016021,2,416058368.0,-863565056.0,24954.0,0,0.0,0.0,0.0,0.0,0.0,0.0,2462.016
2462056949,2,416058368.0,-863565056.0,24954.0,0,0.0,0.0,0.0,0.0,0.0,0.0,2462.057
2462099697,2,416058400.0,-863565056.0,24954.0,0,0.0,0.0,0.0,0.0,0.0,0.0,2462.1
2462137242,2,416058432.0,-863565056.0,24954.0,0,0.0,0.0,0.0,0.0,0.0,0.0,2462.137
2462179754,2,416058464.0,-863565056.0,24954.0,0,0.0,0.0,0.0,0.0,0.0,0.0,2462.18
2462218529,2,416058496.0,-863565056.0,24954.0,0,0.0,0.0,0.0,0.0,0.0,0.0,2462.219
2462259510,2,416058496.0,-863565056.0,24954.0,0,0.0,0.0,0.0,0.0,0.0,0.0,2462.26
2462299722,2,416058528.0,-863565056.0,24954.0,0,0.0,0.0,0.0,0.0,0.0,0.0,2462.3
2462337268,2,416058560.0,-863565056.0,24954.0,0,0.0,0.0,0.0,0.0,0.0,0.0,2462.337
2462377400,2,416058592.0,-863565056.0,24954.0,0,0.0,0.0,0.0,0.0,0.0,0.0,2462.377
2462418508,2,416058592.0,-863565056.0,24954.0,0,0.0,0.0,0.0,0.0,0.0,0.0,2462.419
2462459507,2,416058624.0,-863565056.0,24954.0,0,0.0,0.0,0.0,0.0,0.0,0.0,2462.46
2462502083,2,416058656.0,-863565056.0,24954.0,0,0.0,0.0,0.0,0.0,0.0,0.0,2462.502
2462539690,2,416058688.0,-863565056.0,24954.0,0,0.0,0.0,0.0,0.0,0.0,0.0,2462.54
2462579926,2,416058688.0,-863565056.0,24954.0,0,0.0,0.0,0.0,0.0,0.0,0.0,2462.58
2462618674,2,416058720.0,-863565056.0,24954.0,0,0.0,0.0,0.0,0.0,0.0,0.0,2462.619
2462659467,2,416058752.0,-863565056.0,24954.0,0,0.0,0.0,0.0,0.0,0.0,0.0,2462.659
2462699786,2,416058784.0,-863565056.0,24954.0,0,0.0,0.0,0.0,0.0,0.0,0.0,2462.7
2462739741,2,416058784.0,-863565056.0,24954.0,0,0.0,0.0,0.0,0.0,0.0,0.0,2462.74
2462781962,2,416058816.0,-863565056.0,24954.0,0,0.0,0.0,0.0,0.0,0.0,0.0,2462.782
2462819510,2,416058848.0,-863565056.0,24954.0,0,0.0,0.0,0.0,0.0,0.0,0.0,2462.82
2462859466,2,416058880.0,-863565056.0,24954.0,0,0.0,0.0,0.0,0.0,0.0,0.0,2462.859
2462899779,2,416058880.0,-863565056.0,24954.0,0,0.0,0.0,0.0,0.0,0.0,0.0,2462.9
2462944582,2,416058912.0,-863565056.0,24954.0,0,0.0,0.0,0.0,0.0,0.0,0.0,2462.945
2462981925,2,416058944.0,-863565056.0,24954.0,0,0.0,0.0,0.0,0.0,0.0,0.0,2462.982
2463022077,2,416058976.0,-863565056.0,24954.0,0,0.0,0.0,0.0,0.0,0.0,0.0,2463.022
2463059467,2,416058976.0,-863565056.0,24954.0,0,0.0,0.0,0.0,0.0,0.0,0.0,2463.059
2463102191,2,416059008.0,-863565056.0,24954.0,0,0.0,0.0,0.0,0.0,0.0,0.0,2463.102
2463142306,2,416059040.0,-863565056.0,24954.0,0,0.0,0.0,0.0,0.0,0.0,0.0,2463.142
2463181922,2,416059072.0,-863565056.0,24954.0,0,0.0,0.0,0.0,0.0,0.0,0.0,2463.182
2463222001,2,416059072.0,-863565056.0,24954.0,0,0.0,0.0,0.0,0.0,0.0,0.0,2463.222
2463262332,2,416059104.0,-863565056.0,24954.0,0,0.0,0.0,0.0,0.0,0.0,0.0,2463.262
2463302225,2,416059136.0,-863565056.0,24954.0,0,0.0,0.0,0.0,0.0,0.0,0.0,2463.302
2463342205,2,416059168.0,-863565056.0,24954.0,0,0.0,0.0,0.0,0.0,0.0,0.0,2463.342
2463384416,2,416059168.0,-863565056.0,24954.0,0,0.0,0.0,0.0,0.0,0.0,0.0,2463.384
2463421973,2,416059200.0,-863565056.0,24954.0,0,0.0,0.0,0.0,0.0,0.0,0.0,2463.422
2463462229,2,416059232.0,-863565056.0,24955.0,0,0.0,0.0,0.0,0.0,0.0,0.0,2463.462
2463504961,2,416059264.0,-863565056.0,24955.0,0,0.0,0.0,0.0,0.0,0.0,0.0,2463.505
2463544469,2,416059264.0,-863565056.0,24955.0,0,0.0,0.0,0.0,0.0,0.0,0.0,2463.544
2463584416,2,416059296.0,-863565056.0,24955.0,0,0.0,0.0,0.0,0.0,0.0,0.0,2463.584
2463621994,2,416059328.0,-863565056.0,24955.0,0,0.0,0.0,0.0,0.0,0.0,0.0,2463.622
2463664860,2,416059360.0,-863565056.0,24955.0,0,0.0,0.0,0.0,0.0,0.0,0.0,2463.665
2463702219,2,416059392.0,-863565056.0,24955.0,0,0.0,0.0,0.0,0.0,0.0,0.0,2463.702
2463744523,2,416059392.0,-863565056.0,24955.0,0,0.0,0.0,0.0,0.0,0.0,0.0,2463.745
2463787383,2,416059424.0,-863565056.0,24955.0,0,0.0,0.0,0.0,0.0,0.0,0.0,2463.787
2463826002,2,416059456.0,-863565056.0,24955.0,0,0.0,0.0,0.0,0.0,0.0,0.0,2463.826
2463864859,2,416059488.0,-863565056.0,24955.0,0,0.0,0.0,0.0,0.0,0.0,0.0,2463.865
2463904971,2,416059520.0,-863565056.0,24955.0,0,0.0,0.0,0.0,0.0,0.0,0.0,2463.905
2463949724,2,416059520.0,-863565056.0,24955.0,0,0.0,0.0,0.0,0.0,0.0,0.0,2463.95
2463984389,2,416059552.0,-863565056.0,24955.0,0,0.0,0.0,0.0,0.0,0.0,0.0,2463.984
2464026036,2,416059584.0,-863565056.0,24955.0,0,0.0,0.0,0.0,0.0,0.0,0.0,2464.026
2464064871,2,416059616.0,-863565056.0,24955.0,0,0.0,0.0,0.0,0.0,0.0,0.0,2464.065
2464104868,2,416059648.0,-863565056.0,24955.0,0,0.0,0.0,0.0,0.0,0.0,0.0,2464.105
2464146923,2,416059648.0,-863565056.0,24955.0,0,0.0,0.0,0.0,0.0,0.0,0.0,2464.147
2464187389,2,416059680.0,-863565056.0,24955.0,0,0.0,0.0,0.0,0.0,0.0,0.0,2464.187
2464227302,2,416059712.0,-863565056.0,24955.0,0,0.0,0.0,0.0,0.0,0.0,0.0,2464.227
2464269464,2,416059744.0,-863565056.0,24955.0,0,0.0,0.0,0.0,0.0,0.0,0.0,2464.269
2464309527,2,416059776.0,-863565056.0,24955.0,0,0.0,0.0,0.0,0.0,0.0,0.0,2464.31
2464346966,2,416059808.0,-863565056.0,24955.0,0,0.0,0.0,0.0,0.0,0.0,0.0,2464.347
2464387428,2,416059808.0,-863565056.0,24955.0,0,0.0,0.0,0.0,0.0,0.0,0.0,2464.387
2464427399,2,416059840.0,-863565056.0,24955.0,0,0.0,0.0,0.0,0.0,0.0,0.0,2464.427
2464467284,2,416059872.0,-863565056.0,24955.0,0,0.0,0.0,0.0,0.0,0.0,0.0,2464.467
2464512316,2,416059904.0,-863565056.0,24955.0,0,0.0,0.0,0.0,0.0,0.0,0.0,2464.512
2464549781,2,416059936.0,-863565056.0,24955.0,0,0.0,0.0,0.0,0.0,0.0,0.0,2464.55
2464587350,2,416059968.0,-863565056.0,24955.0,0,0.0,0.0,0.0,0.0,0.0,0.0,2464.587
2464631933,2,416060000.0,-863565056.0,24955.0,0,0.0,0.0,0.0,0.0,0.0,0.0,2464.632
2464671933,2,416060000.0,-863565056.0,24955.0,0,0.0,0.0,0.0,0.0,0.0,0.0,2464.672
2464709427,2,416060032.0,-863565056.0,24955.0,0,0.0,0.0,0.0,0.0,0.0,0.0,2464.709
2464749768,2,416060064.0,-863565056.0,24955.0,0,0.0,0.0,0.0,0.0,0.0,0.0,2464.75
2464789840,2,416060096.0,-863565056.0,24955.0,0,0.0,0.0,0.0,0.0,0.0,0.0,2464.79
2464831918,2,416060128.0,-863565056.0,24955.0,0,0.0,0.0,0.0,0.0,0.0,0.0,2464.832
2464874977,2,416060160.0,-863565056.0,24955.0,0,0.0,0.0,0.0,0.0,0.0,0.0,2464.875
2464922041,2,416060192.0,-863565056.0,24955.0,0,0.0,0.0,0.0,0.0,0.0,0.0,2464.922
2464964698,2,416060224.0,-863565056.0,24955.0,0,0.0,0.0,0.0,0.0,0.0,0.0,2464.965
2464997071,2,416060224.0,-863565056.0,24955.0,0,0.0,0.0,0.0,0.0,0.0,0.0,2464.997
2465034457,2,416060256.0,-863565056.0,24955.0,0,0.0,0.0,0.0,0.0,0.0,0.0,2465.034
2465081940,2,416060288.0,-863565056.0,24955.0,0,0.0,0.0,0.0,0.0,0.0,0.0,2465.082
2465122063,2,416060320.0,-863565056.0,24955.0,0,0.0,0.0,0.0,0.0,0.0,0.0,2465.122
2465162198,2,416060352.0,-863565056.0,24955.0,0,0.0,0.0,0.0,0.0,0.0,0.0,2465.162
2465204851,2,416060384.0,-863565056.0,24955.0,0,0.0,0.0,0.0,0.0,0.0,0.0,2465.205
2465247018,2,416060416.0,-863565056.0,24955.0,0,0.0,0.0,0.0,0.0,0.0,0.0,2465.247
2465279810,2,416060416.0,-863565056.0,24955.0,0,0.0,0.0,0.0,0.0,0.0,0.0,2465.28
2465318398,2,416060448.0,-863565056.0,24955.0,0,0.0,0.0,0.0,0.0,0.0,0.0,2465.318
2465356926,2,416060480.0,-863565056.0,24955.0,0,0.0,0.0,0.0,0.0,0.0,0.0,2465.357
2465399735,2,416060512.0,-863565056.0,24955.0,0,0.0,0.0,0.0,0.0,0.0,0.0,2465.4
2465444458,2,416060544.0,-863565056.0,24955.0,0,0.0,0.0,0.0,0.0,0.0,0.0,2465.444
2465477871,2,416060544.0,-863565056.0,24955.0,0,0.0,0.0,0.0,0.0,0.0,0.0,2465.478
2465522019,2,416060576.0,-863565056.0,24956.0,0,0.0,0.0,0.0,0.0,0.0,0.0,2465.522
2465559505,2,416060608.0,-863565056.0,24956.0,0,0.0,0.0,0.0,0.0,0.0,0.0,2465.56
2465599761,2,416060640.0,-863565056.0,24956.0,0,0.0,0.0,0.0,0.0,0.0,0.0,2465.6
2465644500,2,416060672.0,-863565056.0,24956.0,0,0.0,0.0,0.0,0.0,0.0,0.0,2465.644
2465679766,2,416060704.0,-863565056.0,24956.0,0,0.0,0.0,0.0,0.0,0.0,0.0,2465.68
2465719452,2,416060704.0,-863565056.0,24956.0,0,0.0,0.0,0.0,0.0,0.0,0.0,2465.719
2465759488,2,416060736.0,-863565056.0,24956.0,0,0.0,0.0,0.0,0.0,0.0,0.0,2465.759
2465802133,2,416060768.0,-863565056.0,24956.0,0,0.0,0.0,0.0,0.0,0.0,0.0,2465.802
2465844544,2,416060800.0,-863565056.0,24956.0,0,0.0,0.0,0.0,0.0,0.0,0.0,2465.845
2465881934,2,416060832.0,-863565056.0,24956.0,0,0.0,0.0,0.0,0.0,0.0,0.0,2465.882
2465922064,2,416060832.0,-863565056.0,24956.0,0,0.0,0.0,0.0,0.0,0.0,0.0,2465.922
2465962274,2,416060864.0,-863565056.0,24956.0,0,0.0,0.0,0.0,0.0,0.0,0.0,2465.962
2466006983,2,416060896.0,-863565056.0,24956.0,0,0.0,0.0,0.0,0.0,0.0,0.0,2466.007
2466042191,2,416060928.0,-863565056.0,24956.0,0,0.0,0.0,0.0,0.0,0.0,0.0,2466.042
2466081925,2,416060928.0,-863565056.0,24956.0,0,0.0,0.0,0.0,0.0,0.0,0.0,2466.082
2466122035,2,416060960.0,-863565056.0,24956.0,0,0.0,0.0,0.0,0.0,0.0,0.0,2466.122
2466162260,2,416060992.0,-863565056.0,24956.0,0,0.0,0.0,0.0,0.0,0.0,0.0,2466.162
2466202231,2,416061024.0,-863565056.0,24956.0,0,0.0,0.0,0.0,0.0,0.0,0.0,2466.202
2466247080,2,416061056.0,-863565056.0,24956.0,0,0.0,0.0,0.0,0.0,0.0,0.0,2466.247
2466281934,2,416061056.0,-863565056.0,24956.0,0,0.0,0.0,0.0,0.0,0.0,0.0,2466.282
2466321970,2,416061088.0,-863565056.0,24956.0,0,0.0,0.0,0.0,0.0,0.0,0.0,2466.322
2466362298,2,416061120.0,-863565056.0,24956.0,0,0.0,0.0,0.0,0.0,0.0,0.0,2466.362
2466402222,2,416061120.0,-863565056.0,24956.0,0,0.0,0.0,0.0,0.0,0.0,0.0,2466.402
2466447012,2,416061152.0,-863565056.0,24956.0,0,0.0,0.0,0.0,0.0,0.0,0.0,2466.447
2466484420,2,416061184.0,-863565056.0,24956.0,0,0.0,0.0,0.0,0.0,0.0,0.0,2466.484
2466529865,2,416061184.0,-863565056.0,24956.0,0,0.0,0.0,0.0,0.0,0.0,0.0,2466.53
2466564705,2,416061216.0,-863565056.0,24956.0,0,0.0,0.0,0.0,0.0,0.0,0.0,2466.565
2466604744,2,416061248.0,-863565056.0,24956.0,0,0.0,0.0,0.0,0.0,0.0,0.0,2466.605
2466646966,2,416061248.0,-863565056.0,24956.0,0,0.0,0.0,0.0,0.0,0.0,0.0,2466.647
2466684436,2,416061280.0,-863565056.0,24956.0,0,0.0,0.0,0.0,0.0,0.0,0.0,2466.684
2466726053,2,416061312.0,-863565056.0,24956.0,0,0.0,0.0,0.0,0.0,0.0,0.0,2466.726
2466764797,2,416061312.0,-863565056.0,24956.0,0,0.0,0.0,0.0,0.0,0.0,0.0,2466.765
2466806945,2,416061344.0,-863565056.0,24956.0,0,0.0,0.0,0.0,0.0,0.0,0.0,2466.807
2466846998,2,416061376.0,-863565056.0,24956.0,0,0.0,0.0,0.0,0.0,0.0,0.0,2466.847
2466887300,2,416061376.0,-863565056.0,24956.0,0,0.0,0.0,0.0,0.0,0.0,0.0,2466.887
2466927262,2,416061408.0,-863565056.0,24956.0,0,0.0,0.0,0.0,0.0,0.0,0.0,2466.927
2466967317,2,416061440.0,-863565056.0,24956.0,0,0.0,0.0,0.0,0.0,0.0,0.0,2466.967
2467009563,2,416061440.0,-863565056.0,24956.0,0,0.0,0.0,0.0,0.0,0.0,0.0,2467.01
2467046922,2,416061472.0,-863565056.0,24956.0,0,0.0,0.0,0.0,0.0,0.0,0.0,2467.047
2467087273,2,416061472.0,-863565056.0,24956.0,0,0.0,0.0,0.0,0.0,0.0,0.0,2467.087
2467126143,2,416061504.0,-863565056.0,24956.0,0,0.0,0.0,0.0,0.0,0.0,0.0,2467.126
2467167036,2,416061504.0,-863565056.0,24956.0,0,0.0,0.0,0.0,0.0,0.0,0.0,2467.167
2467209535,2,416061536.0,-863565056.0,24956.0,0,0.0,0.0,0.0,0.0,0.0,0.0,2467.21
2467250265,2,416061568.0,-863565056.0,24956.0,0,0.0,0.0,0.0,0.0,0.0,0.0,2467.25
2467287238,2,416061568.0,-863565056.0,24956.0,0,0.0,0.0,0.0,0.0,0.0,0.0,2467.287
2467327444,2,416061600.0,-863565056.0,24956.0,0,0.0,0.0,0.0,0.0,0.0,0.0,2467.327
2467377546,2,416061600.0,-863565056.0,24956.0,0,0.0,0.0,0.0,0.0,0.0,0.0,2467.378
2467409543,2,416061632.0,-863565056.0,24956.0,0,0.0,0.0,0.0,0.0,0.0,0.0,2467.41
2467450437,2,416061632.0,-863565056.0,24956.0,0,0.0,0.0,0.0,0.0,0.0,0.0,2467.45
2467489759,2,416061664.0,-863565056.0,24956.0,0,0.0,0.0,0.0,0.0,0.0,0.0,2467.49
2467531946,2,416061664.0,-863565056.0,24956.0,0,0.0,0.0,0.0,0.0,0.0,0.0,2467.532
2467569458,2,416061696.0,-863565056.0,24956.0,0,0.0,0.0,0.0,0.0,0.0,0.0,2467.569
2467609450,2,416061696.0,-863565056.0,24957.0,0,0.0,0.0,0.0,0.0,0.0,0.0,2467.609
2467650852,2,416061728.0,-863565056.0,24957.0,0,0.0,0.0,0.0,0.0,0.0,0.0,2467.651
2467689794,2,416061728.0,-863565056.0,24957.0,0,0.0,0.0,0.0,0.0,0.0,0.0,2467.69
2467729845,2,416061760.0,-863565056.0,24957.0,0,0.0,0.0,0.0,0.0,0.0,0.0,2467.73
2467769476,2,416061760.0,-863565056.0,24957.0,0,0.0,0.0,0.0,0.0,0.0,0.0,2467.769
2467812350,2,416061792.0,-863565056.0,24957.0,0,0.0,0.0,0.0,0.0,0.0,0.0,2467.812
2467852228,2,416061792.0,-863565056.0,24957.0,0,0.0,0.0,0.0,0.0,0.0,0.0,2467.852
2467892149,2,416061824.0,-863565056.0,24957.0,0,0.0,0.0,0.0,0.0,0.0,0.0,2467.892
2467931900,2,416061824.0,-863565056.0,24957.0,0,0.0,0.0,0.0,0.0,0.0,0.0,2467.932
2467971926,2,416061824.0,-863565056.0,24957.0,0,0.0,0.0,0.0,0.0,0.0,0.0,2467.972
2468015988,2,416061856.0,-863565056.0,24957.0,0,0.0,0.0,0.0,0.0,0.0,0.0,2468.016
2468050827,2,416061856.0,-863565056.0,24957.0,0,0.0,0.0,0.0,0.0,0.0,0.0,2468.051
2468092245,2,416061888.0,-863565056.0,24957.0,0,0.0,0.0,0.0,0.0,0.0,0.0,2468.092
2468131954,2,416061888.0,-863565120.0,24957.0,0,0.0,0.0,0.0,0.0,0.0,0.0,2468.132
2468171919,2,416061920.0,-863565120.0,24957.0,0,0.0,0.0,0.0,0.0,0.0,0.0,2468.172
2468212295,2,416061920.0,-863565120.0,24957.0,0,0.0,0.0,0.0,0.0,0.0,0.0,2468.212
2468254621,2,416061952.0,-863565120.0,24957.0,0,0.0,0.0,0.0,0.0,0.0,0.0,2468.255
2468294445,2,416061952.0,-863565120.0,24957.0,0,0.0,0.0,0.0,0.0,0.0,0.0,2468.294
2468331973,2,416061984.0,-863565120.0,24957.0,0,0.0,0.0,0.0,0.0,0.0,0.0,2468.332
2468379728,2,416061984.0,-863565120.0,24957.0,0,0.0,0.0,0.0,0.0,0.0,0.0,2468.38
2468412299,2,416061984.0,-863565120.0,24957.0,0,0.0,0.0,0.0,0.0,0.0,0.0,2468.412
2468452283,2,416062016.0,-863565120.0,24957.0,0,0.0,0.0,0.0,0.0,0.0,0.0,2468.452
2468494430,2,416062016.0,-863565120.0,24957.0,0,0.0,0.0,0.0,0.0,0.0,0.0,2468.494
2468537270,2,416062048.0,-863565120.0,24957.0,0,0.0,0.0,0.0,0.0,0.0,0.0,2468.537
2468574829,2,416062048.0,-863565120.0,24957.0,0,0.0,0.0,0.0,0.0,0.0,0.0,2468.575
2468616082,2,416062080.0,-863565120.0,24957.0,0,0.0,0.0,0.0,0.0,0.0,0.0,2468.616
2468654760,2,416062080.0,-863565120.0,24957.0,0,0.0,0.0,0.0,0.0,0.0,0.0,2468.655
2468694450,2,416062080.0,-863565120.0,24957.0,0,0.0,0.0,0.0,0.0,0.0,0.0,2468.694
2468734441,2,416062112.0,-863565120.0,24957.0,0,0.0,0.0,0.0,0.0,0.0,0.0,2468.734
2468777450,2,416062112.0,-863565120.0,24957.0,0,0.0,0.0,0.0,0.0,0.0,0.0,2468.777
2468816058,2,416062144.0,-863565120.0,24957.0,0,0.0,0.0,0.0,0.0,0.0,0.0,2468.816
2468854692,2,416062144.0,-863565120.0,24957.0,0,0.0,0.0,0.0,0.0,0.0,0.0,2468.855
2468896932,2,416062176.0,-863565120.0,24957.0,0,0.0,0.0,0.0,0.0,0.0,0.0,2468.897
2468934486,2,416062176.0,-863565120.0,24957.0,0,0.0,0.0,0.0,0.0,0.0,0.0,2468.934
2468974853,2,416062208.0,-863565120.0,24957.0,0,0.0,0.0,0.0,0.0,0.0,0.0,2468.975
2469019466,2,416062208.0,-863565120.0,24957.0,0,0.0,0.0,0.0,0.0,0.0,0.0,2469.019
2469056961,2,416062208.0,-863565120.0,24957.0,0,0.0,0.0,0.0,0.0,0.0,0.0,2469.057
2469096937,2,416062240.0,-863565120.0,24957.0,0,0.0,0.0,0.0,0.0,0.0,0.0,2469.097
2469137212,2,416062240.0,-863565120.0,24957.0,0,0.0,0.0,0.0,0.0,0.0,0.0,2469.137
2469177371,2,416062272.0,-863565120.0,24957.0,0,0.0,0.0,0.0,0.0,0.0,0.0,2469.177
2469219347,2,416062272.0,-863565120.0,24957.0,0,0.0,0.0,0.0,0.0,0.0,0.0,2469.219
2469262302,2,416062304.0,-863565120.0,24957.0,0,0.0,0.0,0.0,0.0,0.0,0.0,2469.262
2469302235,2,416062304.0,-863565120.0,24957.0,0,0.0,0.0,0.0,0.0,0.0,0.0,2469.302
2469342125,2,416062336.0,-863565120.0,24957.0,0,0.0,0.0,0.0,0.0,0.0,0.0,2469.342
2469381935,2,416062336.0,-863565120.0,24957.0,0,0.0,0.0,0.0,0.0,0.0,0.0,2469.382
2469419537,2,416062368.0,-863565120.0,24957.0,0,0.0,0.0,0.0,0.0,0.0,0.0,2469.42
2469459424,2,416062368.0,-863565120.0,24957.0,0,0.0,0.0,0.0,0.0,0.0,0.0,2469.459
2469502228,2,416062368.0,-863565120.0,24957.0,0,0.0,0.0,0.0,0.0,0.0,0.0,2469.502
2469546945,2,416062400.0,-863565120.0,24957.0,0,0.0,0.0,0.0,0.0,0.0,0.0,2469.547
2469579790,2,416062400.0,-863565120.0,24957.0,0,0.0,0.0,0.0,0.0,0.0,0.0,2469.58
2469622066,2,416062432.0,-863565120.0,24957.0,0,0.0,0.0,0.0,0.0,0.0,0.0,2469.622
2469662232,2,416062432.0,-863565120.0,24957.0,0,0.0,0.0,0.0,0.0,0.0,0.0,2469.662
2469702269,2,416062464.0,-863565120.0,24957.0,0,0.0,0.0,0.0,0.0,0.0,0.0,2469.702
2469744496,2,416062464.0,-863565120.0,24957.0,0,0.0,0.0,0.0,0.0,0.0,0.0,2469.744
2469784413,2,416062496.0,-863565120.0,24957.0,0,0.0,0.0,0.0,0.0,0.0,0.0,2469.784
2469827902,2,416062496.0,-863565120.0,24958.0,0,0.0,0.0,0.0,0.0,0.0,0.0,2469.828
2469864977,2,416062528.0,-863565120.0,24958.0,0,0.0,0.0,0.0,0.0,0.0,0.0,2469.865
2469902276,2,416062528.0,-863565120.0,24958.0,0,0.0,0.0,0.0,0.0,0.0,0.0,2469.902
2469944508,2,416062560.0,-863565120.0,24958.0,0,0.0,0.0,0.0,0.0,0.0,0.0,2469.945
2469982101,2,416062560.0,-863565120.0,24958.0,0,0.0,0.0,0.0,0.0,0.0,0.0,2469.982
2470026176,2,416062592.0,-863565120.0,24958.0,0,0.0,0.0,0.0,0.0,0.0,0.0,2470.026
2470064901,2,416062592.0,-863565120.0,24958.0,0,0.0,0.0,0.0,0.0,0.0,0.0,2470.065
2470104853,2,416062624.0,-863565120.0,24958.0,0,0.0,0.0,0.0,0.0,0.0,0.0,2470.105
2470144528,2,416062624.0,-863565120.0,24958.0,0,0.0,0.0,0.0,0.0,0.0,0.0,2470.145
2470184445,2,416062656.0,-863565120.0,24958.0,0,0.0,0.0,0.0,0.0,0.0,0.0,2470.184
2470226144,2,416062656.0,-863565120.0,24958.0,0,0.0,0.0,0.0,0.0,0.0,0.0,2470.226
2470264850,2,416062688.0,-863565120.0,24958.0,0,0.0,0.0,0.0,0.0,0.0,0.0,2470.265
2470304837,2,416062688.0,-863565120.0,24958.0,0,0.0,0.0,0.0,0.0,0.0,0.0,2470.305
2470346946,2,416062720.0,-863565120.0,24958.0,0,0.0,0.0,0.0,0.0,0.0,0.0,2470.347
2470387463,2,416062720.0,-863565120.0,24958.0,0,0.0,0.0,0.0,0.0,0.0,0.0,2470.387
2470427924,2,416062752.0,-863565120.0,24958.0,0,0.0,0.0,0.0,0.0,0.0,0.0,2470.428
2470464863,2,416062752.0,-863565120.0,24958.0,0,0.0,0.0,0.0,0.0,0.0,0.0,2470.465
2470507045,2,416062784.0,-863565120.0,24958.0,0,0.0,0.0,0.0,0.0,0.0,0.0,2470.507
2470552260,2,416062784.0,-863565120.0,24958.0,0,0.0,0.0,0.0,0.0,0.0,0.0,2470.552
2470587393,2,416062816.0,-863565120.0,24958.0,0,0.0,0.0,0.0,0.0,0.0,0.0,2470.587
2470628108,2,416062816.0,-863565120.0,24958.0,0,0.0,0.0,0.0,0.0,0.0,0.0,2470.628
2470667226,2,416062848.0,-863565120.0,24958.0,0,0.0,0.0,0.0,0.0,0.0,0.0,2470.667
2470706998,2,416062848.0,-863565120.0,24958.0,0,0.0,0.0,0.0,0.0,0.0,0.0,2470.707
2470749788,2,416062880.0,-863565120.0,24958.0,0,0.0,0.0,0.0,0.0,0.0,0.0,2470.75
2470789786,2,416062880.0,-863565120.0,24958.0,0,0.0,0.0,0.0,0.0,0.0,0.0,2470.79
2470827914,2,416062912.0,-863565120.0,24958.0,0,0.0,0.0,0.0,0.0,0.0,0.0,2470.828
2470867269,2,416062912.0,-863565120.0,24958.0,0,0.0,0.0,0.0,0.0,0.0,0.0,2470.867
2470909442,2,416062944.0,-863565120.0,24958.0,0,0.0,0.0,0.0,0.0,0.0,0.0,2470.909
2470949871,2,416062944.0,-863565120.0,24958.0,0,0.0,0.0,0.0,0.0,0.0,0.0,2470.95
2470987438,2,416062976.0,-863565120.0,24958.0,0,0.0,0.0,0.0,0.0,0.0,0.0,2470.987
2471031985,2,416062976.0,-863565120.0,24958.0,0,0.0,0.0,0.0,0.0,0.0,0.0,2471.032
2471069515,2,416063008.0,-863565120.0,24958.0,0,0.0,0.0,0.0,0.0,0.0,0.0,2471.07
2471116049,2,416063008.0,-863565120.0,24958.0,0,0.0,0.0,0.0,0.0,0.0,0.0,2471.116
2471162233,2,416063040.0,-863565120.0,24958.0,0,0.0,0.0,0.0,0.0,0.0,0.0,2471.162
2471204646,2,416063040.0,-863565120.0,24958.0,0,0.0,0.0,0.0,0.0,0.0,0.0,2471.205
2471234431,2,416063072.0,-863565120.0,24958.0,0,0.0,0.0,0.0,0.0,0.0,0.0,2471.234
2471281869,2,416063072.0,-863565120.0,24958.0,0,0.0,0.0,0.0,0.0,0.0,0.0,2471.282
2471326048,2,416063104.0,-863565120.0,24958.0,0,0.0,0.0,0.0,0.0,0.0,0.0,2471.326
2471362269,2,416063104.0,-863565120.0,24958.0,0,0.0,0.0,0.0,0.0,0.0,0.0,2471.362
2471402318,2,416063104.0,-863565120.0,24958.0,0,0.0,0.0,0.0,0.0,0.0,0.0,2471.402
2471442206,2,416063136.0,-863565120.0,24958.0,0,0.0,0.0,0.0,0.0,0.0,0.0,2471.442
2471481970,2,416063136.0,-863565120.0,24958.0,0,0.0,0.0,0.0,0.0,0.0,0.0,2471.482
2471526101,2,416063168.0,-863565120.0,24958.0,0,0.0,0.0,0.0,0.0,0.0,0.0,2471.526
2471567102,2,416063168.0,-863565120.0,24958.0,0,0.0,0.0,0.0,0.0,0.0,0.0,2471.567
2471612335,2,416063200.0,-863565120.0,24958.0,0,0.0,0.0,0.0,0.0,0.0,0.0,2471.612
2471644459,2,416063200.0,-863565120.0,24958.0,0,0.0,0.0,0.0,0.0,0.0,0.0,2471.644
2471682074,2,416063200.0,-863565120.0,24958.0,0,0.0,0.0,0.0,0.0,0.0,0.0,2471.682
2471719526,2,416063232.0,-863565120.0,24958.0,0,0.0,0.0,0.0,0.0,0.0,0.0,2471.72
2471762282,2,416063232.0,-863565120.0,24958.0,0,0.0,0.0,0.0,0.0,0.0,0.0,2471.762
2471804784,2,416063264.0,-863565120.0,24958.0,0,0.0,0.0,0.0,0.0,0.0,0.0,2471.805
2471854711,2,416063264.0,-863565120.0,24958.0,0,0.0,0.0,0.0,0.0,0.0,0.0,2471.855
2471884437,2,416063264.0,-863565120.0,24958.0,0,0.0,0.0,0.0,0.0,0.0,0.0,2471.884
2471926132,2,416063296.0,-863565120.0,24958.0,0,0.0,0.0,0.0,0.0,0.0,0.0,2471.926
2471967183,2,416063296.0,-863565120.0,24958.0,0,0.0,0.0,0.0,0.0,0.0,0.0,2471.967
2472012249,2,416063296.0,-863565120.0,24958.0,0,0.0,0.0,0.0,0.0,0.0,0.0,2472.012
2472050425,2,416063328.0,-863565120.0,24959.0,0,0.0,0.0,0.0,0.0,0.0,0.0,2472.05
2472087230,2,416063328.0,-863565120.0,24959.0,0,0.0,0.0,0.0,0.0,0.0,0.0,2472.087
2472126086,2,416063328.0,-863565120.0,24959.0,0,0.0,0.0,0.0,0.0,0.0,0.0,2472.126
2472167269,2,416063360.0,-863565120.0,24959.0,0,0.0,0.0,0.0,0.0,0.0,0.0,2472.167
2472206962,2,416063360.0,-863565120.0,24959.0,0,0.0,0.0,0.0,0.0,0.0,0.0,2472.207
2472250415,2,416063360.0,-863565120.0,24959.0,0,0.0,0.0,0.0,0.0,0.0,0.0,2472.25
2472289805,2,416063392.0,-863565120.0,24959.0,0,0.0,0.0,0.0,0.0,0.0,0.0,2472.29
2472329744,2,416063392.0,-863565120.0,24959.0,0,0.0,0.0,0.0,0.0,0.0,0.0,2472.33
2472371931,2,416063392.0,-863565120.0,24959.0,0,0.0,0.0,0.0,0.0,0.0,0.0,2472.372
2472409452,2,416063424.0,-863565120.0,24959.0,0,0.0,0.0,0.0,0.0,0.0,0.0,2472.409
2472450519,2,416063424.0,-863565120.0,24959.0,0,0.0,0.0,0.0,0.0,0.0,0.0,2472.451
2472492130,2,416063424.0,-863565120.0,24959.0,0,0.0,0.0,0.0,0.0,0.0,0.0,2472.492
2472529850,2,416063456.0,-863565120.0,24959.0,0,0.0,0.0,0.0,0.0,0.0,0.0,2472.53
2472574832,2,416063456.0,-863565120.0,24959.0,0,0.0,0.0,0.0,0.0,0.0,0.0,2472.575
2472609499,2,416063456.0,-863565120.0,24959.0,0,0.0,0.0,0.0,0.0,0.0,0.0,2472.609
2472650951,2,416063488.0,-863565120.0,24959.0,0,0.0,0.0,0.0,0.0,0.0,0.0,2472.651
2472692117,2,416063488.0,-863565120.0,24959.0,0,0.0,0.0,0.0,0.0,0.0,0.0,2472.692
2472731920,2,416063488.0,-863565120.0,24959.0,0,0.0,0.0,0.0,0.0,0.0,0.0,2472.732
2472771959,2,416063488.0,-863565120.0,24959.0,0,0.0,0.0,0.0,0.0,0.0,0.0,2472.772
2472812353,2,416063520.0,-863565120.0,24959.0,0,0.0,0.0,0.0,0.0,0.0,0.0,2472.812
2472852254,2,416063520.0,-863565120.0,24959.0,0,0.0,0.0,0.0,0.0,0.0,0.0,2472.852
2472892230,2,416063520.0,-863565120.0,24959.0,0,0.0,0.0,0.0,0.0,0.0,0.0,2472.892
2472931982,2,416063552.0,-863565120.0,24959.0,0,0.0,0.0,0.0,0.0,0.0,0.0,2472.932
2472971932,2,416063552.0,-863565120.0,24959.0,0,0.0,0.0,0.0,0.0,0.0,0.0,2472.972
2473012325,2,416063552.0,-863565120.0,24959.0,0,0.0,0.0,0.0,0.0,0.0,0.0,2473.012
2473056913,2,416063552.0,-863565120.0,24959.0,0,0.0,0.0,0.0,0.0,0.0,0.0,2473.057
2473092215,2,416063584.0,-863565120.0,24959.0,0,0.0,0.0,0.0,0.0,0.0,0.0,2473.092
2473132046,2,416063584.0,-863565120.0,24959.0,0,0.0,0.0,0.0,0.0,0.0,0.0,2473.132
2473171969,2,416063584.0,-863565120.0,24959.0,0,0.0,0.0,0.0,0.0,0.0,0.0,2473.172
2473212400,2,416063616.0,-863565120.0,24959.0,0,0.0,0.0,0.0,0.0,0.0,0.0,2473.212
2473254680,2,416063616.0,-863565120.0,24959.0,0,0.0,0.0,0.0,0.0,0.0,0.0,2473.255
2473294464,2,416063616.0,-863565120.0,24959.0,0,0.0,0.0,0.0,0.0,0.0,0.0,2473.294
2473334450,2,416063648.0,-863565120.0,24959.0,0,0.0,0.0,0.0,0.0,0.0,0.0,2473.334
2473374812,2,416063648.0,-863565120.0,24959.0,0,0.0,0.0,0.0,0.0,0.0,0.0,2473.375
2473412327,2,416063648.0,-863565120.0,24959.0,0,0.0,0.0,0.0,0.0,0.0,0.0,2473.412
2473454712,2,416063648.0,-863565120.0,24959.0,0,0.0,0.0,0.0,0.0,0.0,0.0,2473.455
2473494482,2,416063680.0,-863565120.0,24959.0,0,0.0,0.0,0.0,0.0,0.0,0.0,2473.494
2473534446,2,416063680.0,-863565120.0,24959.0,0,0.0,0.0,0.0,0.0,0.0,0.0,2473.534
2473577323,2,416063680.0,-863565120.0,24959.0,0,0.0,0.0,0.0,0.0,0.0,0.0,2473.577
2473616046,2,416063712.0,-863565120.0,24959.0,0,0.0,0.0,0.0,0.0,0.0,0.0,2473.616
2473657027,2,416063712.0,-863565120.0,24959.0,0,0.0,0.0,0.0,0.0,0.0,0.0,2473.657
2473694462,2,416063712.0,-863565120.0,24959.0,0,0.0,0.0,0.0,0.0,0.0,0.0,2473.694
2473734400,2,416063744.0,-863565120.0,24959.0,0,0.0,0.0,0.0,0.0,0.0,0.0,2473.734
2473774801,2,416063744.0,-863565120.0,24959.0,0,0.0,0.0,0.0,0.0,0.0,0.0,2473.775
2473818454,2,416063744.0,-863565120.0,24959.0,0,0.0,0.0,0.0,0.0,0.0,0.0,2473.818
2473854694,2,416063776.0,-863565120.0,24959.0,0,0.0,0.0,0.0,0.0,0.0,0.0,2473.855
2473894454,2,416063776.0,-863565120.0,24959.0,0,0.0,0.0,0.0,0.0,0.0,0.0,2473.894
2473934536,2,416063776.0,-863565120.0,24959.0,0,0.0,0.0,0.0,0.0,0.0,0.0,2473.935
2473974848,2,416063808.0,-863565120.0,24959.0,0,0.0,0.0,0.0,0.0,0.0,0.0,2473.975
2474016146,2,416063808.0,-863565120.0,24959.0,0,0.0,0.0,0.0,0.0,0.0,0.0,2474.016
2474062259,2,416063808.0,-863565120.0,24959.0,0,0.0,0.0,0.0,0.0,0.0,0.0,2474.062
2474097022,2,416063840.0,-863565120.0,24959.0,0,0.0,0.0,0.0,0.0,0.0,0.0,2474.097
2474137132,2,416063840.0,-863565120.0,24959.0,0,0.0,0.0,0.0,0.0,0.0,0.0,2474.137
2474177328,2,416063840.0,-863565120.0,24959.0,0,0.0,0.0,0.0,0.0,0.0,0.0,2474.177
2474218422,2,416063872.0,-863565120.0,24959.0,0,0.0,0.0,0.0,0.0,0.0,0.0,2474.218
2474259500,2,416063872.0,-863565120.0,24959.0,0,0.0,0.0,0.0,0.0,0.0,0.0,2474.26
2474297042,2,416063904.0,-863565120.0,24959.0,0,0.0,0.0,0.0,0.0,0.0,0.0,2474.297
2474337203,2,416063904.0,-863565120.0,24959.0,0,0.0,0.0,0.0,0.0,0.0,0.0,2474.337
2474392422,2,416063936.0,-863565120.0,24959.0,0,0.0,0.0,0.0,0.0,0.0,0.0,2474.392
2474418477,2,416063936.0,-863565120.0,24959.0,0,0.0,0.0,0.0,0.0,0.0,0.0,2474.418
2474456914,2,416063936.0,-863565120.0,24960.0,0,0.0,0.0,0.0,0.0,0.0,0.0,2474.457
2474518331,2,416063968.0,-863565120.0,24960.0,0,0.0,0.0,0.0,0.0,0.0,0.0,2474.518
2474539761,2,416063968.0,-863565120.0,24960.0,0,0.0,0.0,0.0,0.0,0.0,0.0,2474.54
2474584412,2,416063968.0,-863565120.0,24960.0,0,0.0,0.0,0.0,0.0,0.0,0.0,2474.584
2474618512,2,416064000.0,-863565120.0,24960.0,0,0.0,0.0,0.0,0.0,0.0,0.0,2474.619
2474662311,2,416064000.0,-863565120.0,24960.0,0,0.0,0.0,0.0,0.0,0.0,0.0,2474.662
2474699740,2,416064032.0,-863565120.0,24960.0,0,0.0,0.0,0.0,0.0,0.0,0.0,2474.7
2474739756,2,416064032.0,-863565120.0,24960.0,0,0.0,0.0,0.0,0.0,0.0,0.0,2474.74
2474779694,2,416064032.0,-863565120.0,24960.0,0,0.0,0.0,0.0,0.0,0.0,0.0,2474.78
2474819574,2,416064064.0,-863565120.0,24960.0,0,0.0,0.0,0.0,0.0,0.0,0.0,2474.82
2474862149,2,416064064.0,-863565120.0,24960.0,0,0.0,0.0,0.0,0.0,0.0,0.0,2474.862
2474902275,2,416064096.0,-863565120.0,24960.0,0,0.0,0.0,0.0,0.0,0.0,0.0,2474.902
2474942185,2,416064096.0,-863565120.0,24960.0,0,0.0,0.0,0.0,0.0,0.0,0.0,2474.942
2474981995,2,416064128.0,-863565120.0,24960.0,0,0.0,0.0,0.0,0.0,0.0,0.0,2474.982
2475028017,2,416064128.0,-863565120.0,24960.0,0,0.0,0.0,0.0,0.0,0.0,0.0,2475.028
2475067227,2,416064128.0,-863565120.0,24960.0,0,0.0,0.0,0.0,0.0,0.0,0.0,2475.067
2475104808,2,416064160.0,-863565120.0,24960.0,0,0.0,0.0,0.0,0.0,0.0,0.0,2475.105
2475144641,2,416064160.0,-863565120.0,24960.0,0,0.0,0.0,0.0,0.0,0.0,0.0,2475.145
2475184447,2,416064192.0,-863565120.0,24960.0,0,0.0,0.0,0.0,0.0,0.0,0.0,2475.184
2475222050,2,416064192.0,-863565120.0,24960.0,0,0.0,0.0,0.0,0.0,0.0,0.0,2475.222
2475264849,2,416064224.0,-863565120.0,24960.0,0,0.0,0.0,0.0,0.0,0.0,0.0,2475.265
2475304801,2,416064224.0,-863565120.0,24960.0,0,0.0,0.0,0.0,0.0,0.0,0.0,2475.305
2475344467,2,416064224.0,-863565120.0,24960.0,0,0.0,0.0,0.0,0.0,0.0,0.0,2475.344
2475389956,2,416064256.0,-863565120.0,24960.0,0,0.0,0.0,0.0,0.0,0.0,0.0,2475.39
2475426111,2,416064256.0,-863565120.0,24960.0,0,0.0,0.0,0.0,0.0,0.0,0.0,2475.426
2475464904,2,416064288.0,-863565120.0,24960.0,0,0.0,0.0,0.0,0.0,0.0,0.0,2475.465
2475504841,2,416064288.0,-863565120.0,24960.0,0,0.0,0.0,0.0,0.0,0.0,0.0,2475.505
2475544559,2,416064288.0,-863565120.0,24960.0,0,0.0,0.0,0.0,0.0,0.0,0.0,2475.545
2475599884,2,416064320.0,-863565120.0,24960.0,0,0.0,0.0,0.0,0.0,0.0,0.0,2475.6
2475626043,2,416064320.0,-863565120.0,24960.0,0,0.0,0.0,0.0,0.0,0.0,0.0,2475.626
2475667232,2,416064352.0,-863565120.0,24960.0,0,0.0,0.0,0.0,0.0,0.0,0.0,2475.667
2475709450,2,416064352.0,-863565120.0,24960.0,0,0.0,0.0,0.0,0.0,0.0,0.0,2475.709
2475752271,2,416064384.0,-863565120.0,24960.0,0,0.0,0.0,0.0,0.0,0.0,0.0,2475.752
2475789798,2,416064384.0,-863565120.0,24960.0,0,0.0,0.0,0.0,0.0,0.0,0.0,2475.79
2475827918,2,416064384.0,-863565120.0,24960.0,0,0.0,0.0,0.0,0.0,0.0,0.0,2475.828
2475871939,2,416064416.0,-863565120.0,24960.0,0,0.0,0.0,0.0,0.0,0.0,0.0,2475.872
2475918437,2,416064416.0,-863565120.0,24960.0,0,0.0,0.0,0.0,0.0,0.0,0.0,2475.918
2475952258,2,416064448.0,-863565120.0,24960.0,0,0.0,0.0,0.0,0.0,0.0,0.0,2475.952
2475994334,2,416064448.0,-863565120.0,24960.0,0,0.0,0.0,0.0,0.0,0.0,0.0,2475.994
2476030439,2,416064448.0,-863565120.0,24960.0,0,0.0,0.0,0.0,0.0,0.0,0.0,2476.03
2476077365,2,416064480.0,-863565120.0,24960.0,0,0.0,0.0,0.0,0.0,0.0,0.0,2476.077
2476116052,2,416064480.0,-863565120.0,24960.0,0,0.0,0.0,0.0,0.0,0.0,0.0,2476.116
2476159557,2,416064512.0,-863565120.0,24960.0,0,0.0,0.0,0.0,0.0,0.0,0.0,2476.16
2476202241,2,416064512.0,-863565120.0,24960.0,0,0.0,0.0,0.0,0.0,0.0,0.0,2476.202
2476237813,2,416064512.0,-863565120.0,24960.0,0,0.0,0.0,0.0,0.0,0.0,0.0,2476.238
2476280305,2,416064544.0,-863565120.0,24960.0,0,0.0,0.0,0.0,0.0,0.0,0.0,2476.28
2476318466,2,416064544.0,-863565120.0,24960.0,0,0.0,0.0,0.0,0.0,0.0,0.0,2476.318
2476359546,2,416064576.0,-863565120.0,24960.0,0,0.0,0.0,0.0,0.0,0.0,0.0,2476.36
2476407000,2,416064576.0,-863565120.0,24961.0,0,0.0,0.0,0.0,0.0,0.0,0.0,2476.407
2476444468,2,416064608.0,-863565120.0,24961.0,0,0.0,0.0,0.0,0.0,0.0,0.0,2476.444
2476477398,2,416064608.0,-863565120.0,24961.0,0,0.0,0.0,0.0,0.0,0.0,0.0,2476.477
2476518368,2,416064608.0,-863565120.0,24961.0,0,0.0,0.0,0.0,0.0,0.0,0.0,2476.518
2476559488,2,416064640.0,-863565120.0,24961.0,0,0.0,0.0,0.0,0.0,0.0,0.0,2476.559
2476599812,2,416064640.0,-863565120.0,24961.0,0,0.0,0.0,0.0,0.0,0.0,0.0,2476.6
2476637744,2,416064672.0,-863565120.0,24961.0,0,0.0,0.0,0.0,0.0,0.0,0.0,2476.638
2476677356,2,416064672.0,-863565120.0,24961.0,0,0.0,0.0,0.0,0.0,0.0,0.0,2476.677
2476718392,2,416064672.0,-863565120.0,24961.0,0,0.0,0.0,0.0,0.0,0.0,0.0,2476.718
2476759434,2,416064704.0,-863565120.0,24961.0,0,0.0,0.0,0.0,0.0,0.0,0.0,2476.759
2476799834,2,416064704.0,-863565120.0,24961.0,0,0.0,0.0,0.0,0.0,0.0,0.0,2476.8
2476840258,2,416064736.0,-863565120.0,24961.0,0,0.0,0.0,0.0,0.0,0.0,0.0,2476.84
2476880399,2,416064736.0,-863565120.0,24961.0,0,0.0,0.0,0.0,0.0,0.0,0.0,2476.88
2476918512,2,416064768.0,-863565120.0,24961.0,0,0.0,0.0,0.0,0.0,0.0,0.0,2476.919
2476959519,2,416064768.0,-863565120.0,24961.0,0,0.0,0.0,0.0,0.0,0.0,0.0,2476.96
2476999798,2,416064768.0,-863565120.0,24961.0,0,0.0,0.0,0.0,0.0,0.0,0.0,2477.0
2477040253,2,416064800.0,-863565120.0,24961.0,0,0.0,0.0,0.0,0.0,0.0,0.0,2477.04
2477081934,2,416064800.0,-863565120.0,24961.0,0,0.0,0.0,0.0,0.0,0.0,0.0,2477.082
2477119478,2,416064832.0,-863565120.0,24961.0,0,0.0,0.0,0.0,0.0,0.0,0.0,2477.119
2477159454,2,416064832.0,-863565120.0,24961.0,0,0.0,0.0,0.0,0.0,0.0,0.0,2477.159
2477199806,2,416064832.0,-863565120.0,24961.0,0,0.0,0.0,0.0,0.0,0.0,0.0,2477.2
2477240285,2,416064864.0,-863565120.0,24961.0,0,0.0,0.0,0.0,0.0,0.0,0.0,2477.24
2477280497,2,416064864.0,-863565120.0,24961.0,0,0.0,0.0,0.0,0.0,0.0,0.0,2477.28
2477321961,2,416064896.0,-863565120.0,24961.0,0,0.0,0.0,0.0,0.0,0.0,0.0,2477.322
2477362317,2,416064896.0,-863565120.0,24961.0,0,0.0,0.0,0.0,0.0,0.0,0.0,2477.362
2477402301,2,416064928.0,-863565120.0,24961.0,0,0.0,0.0,0.0,0.0,0.0,0.0,2477.402
2477442128,2,416064928.0,-863565120.0,24961.0,0,0.0,0.0,0.0,0.0,0.0,0.0,2477.442
2477480314,2,416064928.0,-863565120.0,24961.0,0,0.0,0.0,0.0,0.0,0.0,0.0,2477.48
2477521976,2,416064960.0,-863565120.0,24961.0,0,0.0,0.0,0.0,0.0,0.0,0.0,2477.522
2477562264,2,416064960.0,-863565120.0,24961.0,0,0.0,0.0,0.0,0.0,0.0,0.0,2477.562
2477604628,2,416064992.0,-863565120.0,24961.0,0,0.0,0.0,0.0,0.0,0.0,0.0,2477.605
2477642191,2,416064992.0,-863565120.0,24961.0,0,0.0,0.0,0.0,0.0,0.0,0.0,2477.642
2477681963,2,416064992.0,-863565120.0,24961.0,0,0.0,0.0,0.0,0.0,0.0,0.0,2477.682
2477722021,2,416065024.0,-863565120.0,24961.0,0,0.0,0.0,0.0,0.0,0.0,0.0,2477.722
2477762222,2,416065024.0,-863565120.0,24961.0,0,0.0,0.0,0.0,0.0,0.0,0.0,2477.762
2477802250,2,416065056.0,-863565120.0,24961.0,0,0.0,0.0,0.0,0.0,0.0,0.0,2477.802
2477842168,2,416065056.0,-863565120.0,24962.0,0,0.0,0.0,0.0,0.0,0.0,0.0,2477.842
2477882083,2,416065056.0,-863565120.0,24962.0,0,0.0,0.0,0.0,0.0,0.0,0.0,2477.882
2477921990,2,416065088.0,-863565120.0,24962.0,0,0.0,0.0,0.0,0.0,0.0,0.0,2477.922
2477962342,2,416065088.0,-863565120.0,24962.0,0,0.0,0.0,0.0,0.0,0.0,0.0,2477.962
2478002269,2,416065088.0,-863565120.0,24962.0,0,0.0,0.0,0.0,0.0,0.0,0.0,2478.002
2478042192,2,416065120.0,-863565120.0,24962.0,0,0.0,0.0,0.0,0.0,0.0,0.0,2478.042
2478084438,2,416065120.0,-863565120.0,24962.0,0,0.0,0.0,0.0,0.0,0.0,0.0,2478.084
2478122052,2,416065152.0,-863565120.0,24962.0,0,0.0,0.0,0.0,0.0,0.0,0.0,2478.122
2478162215,2,416065152.0,-863565120.0,24962.0,0,0.0,0.0,0.0,0.0,0.0,0.0,2478.162
2478202229,2,416065152.0,-863565120.0,24962.0,0,0.0,0.0,0.0,0.0,0.0,0.0,2478.202
2478242210,2,416065184.0,-863565120.0,24962.0,0,0.0,0.0,0.0,0.0,0.0,0.0,2478.242
2478287306,2,416065184.0,-863565120.0,24962.0,0,0.0,0.0,0.0,0.0,0.0,0.0,2478.287
2478326038,2,416065184.0,-863565120.0,24962.0,0,0.0,0.0,0.0,0.0,0.0,0.0,2478.326
2478367230,2,416065216.0,-863565120.0,24962.0,0,0.0,0.0,0.0,0.0,0.0,0.0,2478.367
2478404694,2,416065216.0,-863565120.0,24962.0,0,0.0,0.0,0.0,0.0,0.0,0.0,2478.405
2478444492,2,416065216.0,-863565120.0,24962.0,0,0.0,0.0,0.0,0.0,0.0,0.0,2478.444
2478484497,2,416065216.0,-863565120.0,24962.0,0,0.0,0.0,0.0,0.0,0.0,0.0,2478.484
2478526054,2,416065248.0,-863565120.0,24962.0,0,0.0,0.0,0.0,0.0,0.0,0.0,2478.526
2478564676,2,416065248.0,-863565120.0,24962.0,0,0.0,0.0,0.0,0.0,0.0,0.0,2478.565
2478607043,2,416065248.0,-863565120.0,24962.0,0,0.0,0.0,0.0,0.0,0.0,0.0,2478.607
2478644464,2,416065280.0,-863565120.0,24962.0,0,0.0,0.0,0.0,0.0,0.0,0.0,2478.644
2478684451,2,416065280.0,-863565120.0,24962.0,0,0.0,0.0,0.0,0.0,0.0,0.0,2478.684
2478726040,2,416065280.0,-863565120.0,24962.0,0,0.0,0.0,0.0,0.0,0.0,0.0,2478.726
2478764791,2,416065280.0,-863565120.0,24962.0,0,0.0,0.0,0.0,0.0,0.0,0.0,2478.765
2478804683,2,416065312.0,-863565120.0,24962.0,0,0.0,0.0,0.0,0.0,0.0,0.0,2478.805
2478844423,2,416065312.0,-863565120.0,24962.0,0,0.0,0.0,0.0,0.0,0.0,0.0,2478.844
2478884440,2,416065312.0,-863565120.0,24962.0,0,0.0,0.0,0.0,0.0,0.0,0.0,2478.884
2478926132,2,416065312.0,-863565120.0,24962.0,0,0.0,0.0,0.0,0.0,0.0,0.0,2478.926
2478964713,2,416065312.0,-863565120.0,24962.0,0,0.0,0.0,0.0,0.0,0.0,0.0,2478.965
2479004652,2,416065344.0,-863565120.0,24962.0,0,0.0,0.0,0.0,0.0,0.0,0.0,2479.005
2479047003,2,416065344.0,-863565120.0,24962.0,0,0.0,0.0,0.0,0.0,0.0,0.0,2479.047
2479089739,2,416065344.0,-863565120.0,24962.0,0,0.0,0.0,0.0,0.0,0.0,0.0,2479.09
2479127319,2,416065344.0,-863565120.0,24962.0,0,0.0,0.0,0.0,0.0,0.0,0.0,2479.127
2479169605,2,416065344.0,-863565120.0,24962.0,0,0.0,0.0,0.0,0.0,0.0,0.0,2479.17
2479209483,2,416065344.0,-863565120.0,24962.0,0,0.0,0.0,0.0,0.0,0.0,0.0,2479.209
2479246999,2,416065376.0,-863565120.0,24962.0,0,0.0,0.0,0.0,0.0,0.0,0.0,2479.247
2479287269,2,416065376.0,-863565184.0,24962.0,0,0.0,0.0,0.0,0.0,0.0,0.0,2479.287
2479327551,2,416065376.0,-863565184.0,24963.0,0,0.0,0.0,0.0,0.0,0.0,0.0,2479.328
2479367188,2,416065376.0,-863565184.0,24963.0,0,0.0,0.0,0.0,0.0,0.0,0.0,2479.367
2479406937,2,416065376.0,-863565184.0,24963.0,0,0.0,0.0,0.0,0.0,0.0,0.0,2479.407
2479447019,2,416065376.0,-863565184.0,24963.0,0,0.0,0.0,0.0,0.0,0.0,0.0,2479.447
2479487333,2,416065376.0,-863565184.0,24963.0,0,0.0,0.0,0.0,0.0,0.0,0.0,2479.487
2479527393,2,416065376.0,-863565184.0,24963.0,0,0.0,0.0,0.0,0.0,0.0,0.0,2479.527
2479567329,2,416065376.0,-863565184.0,24963.0,0,0.0,0.0,0.0,0.0,0.0,0.0,2479.567
2479609516,2,416065408.0,-863565184.0,24963.0,0,0.0,0.0,0.0,0.0,0.0,0.0,2479.61
2479650272,2,416065408.0,-863565184.0,24963.0,0,0.0,0.0,0.0,0.0,0.0,0.0,2479.65
2479687286,2,416065408.0,-863565184.0,24963.0,0,0.0,0.0,0.0,0.0,0.0,0.0,2479.687
2479727366,2,416065408.0,-863565184.0,24963.0,0,0.0,0.0,0.0,0.0,0.0,0.0,2479.727
2479767144,2,416065408.0,-863565184.0,24963.0,0,0.0,0.0,0.0,0.0,0.0,0.0,2479.767
2479809499,2,416065408.0,-863565184.0,24963.0,0,0.0,0.0,0.0,0.0,0.0,0.0,2479.809
2479850375,2,416065408.0,-863565184.0,24963.0,0,0.0,0.0,0.0,0.0,0.0,0.0,2479.85
2479889755,2,416065408.0,-863565184.0,24963.0,0,0.0,0.0,0.0,0.0,0.0,0.0,2479.89
2479929818,2,416065408.0,-863565184.0,24963.0,0,0.0,0.0,0.0,0.0,0.0,0.0,2479.93
2479969430,2,416065408.0,-863565184.0,24963.0,0,0.0,0.0,0.0,0.0,0.0,0.0,2479.969
2480009558,2,416065408.0,-863565184.0,24963.0,0,0.0,0.0,0.0,0.0,0.0,0.0,2480.01
2480050362,2,416065408.0,-863565184.0,24963.0,0,0.0,0.0,0.0,0.0,0.0,0.0,2480.05
2480092075,2,416065408.0,-863565184.0,24963.0,0,0.0,0.0,0.0,0.0,0.0,0.0,2480.092
2480129882,2,416065408.0,-863565184.0,24963.0,0,0.0,0.0,0.0,0.0,0.0,0.0,2480.13
2480171927,2,416065408.0,-863565184.0,24963.0,0,0.0,0.0,0.0,0.0,0.0,0.0,2480.172
2480212332,2,416065408.0,-863565184.0,24963.0,0,0.0,0.0,0.0,0.0,0.0,0.0,2480.212
2480252213,2,416065408.0,-863565184.0,24963.0,0,0.0,0.0,0.0,0.0,0.0,0.0,2480.252
2480292118,2,416065408.0,-863565184.0,24963.0,0,0.0,0.0,0.0,0.0,0.0,0.0,2480.292
2480331925,2,416065408.0,-863565184.0,24963.0,0,0.0,0.0,0.0,0.0,0.0,0.0,2480.332
2480371971,2,416065408.0,-863565184.0,24963.0,0,0.0,0.0,0.0,0.0,0.0,0.0,2480.372
2480412321,2,416065408.0,-863565184.0,24963.0,0,0.0,0.0,0.0,0.0,0.0,0.0,2480.412
2480450339,2,416065408.0,-863565184.0,24963.0,0,0.0,0.0,0.0,0.0,0.0,0.0,2480.45
2480489881,2,416065408.0,-863565184.0,24963.0,0,0.0,0.0,0.0,0.0,0.0,0.0,2480.49
2480531906,2,416065408.0,-863565184.0,24963.0,0,0.0,0.0,0.0,0.0,0.0,0.0,2480.532
2480571920,2,416065408.0,-863565184.0,24963.0,0,0.0,0.0,0.0,0.0,0.0,0.0,2480.572
2480616024,2,416065408.0,-863565184.0,24963.0,0,0.0,0.0,0.0,0.0,0.0,0.0,2480.616
2480652256,2,416065408.0,-863565184.0,24963.0,0,0.0,0.0,0.0,0.0,0.0,0.0,2480.652
2480692249,2,416065408.0,-863565184.0,24963.0,0,0.0,0.0,0.0,0.0,0.0,0.0,2480.692
2480731977,2,416065408.0,-863565184.0,24963.0,0,0.0,0.0,0.0,0.0,0.0,0.0,2480.732
2480771919,2,416065408.0,-863565184.0,24963.0,0,0.0,0.0,0.0,0.0,0.0,0.0,2480.772
2480812309,2,416065408.0,-863565184.0,24963.0,0,0.0,0.0,0.0,0.0,0.0,0.0,2480.812
2480852278,2,416065408.0,-863565184.0,24963.0,0,0.0,0.0,0.0,0.0,0.0,0.0,2480.852
2480892204,2,416065408.0,-863565184.0,24963.0,0,0.0,0.0,0.0,0.0,0.0,0.0,2480.892
2480932006,2,416065408.0,-863565184.0,24963.0,0,0.0,0.0,0.0,0.0,0.0,0.0,2480.932
2480971986,2,416065408.0,-863565184.0,24963.0,0,0.0,0.0,0.0,0.0,0.0,0.0,2480.972
2481012270,2,416065408.0,-863565184.0,24963.0,0,0.0,0.0,0.0,0.0,0.0,0.0,2481.012
2481052308,2,416065408.0,-863565184.0,24963.0,0,0.0,0.0,0.0,0.0,0.0,0.0,2481.052
2481096838,2,416065408.0,-863565184.0,24963.0,0,0.0,0.0,0.0,0.0,0.0,0.0,2481.097
2481132001,2,416065408.0,-863565184.0,24963.0,0,0.0,0.0,0.0,0.0,0.0,0.0,2481.132
2481171977,2,416065408.0,-863565184.0,24963.0,0,0.0,0.0,0.0,0.0,0.0,0.0,2481.172
2481212353,2,416065408.0,-863565184.0,24963.0,0,0.0,0.0,0.0,0.0,0.0,0.0,2481.212
2481254680,2,416065408.0,-863565184.0,24963.0,0,0.0,0.0,0.0,0.0,0.0,0.0,2481.255
2481294493,2,416065408.0,-863565184.0,24963.0,0,0.0,0.0,0.0,0.0,0.0,0.0,2481.294
2481334421,2,416065408.0,-863565184.0,24963.0,0,0.0,0.0,0.0,0.0,0.0,0.0,2481.334
2481374907,2,416065408.0,-863565184.0,24963.0,0,0.0,0.0,0.0,0.0,0.0,0.0,2481.375
2481416254,2,416065408.0,-863565184.0,24963.0,0,0.0,0.0,0.0,0.0,0.0,0.0,2481.416
2481454704,2,416065408.0,-863565184.0,24963.0,0,0.0,0.0,0.0,0.0,0.0,0.0,2481.455
2481494448,2,416065408.0,-863565184.0,24963.0,0,0.0,0.0,0.0,0.0,0.0,0.0,2481.494
2481534471,2,416065408.0,-863565184.0,24963.0,0,0.0,0.0,0.0,0.0,0.0,0.0,2481.534
2481574864,2,416065408.0,-863565184.0,24963.0,0,0.0,0.0,0.0,0.0,0.0,0.0,2481.575
2481616135,2,416065408.0,-863565184.0,24963.0,0,0.0,0.0,0.0,0.0,0.0,0.0,2481.616
2481654649,2,416065408.0,-863565184.0,24963.0,0,0.0,0.0,0.0,0.0,0.0,0.0,2481.655
2481694462,2,416065408.0,-863565184.0,24963.0,0,0.0,0.0,0.0,0.0,0.0,0.0,2481.694
2481734574,2,416065408.0,-863565184.0,24963.0,0,0.0,0.0,0.0,0.0,0.0,0.0,2481.735
2481774854,2,416065408.0,-863565184.0,24963.0,0,0.0,0.0,0.0,0.0,0.0,0.0,2481.775
2481816072,2,416065408.0,-863565184.0,24963.0,0,0.0,0.0,0.0,0.0,0.0,0.0,2481.816
2481854646,2,416065408.0,-863565184.0,24963.0,0,0.0,0.0,0.0,0.0,0.0,0.0,2481.855
2481896965,2,416065408.0,-863565184.0,24963.0,0,0.0,0.0,0.0,0.0,0.0,0.0,2481.897
2481937167,2,416065408.0,-863565184.0,24963.0,0,0.0,0.0,0.0,0.0,0.0,0.0,2481.937
2481977390,2,416065408.0,-863565184.0,24963.0,0,0.0,0.0,0.0,0.0,0.0,0.0,2481.977
2482016105,2,416065408.0,-863565184.0,24963.0,0,0.0,0.0,0.0,0.0,0.0,0.0,2482.016
2482057030,2,416065408.0,-863565184.0,24963.0,0,0.0,0.0,0.0,0.0,0.0,0.0,2482.057
2482099703,2,416065408.0,-863565184.0,24963.0,0,0.0,0.0,0.0,0.0,0.0,0.0,2482.1
2482137260,2,416065408.0,-863565184.0,24963.0,0,0.0,0.0,0.0,0.0,0.0,0.0,2482.137
2482177380,2,416065408.0,-863565184.0,24963.0,0,0.0,0.0,0.0,0.0,0.0,0.0,2482.177
2482218472,2,416065408.0,-863565184.0,24963.0,0,0.0,0.0,0.0,0.0,0.0,0.0,2482.218
2482256912,2,416065408.0,-863565184.0,24963.0,0,0.0,0.0,0.0,0.0,0.0,0.0,2482.257
2482299737,2,416065408.0,-863565184.0,24963.0,0,0.0,0.0,0.0,0.0,0.0,0.0,2482.3
2482339767,2,416065408.0,-863565184.0,24963.0,0,0.0,0.0,0.0,0.0,0.0,0.0,2482.34
2482379754,2,416065408.0,-863565184.0,24963.0,0,0.0,0.0,0.0,0.0,0.0,0.0,2482.38
2482418514,2,416065408.0,-863565184.0,24963.0,0,0.0,0.0,0.0,0.0,0.0,0.0,2482.419
2482456929,2,416065408.0,-863565184.0,24963.0,0,0.0,0.0,0.0,0.0,0.0,0.0,2482.457
2482496977,2,416065408.0,-863565184.0,24963.0,0,0.0,0.0,0.0,0.0,0.0,0.0,2482.497
2482537297,2,416065408.0,-863565184.0,24963.0,0,0.0,0.0,0.0,0.0,0.0,0.0,2482.537
2482577357,2,416065408.0,-863565184.0,24963.0,0,0.0,0.0,0.0,0.0,0.0,0.0,2482.577
2482621991,2,416065408.0,-863565184.0,24963.0,0,0.0,0.0,0.0,0.0,0.0,0.0,2482.622
2482659488,2,416065408.0,-863565184.0,24963.0,0,0.0,0.0,0.0,0.0,0.0,0.0,2482.659
2482699748,2,416065408.0,-863565184.0,24963.0,0,0.0,0.0,0.0,0.0,0.0,0.0,2482.7
2482739945,2,416065408.0,-863565184.0,24963.0,0,0.0,0.0,0.0,0.0,0.0,0.0,2482.74
2482779648,2,416065408.0,-863565184.0,24963.0,0,0.0,0.0,0.0,0.0,0.0,0.0,2482.78
2482818571,2,416065408.0,-863565184.0,24963.0,0,0.0,0.0,0.0,0.0,0.0,0.0,2482.819
2482859461,2,416065408.0,-863565184.0,24963.0,0,0.0,0.0,0.0,0.0,0.0,0.0,2482.859
2482931993,4,0.0,0.0,0.0,0,0.0,0.0,0.0,0.0,0.0,0.0,2482.932
2482967237,4,0.0,0.0,0.0,0,0.0,0.0,0.0,0.0,0.0,0.0,2482.967
2483012364,2,416065440.0,-863565184.0,24942.0,0,0.0,0.0,0.0,0.0,0.0,0.0,2483.012
2483050347,2,416065440.0,-863565184.0,24942.0,0,0.0,0.0,0.0,0.0,0.0,0.0,2483.05
2483089769,2,416065440.0,-863565184.0,24942.0,0,0.0,0.0,0.0,0.0,0.0,0.0,2483.09
2483129818,2,416065440.0,-863565184.0,24942.0,0,0.0,0.0,0.0,0.0,0.0,0.0,2483.13
2483171966,2,416065440.0,-863565184.0,24942.0,0,0.0,0.0,0.0,0.0,0.0,0.0,2483.172
2483212495,2,416065440.0,-863565184.0,24942.0,0,0.0,0.0,0.0,0.0,0.0,0.0,2483.212
2483250367,2,416065440.0,-863565184.0,24942.0,0,0.0,0.0,0.0,0.0,0.0,0.0,2483.25
2483292101,2,416065440.0,-863565184.0,24942.0,0,0.0,0.0,0.0,0.0,0.0,0.0,2483.292
2483331930,2,416065440.0,-863565184.0,24942.0,0,0.0,0.0,0.0,0.0,0.0,0.0,2483.332
2483374767,2,416065440.0,-863565184.0,24942.0,0,0.0,0.0,0.0,0.0,0.0,0.0,2483.375
2483416171,2,416065440.0,-863565184.0,24942.0,0,0.0,0.0,0.0,0.0,0.0,0.0,2483.416
2483454591,2,416065440.0,-863565184.0,24941.0,0,0.0,0.0,0.0,0.0,0.0,0.0,2483.455
2483494421,2,416065440.0,-863565184.0,24941.0,0,0.0,0.0,0.0,0.0,0.0,0.0,2483.494
2483534468,2,416065440.0,-863565184.0,24941.0,0,0.0,0.0,0.0,0.0,0.0,0.0,2483.534
2483574912,2,416065440.0,-863565184.0,24940.0,0,0.0,0.0,0.0,0.0,0.0,0.0,2483.575
2483616121,2,416065440.0,-863565120.0,24939.0,0,0.0,0.0,0.0,0.0,0.0,0.0,2483.616
2483654611,2,416065440.0,-863565120.0,24939.0,0,0.0,0.0,0.0,0.0,0.0,0.0,2483.655
2483697033,2,416065440.0,-863565120.0,24938.0,0,0.0,0.0,0.0,0.0,0.0,0.0,2483.697
2483737406,2,416065440.0,-863565120.0,24937.0,0,0.0,0.0,0.0,0.0,0.0,0.0,2483.737
2483779786,2,416065440.0,-863565120.0,24936.0,0,0.0,0.0,0.0,0.0,0.0,0.0,2483.78
2483816168,2,416065440.0,-863565120.0,24935.0,0,0.0,0.0,0.0,0.0,0.0,0.0,2483.816
2483859472,2,416065440.0,-863565120.0,24934.0,0,0.0,0.0,0.0,0.0,0.0,0.0,2483.859
2483896975,2,416065440.0,-863565120.0,24933.0,0,0.0,0.0,0.0,0.0,0.0,0.0,2483.897
2483944484,2,416065440.0,-863565120.0,24932.0,0,0.0,0.0,0.0,0.0,0.0,0.0,2483.944
2483979740,2,416065440.0,-863565120.0,24931.0,0,0.0,0.0,0.0,0.0,0.0,0.0,2483.98
2484026007,2,416065440.0,-863565120.0,24930.0,0,0.0,0.0,0.0,0.0,0.0,0.0,2484.026
2484059565,2,416065440.0,-863565120.0,24928.0,0,0.0,0.0,0.0,0.0,0.0,0.0,2484.06
2484099706,2,416065440.0,-863565120.0,24927.0,0,0.0,0.0,0.0,0.0,0.0,0.0,2484.1
2484139828,2,416065440.0,-863565120.0,24926.0,0,0.0,0.0,0.0,0.0,0.0,0.0,2484.14
2484179777,2,416065440.0,-863565120.0,24924.0,0,0.0,0.0,0.0,0.0,0.0,0.0,2484.18
2484222001,2,416065440.0,-863565120.0,24923.0,0,0.0,0.0,0.0,0.0,0.0,0.0,2484.222
2484262330,2,416065440.0,-863565120.0,24922.0,0,0.0,0.0,0.0,0.0,0.0,0.0,2484.262
2484302217,2,416065440.0,-863565120.0,24921.0,0,0.0,0.0,0.0,0.0,0.0,0.0,2484.302
2484342243,2,416065440.0,-863565120.0,24919.0,0,0.0,0.0,0.0,0.0,0.0,0.0,2484.342
2484384457,2,416065440.0,-863565120.0,24918.0,0,0.0,0.0,0.0,0.0,0.0,0.0,2484.384
2484426075,2,416065440.0,-863565120.0,24917.0,0,0.0,0.0,0.0,0.0,0.0,0.0,2484.426
2484484323,2,416065440.0,-863565120.0,24915.0,0,0.0,0.0,0.0,0.0,0.0,0.0,2484.484
2484504817,2,416065440.0,-863565120.0,24914.0,0,0.0,0.0,0.0,0.0,0.0,0.0,2484.505
2484544674,2,416065472.0,-863565056.0,24913.0,0,0.0,0.0,0.0,0.0,0.0,0.0,2484.545
2484587295,2,416065472.0,-863565056.0,24912.0,0,0.0,0.0,0.0,0.0,0.0,0.0,2484.587
2484626112,2,416065472.0,-863565056.0,24910.0,0,0.0,0.0,0.0,0.0,0.0,0.0,2484.626
2484667169,2,416065472.0,-863565056.0,24909.0,0,0.0,0.0,0.0,0.0,0.0,0.0,2484.667
2484704840,2,416065472.0,-863565056.0,24908.0,0,0.0,0.0,0.0,0.0,0.0,0.0,2484.705
2484746953,2,416065472.0,-863565056.0,24906.0,0,0.0,0.0,0.0,0.0,0.0,0.0,2484.747
2484787409,2,416065472.0,-863565056.0,24905.0,0,0.0,0.0,0.0,0.0,0.0,0.0,2484.787
2484826062,2,416065472.0,-863565056.0,24904.0,0,0.0,0.0,0.0,0.0,0.0,0.0,2484.826
2484867220,2,416065472.0,-863565056.0,24903.0,0,0.0,0.0,0.0,0.0,0.0,0.0,2484.867
2484906993,2,416065472.0,-863565056.0,24901.0,0,0.0,0.0,0.0,0.0,0.0,0.0,2484.907
2484952238,2,416065472.0,-863564992.0,24900.0,0,0.0,0.0,0.0,0.0,0.0,0.0,2484.952
2484987424,2,416065472.0,-863564992.0,24899.0,0,0.0,0.0,0.0,0.0,0.0,0.0,2484.987
2485030535,2,416065472.0,-863564992.0,24897.0,0,0.0,0.0,0.0,0.0,0.0,0.0,2485.031
2485067194,2,416065472.0,-863564992.0,24896.0,0,0.0,0.0,0.0,0.0,0.0,0.0,2485.067
2485106977,2,416065472.0,-863564992.0,24895.0,0,0.0,0.0,0.0,0.0,0.0,0.0,2485.107
2485149805,2,416065472.0,-863564992.0,24894.0,0,0.0,0.0,0.0,0.0,0.0,0.0,2485.15
2485189676,2,416065472.0,-863564928.0,24892.0,0,0.0,0.0,0.0,0.0,0.0,0.0,2485.19
2485227985,2,416065472.0,-863564928.0,24891.0,0,0.0,0.0,0.0,0.0,0.0,0.0,2485.228
2485269549,2,416065472.0,-863564928.0,24890.0,0,0.0,0.0,0.0,0.0,0.0,0.0,2485.27
2485312395,2,416065472.0,-863564928.0,24888.0,0,0.0,0.0,0.0,0.0,0.0,0.0,2485.312
2485352275,2,416065472.0,-863564928.0,24887.0,0,0.0,0.0,0.0,0.0,0.0,0.0,2485.352
2485392220,2,416065472.0,-863564928.0,24886.0,0,0.0,0.0,0.0,0.0,0.0,0.0,2485.392
2485430543,2,416065472.0,-863564864.0,24885.0,0,0.0,0.0,0.0,0.0,0.0,0.0,2485.431
2485477341,2,416065472.0,-863564864.0,24883.0,0,0.0,0.0,0.0,0.0,0.0,0.0,2485.477
2485518477,2,416065472.0,-863564864.0,24882.0,0,0.0,0.0,0.0,0.0,0.0,0.0,2485.518
2485556915,2,416065472.0,-863564864.0,24881.0,0,0.0,0.0,0.0,0.0,0.0,0.0,2485.557
2485592266,2,416065472.0,-863564864.0,24879.0,0,0.0,0.0,0.0,0.0,0.0,0.0,2485.592
2485632099,2,416065472.0,-863564800.0,24878.0,0,0.0,0.0,0.0,0.0,0.0,0.0,2485.632
2485677338,2,416065472.0,-863564800.0,24877.0,0,0.0,0.0,0.0,0.0,0.0,0.0,2485.677
2485718403,2,416065472.0,-863564800.0,24875.0,0,0.0,0.0,0.0,0.0,0.0,0.0,2485.718
2485757016,2,416065472.0,-863564800.0,24874.0,0,0.0,0.0,0.0,0.0,0.0,0.0,2485.757
2485799776,2,416065472.0,-863564736.0,24873.0,0,0.0,0.0,0.0,0.0,0.0,0.0,2485.8
2485834492,2,416065472.0,-863564736.0,24872.0,0,0.0,0.0,0.0,0.0,0.0,0.0,2485.834
2485877324,2,416065472.0,-863564736.0,24870.0,0,0.0,0.0,0.0,0.0,0.0,0.0,2485.877
2485918480,2,416065472.0,-863564736.0,24869.0,0,0.0,0.0,0.0,0.0,0.0,0.0,2485.918
2485962213,2,416065472.0,-863564672.0,24868.0,0,0.0,0.0,0.0,0.0,0.0,0.0,2485.962
2486002246,2,416065472.0,-863564672.0,24866.0,0,0.0,0.0,0.0,0.0,0.0,0.0,2486.002
2486047161,2,416065472.0,-863564672.0,24865.0,0,0.0,0.0,0.0,0.0,0.0,0.0,2486.047
2486077354,2,416065472.0,-863564672.0,24864.0,0,0.0,0.0,0.0,0.0,0.0,0.0,2486.077
2486118506,2,416065472.0,-863564672.0,24863.0,0,0.0,0.0,0.0,0.0,0.0,0.0,2486.119
2486156959,2,416065472.0,-863564608.0,24861.0,0,0.0,0.0,0.0,0.0,0.0,0.0,2486.157
2486199792,2,416065472.0,-863564608.0,24860.0,0,0.0,0.0,0.0,0.0,0.0,0.0,2486.2
2486242081,2,416065472.0,-863564608.0,24859.0,0,0.0,0.0,0.0,0.0,0.0,0.0,2486.242
2486287278,2,416065472.0,-863564544.0,24857.0,0,0.0,0.0,0.0,0.0,0.0,0.0,2486.287
2486322024,2,416065472.0,-863564544.0,24856.0,0,0.0,0.0,0.0,0.0,0.0,0.0,2486.322
2486362353,2,416065472.0,-863564544.0,24855.0,0,0.0,0.0,0.0,0.0,0.0,0.0,2486.362
2486402205,2,416065472.0,-863564544.0,24854.0,0,0.0,0.0,0.0,0.0,0.0,0.0,2486.402
2486444452,2,416065472.0,-863564480.0,24852.0,0,0.0,0.0,0.0,0.0,0.0,0.0,2486.444
2486481950,2,416065472.0,-863564480.0,24851.0,0,0.0,0.0,0.0,0.0,0.0,0.0,2486.482
2486526094,2,416065472.0,-863564480.0,24849.0,0,0.0,0.0,0.0,0.0,0.0,0.0,2486.526
2486562260,2,416065472.0,-863564480.0,24848.0,0,0.0,0.0,0.0,0.0,0.0,0.0,2486.562
2486604665,2,416065472.0,-863564416.0,24847.0,0,0.0,0.0,0.0,0.0,0.0,0.0,2486.605
2486647101,2,416065472.0,-863564416.0,24845.0,0,0.0,0.0,0.0,0.0,0.0,0.0,2486.647
2486687278,2,416065472.0,-863564416.0,24844.0,0,0.0,0.0,0.0,0.0,0.0,0.0,2486.687
2486726090,2,416065472.0,-863564352.0,24842.0,0,0.0,0.0,0.0,0.0,0.0,0.0,2486.726
2486764720,2,416065472.0,-863564352.0,24841.0,0,0.0,0.0,0.0,0.0,0.0,0.0,2486.765
2486804579,2,416065472.0,-863564352.0,24839.0,0,0.0,0.0,0.0,0.0,0.0,0.0,2486.805
2486844449,2,416065472.0,-863564352.0,24837.0,0,0.0,0.0,0.0,0.0,0.0,0.0,2486.844
2486889729,2,416065472.0,-863564288.0,24836.0,0,0.0,0.0,0.0,0.0,0.0,0.0,2486.89
2486926177,2,416065472.0,-863564288.0,24834.0,0,0.0,0.0,0.0,0.0,0.0,0.0,2486.926
2486969607,2,416065472.0,-863564288.0,24833.0,0,0.0,0.0,0.0,0.0,0.0,0.0,2486.97
2487006923,2,416065472.0,-863564224.0,24831.0,0,0.0,0.0,0.0,0.0,0.0,0.0,2487.007
2487047104,2,416065472.0,-863564224.0,24830.0,0,0.0,0.0,0.0,0.0,0.0,0.0,2487.047
2487087272,2,416065504.0,-863564224.0,24828.0,0,0.0,0.0,0.0,0.0,0.0,0.0,2487.087
2487126061,2,416065504.0,-863564160.0,24827.0,0,0.0,0.0,0.0,0.0,0.0,0.0,2487.126
2487167127,2,416065504.0,-863564160.0,24825.0,0,0.0,0.0,0.0,0.0,0.0,0.0,2487.167
2487204640,2,416065504.0,-863564160.0,24823.0,0,0.0,0.0,0.0,0.0,0.0,0.0,2487.205
2487247006,2,416065504.0,-863564096.0,24822.0,0,0.0,0.0,0.0,0.0,0.0,0.0,2487.247
2487287331,2,416065504.0,-863564096.0,24820.0,0,0.0,0.0,0.0,0.0,0.0,0.0,2487.287
2487327397,2,416065504.0,-863564096.0,24819.0,0,0.0,0.0,0.0,0.0,0.0,0.0,2487.327
2487367279,2,416065504.0,-863564032.0,24817.0,0,0.0,0.0,0.0,0.0,0.0,0.0,2487.367
2487406952,2,416065504.0,-863564032.0,24816.0,0,0.0,0.0,0.0,0.0,0.0,0.0,2487.407
2487447085,2,416065504.0,-863564032.0,24814.0,0,0.0,0.0,0.0,0.0,0.0,0.0,2487.447
2487487363,2,416065504.0,-863563968.0,24812.0,0,0.0,0.0,0.0,0.0,0.0,0.0,2487.487
2487527347,2,416065504.0,-863563968.0,24811.0,0,0.0,0.0,0.0,0.0,0.0,0.0,2487.527
2487569516,2,416065504.0,-863563968.0,24809.0,0,0.0,0.0,0.0,0.0,0.0,0.0,2487.57
2487609497,2,416065504.0,-863563904.0,24808.0,0,0.0,0.0,0.0,0.0,0.0,0.0,2487.609
2487652242,2,416065504.0,-863563904.0,24806.0,0,0.0,0.0,0.0,0.0,0.0,0.0,2487.652
2487689797,2,416065504.0,-863563904.0,24805.0,0,0.0,0.0,0.0,0.0,0.0,0.0,2487.69
2487729806,2,416065504.0,-863563840.0,24803.0,0,0.0,0.0,0.0,0.0,0.0,0.0,2487.73
2487769452,2,416065504.0,-863563840.0,24802.0,0,0.0,0.0,0.0,0.0,0.0,0.0,2487.769
2487809425,2,416065504.0,-863563840.0,24800.0,0,0.0,0.0,0.0,0.0,0.0,0.0,2487.809
2487850412,2,416065504.0,-863563776.0,24798.0,0,0.0,0.0,0.0,0.0,0.0,0.0,2487.85
2487892187,2,416065504.0,-863563776.0,24797.0,0,0.0,0.0,0.0,0.0,0.0,0.0,2487.892
2487929837,2,416065504.0,-863563712.0,24795.0,0,0.0,0.0,0.0,0.0,0.0,0.0,2487.93
2487974837,2,416065504.0,-863563712.0,24794.0,0,0.0,0.0,0.0,0.0,0.0,0.0,2487.975
2488009475,2,416065504.0,-863563712.0,24792.0,0,0.0,0.0,0.0,0.0,0.0,0.0,2488.009
2488054642,2,416065504.0,-863563648.0,24791.0,0,0.0,0.0,0.0,0.0,0.0,0.0,2488.055
2488089778,2,416065504.0,-863563648.0,24789.0,0,0.0,0.0,0.0,0.0,0.0,0.0,2488.09
2488129844,2,416065504.0,-863563648.0,24787.0,0,0.0,0.0,0.0,0.0,0.0,0.0,2488.13
2488169490,2,416065504.0,-863563584.0,24786.0,0,0.0,0.0,0.0,0.0,0.0,0.0,2488.169
2488212379,2,416065504.0,-863563584.0,24784.0,0,0.0,0.0,0.0,0.0,0.0,0.0,2488.212
2488250347,2,416065504.0,-863563520.0,24783.0,0,0.0,0.0,0.0,0.0,0.0,0.0,2488.25
2488289828,2,416065504.0,-863563520.0,24781.0,0,0.0,0.0,0.0,0.0,0.0,0.0,2488.29
2488331930,2,416065504.0,-863563520.0,24780.0,0,0.0,0.0,0.0,0.0,0.0,0.0,2488.332
2488374850,2,416065504.0,-863563456.0,24778.0,0,0.0,0.0,0.0,0.0,0.0,0.0,2488.375
2488412356,2,416065504.0,-863563456.0,24777.0,0,0.0,0.0,0.0,0.0,0.0,0.0,2488.412
2488452260,2,416065504.0,-863563456.0,24775.0,0,0.0,0.0,0.0,0.0,0.0,0.0,2488.452
2488492225,2,416065504.0,-863563392.0,24773.0,0,0.0,0.0,0.0,0.0,0.0,0.0,2488.492
2488532001,2,416065504.0,-863563392.0,24772.0,0,0.0,0.0,0.0,0.0,0.0,0.0,2488.532
2488571927,2,416065504.0,-863563328.0,24770.0,0,0.0,0.0,0.0,0.0,0.0,0.0,2488.572
2488612390,2,416065504.0,-863563328.0,24769.0,0,0.0,0.0,0.0,0.0,0.0,0.0,2488.612
2488652214,2,416065504.0,-863563328.0,24767.0,0,0.0,0.0,0.0,0.0,0.0,0.0,2488.652
2488694474,2,416065504.0,-863563264.0,24766.0,0,0.0,0.0,0.0,0.0,0.0,0.0,2488.694
2488732003,2,416065504.0,-863563264.0,24764.0,0,0.0,0.0,0.0,0.0,0.0,0.0,2488.732
2488771990,2,416065504.0,-863563264.0,24763.0,0,0.0,0.0,0.0,0.0,0.0,0.0,2488.772
2488812341,2,416065504.0,-863563200.0,24761.0,0,0.0,0.0,0.0,0.0,0.0,0.0,2488.812
2488852256,2,416065504.0,-863563200.0,24759.0,0,0.0,0.0,0.0,0.0,0.0,0.0,2488.852
2488896925,2,416065504.0,-863563136.0,24758.0,0,0.0,0.0,0.0,0.0,0.0,0.0,2488.897
2488937289,2,416065504.0,-863563136.0,24756.0,0,0.0,0.0,0.0,0.0,0.0,0.0,2488.937
2488979641,2,416065504.0,-863563136.0,24755.0,0,0.0,0.0,0.0,0.0,0.0,0.0,2488.98
2489016022,2,416065504.0,-863563072.0,24753.0,0,0.0,0.0,0.0,0.0,0.0,0.0,2489.016
2489059504,2,416065504.0,-863563072.0,24752.0,0,0.0,0.0,0.0,0.0,0.0,0.0,2489.06
2489094517,2,416065504.0,-863563072.0,24750.0,0,0.0,0.0,0.0,0.0,0.0,0.0,2489.095
2489134440,2,416065536.0,-863563008.0,24748.0,0,0.0,0.0,0.0,0.0,0.0,0.0,2489.134
2489177390,2,416065536.0,-863563008.0,24747.0,0,0.0,0.0,0.0,0.0,0.0,0.0,2489.177
2489216013,2,416065536.0,-863562944.0,24745.0,0,0.0,0.0,0.0,0.0,0.0,0.0,2489.216
2489256965,2,416065536.0,-863562944.0,24744.0,0,0.0,0.0,0.0,0.0,0.0,0.0,2489.257
2489296934,2,416065536.0,-863562944.0,24742.0,0,0.0,0.0,0.0,0.0,0.0,0.0,2489.297
2489334547,2,416065536.0,-863562880.0,24741.0,0,0.0,0.0,0.0,0.0,0.0,0.0,2489.335
2489377415,2,416065536.0,-863562880.0,24739.0,0,0.0,0.0,0.0,0.0,0.0,0.0,2489.377
2489418514,2,416065536.0,-863562880.0,24738.0,0,0.0,0.0,0.0,0.0,0.0,0.0,2489.419
2489456906,2,416065536.0,-863562816.0,24736.0,0,0.0,0.0,0.0,0.0,0.0,0.0,2489.457
2489496962,2,416065536.0,-863562816.0,24734.0,0,0.0,0.0,0.0,0.0,0.0,0.0,2489.497
2489537332,2,416065536.0,-863562752.0,24733.0,0,0.0,0.0,0.0,0.0,0.0,0.0,2489.537
2489577345,2,416065536.0,-863562752.0,24731.0,0,0.0,0.0,0.0,0.0,0.0,0.0,2489.577
2489618688,2,416065536.0,-863562752.0,24730.0,0,0.0,0.0,0.0,0.0,0.0,0.0,2489.619
2489657027,2,416065536.0,-863562688.0,24728.0,0,0.0,0.0,0.0,0.0,0.0,0.0,2489.657
2489696946,2,416065536.0,-863562688.0,24727.0,0,0.0,0.0,0.0,0.0,0.0,0.0,2489.697
2489737302,2,416065536.0,-863562688.0,24725.0,0,0.0,0.0,0.0,0.0,0.0,0.0,2489.737
2489777325,2,416065536.0,-863562624.0,24724.0,0,0.0,0.0,0.0,0.0,0.0,0.0,2489.777
2489818578,2,416065536.0,-863562624.0,24722.0,0,0.0,0.0,0.0,0.0,0.0,0.0,2489.819
2489859488,2,416065536.0,-863562624.0,24720.0,0,0.0,0.0,0.0,0.0,0.0,0.0,2489.859
2489902282,2,416065536.0,-863562560.0,24719.0,0,0.0,0.0,0.0,0.0,0.0,0.0,2489.902
2489939818,2,416065536.0,-863562560.0,24717.0,0,0.0,0.0,0.0,0.0,0.0,0.0,2489.94
2489984605,2,416065536.0,-863562496.0,24716.0,0,0.0,0.0,0.0,0.0,0.0,0.0,2489.985
2490019592,2,416065536.0,-863562496.0,24714.0,0,0.0,0.0,0.0,0.0,0.0,0.0,2490.02
2490064944,2,416065536.0,-863562496.0,24713.0,0,0.0,0.0,0.0,0.0,0.0,0.0,2490.065
2490099782,2,416065536.0,-863562496.0,24711.0,0,0.0,0.0,0.0,0.0,0.0,0.0,2490.1
2490142207,2,416065536.0,-863562432.0,24709.0,0,0.0,0.0,0.0,0.0,0.0,0.0,2490.142
2490181971,2,416065536.0,-863562432.0,24708.0,0,0.0,0.0,0.0,0.0,0.0,0.0,2490.182
2490221973,2,416065536.0,-863562432.0,24706.0,0,0.0,0.0,0.0,0.0,0.0,0.0,2490.222
2490262222,2,416065536.0,-863562368.0,24705.0,0,0.0,0.0,0.0,0.0,0.0,0.0,2490.262
2490302252,2,416065536.0,-863562368.0,24703.0,0,0.0,0.0,0.0,0.0,0.0,0.0,2490.302
2490342184,2,416065536.0,-863562368.0,24702.0,0,0.0,0.0,0.0,0.0,0.0,0.0,2490.342
2490382038,2,416065536.0,-863562304.0,24700.0,0,0.0,0.0,0.0,0.0,0.0,0.0,2490.382
2490426061,2,416065536.0,-863562304.0,24698.0,0,0.0,0.0,0.0,0.0,0.0,0.0,2490.426
2490464865,2,416065536.0,-863562304.0,24697.0,0,0.0,0.0,0.0,0.0,0.0,0.0,2490.465
2490502323,2,416065536.0,-863562240.0,24695.0,0,0.0,0.0,0.0,0.0,0.0,0.0,2490.502
2490542196,2,416065536.0,-863562240.0,24693.0,0,0.0,0.0,0.0,0.0,0.0,0.0,2490.542
2490584439,2,416065536.0,-863562240.0,24691.0,0,0.0,0.0,0.0,0.0,0.0,0.0,2490.584
2490626094,2,416065536.0,-863562176.0,24689.0,0,0.0,0.0,0.0,0.0,0.0,0.0,2490.626
2490664876,2,416065536.0,-863562176.0,24687.0,0,0.0,0.0,0.0,0.0,0.0,0.0,2490.665
2490704936,2,416065536.0,-863562176.0,24685.0,0,0.0,0.0,0.0,0.0,0.0,0.0,2490.705
2490744642,2,416065536.0,-863562176.0,24683.0,0,0.0,0.0,0.0,0.0,0.0,0.0,2490.745
2490784465,2,416065536.0,-863562112.0,24681.0,0,0.0,0.0,0.0,0.0,0.0,0.0,2490.784
2490827957,2,416065536.0,-863562112.0,24679.0,0,0.0,0.0,0.0,0.0,0.0,0.0,2490.828
2490864892,2,416065536.0,-863562112.0,24676.0,0,0.0,0.0,0.0,0.0,0.0,0.0,2490.865
2490904820,2,416065536.0,-863562048.0,24674.0,0,0.0,0.0,0.0,0.0,0.0,0.0,2490.905
2490944616,2,416065536.0,-863562048.0,24672.0,0,0.0,0.0,0.0,0.0,0.0,0.0,2490.945
2490989807,2,416065536.0,-863562048.0,24669.0,0,0.0,0.0,0.0,0.0,0.0,0.0,2490.99
2491026069,2,416065568.0,-863562048.0,24667.0,0,0.0,0.0,0.0,0.0,0.0,0.0,2491.026
2491069499,2,416065568.0,-863561984.0,24665.0,0,0.0,0.0,0.0,0.0,0.0,0.0,2491.069
2491104778,2,416065568.0,-863561984.0,24662.0,0,0.0,0.0,0.0,0.0,0.0,0.0,2491.105
2491144612,2,416065568.0,-863561984.0,24660.0,0,0.0,0.0,0.0,0.0,0.0,0.0,2491.145
2491187405,2,416065568.0,-863561984.0,24657.0,0,0.0,0.0,0.0,0.0,0.0,0.0,2491.187
2491226109,2,416065568.0,-863561920.0,24655.0,0,0.0,0.0,0.0,0.0,0.0,0.0,2491.226
2491264869,2,416065568.0,-863561920.0,24653.0,0,0.0,0.0,0.0,0.0,0.0,0.0,2491.265
2491304813,2,416065568.0,-863561920.0,24650.0,0,0.0,0.0,0.0,0.0,0.0,0.0,2491.305
2491346895,2,416065568.0,-863561856.0,24648.0,0,0.0,0.0,0.0,0.0,0.0,0.0,2491.347
2491387514,2,416065568.0,-863561856.0,24645.0,0,0.0,0.0,0.0,0.0,0.0,0.0,2491.388
2491427980,2,416065568.0,-863561856.0,24643.0,0,0.0,0.0,0.0,0.0,0.0,0.0,2491.428
2491467217,2,416065568.0,-863561856.0,24641.0,0,0.0,0.0,0.0,0.0,0.0,0.0,2491.467
2491507040,2,416065568.0,-863561792.0,24638.0,0,0.0,0.0,0.0,0.0,0.0,0.0,2491.507
2491547031,2,416065568.0,-863561792.0,24636.0,0,0.0,0.0,0.0,0.0,0.0,0.0,2491.547
2491587378,2,416065568.0,-863561792.0,24633.0,0,0.0,0.0,0.0,0.0,0.0,0.0,2491.587
2491628054,2,416065568.0,-863561792.0,24631.0,0,0.0,0.0,0.0,0.0,0.0,0.0,2491.628
2491667193,2,416065568.0,-863561728.0,24629.0,0,0.0,0.0,0.0,0.0,0.0,0.0,2491.667
2491709470,2,416065568.0,-863561728.0,24626.0,0,0.0,0.0,0.0,0.0,0.0,0.0,2491.709
2491746989,2,416065568.0,-863561728.0,24624.0,0,0.0,0.0,0.0,0.0,0.0,0.0,2491.747
2491827873,2,416065568.0,-863561664.0,24622.0,0,0.0,0.0,0.0,0.0,0.0,0.0,2491.828
2491827982,2,416065568.0,-863561664.0,24619.0,0,0.0,0.0,0.0,0.0,0.0,0.0,2491.828
2491864894,2,416065568.0,-863561664.0,24617.0,0,0.0,0.0,0.0,0.0,0.0,0.0,2491.865
2491906947,2,416065568.0,-863561664.0,24614.0,0,0.0,0.0,0.0,0.0,0.0,0.0,2491.907
2491946928,2,416065568.0,-863561600.0,24612.0,0,0.0,0.0,0.0,0.0,0.0,0.0,2491.947
2491989784,2,416065568.0,-863561600.0,24609.0,0,0.0,0.0,0.0,0.0,0.0,0.0,2491.99
2492026057,2,416065568.0,-863561600.0,24607.0,0,0.0,0.0,0.0,0.0,0.0,0.0,2492.026
2492069441,2,416065568.0,-863561600.0,24605.0,0,0.0,0.0,0.0,0.0,0.0,0.0,2492.069
2492107022,2,416065568.0,-863561536.0,24602.0,0,0.0,0.0,0.0,0.0,0.0,0.0,2492.107
2492147005,2,416065568.0,-863561536.0,24600.0,0,0.0,0.0,0.0,0.0,0.0,0.0,2492.147
2492187360,2,416065568.0,-863561536.0,24598.0,0,0.0,0.0,0.0,0.0,0.0,0.0,2492.187
2492226071,2,416065568.0,-863561536.0,24595.0,0,0.0,0.0,0.0,0.0,0.0,0.0,2492.226
2492267160,2,416065568.0,-863561472.0,24593.0,0,0.0,0.0,0.0,0.0,0.0,0.0,2492.267
2492306986,2,416065568.0,-863561472.0,24590.0,0,0.0,0.0,0.0,0.0,0.0,0.0,2492.307
2492349909,2,416065600.0,-863561472.0,24588.0,0,0.0,0.0,0.0,0.0,0.0,0.0,2492.35
2492389737,2,416065600.0,-863561472.0,24586.0,0,0.0,0.0,0.0,0.0,0.0,0.0,2492.39
2492428001,2,416065600.0,-863561408.0,24583.0,0,0.0,0.0,0.0,0.0,0.0,0.0,2492.428
2492469449,2,416065600.0,-863561408.0,24581.0,0,0.0,0.0,0.0,0.0,0.0,0.0,2492.469
2492509436,2,416065600.0,-863561408.0,24578.0,0,0.0,0.0,0.0,0.0,0.0,0.0,2492.509
2492549858,2,416065600.0,-863561408.0,24576.0,0,0.0,0.0,0.0,0.0,0.0,0.0,2492.55
2492589814,2,416065600.0,-863561344.0,24574.0,0,0.0,0.0,0.0,0.0,0.0,0.0,2492.59
2492627991,2,416065600.0,-863561344.0,24571.0,0,0.0,0.0,0.0,0.0,0.0,0.0,2492.628
2492669491,2,416065600.0,-863561344.0,24569.0,0,0.0,0.0,0.0,0.0,0.0,0.0,2492.669
2492709473,2,416065600.0,-863561344.0,24566.0,0,0.0,0.0,0.0,0.0,0.0,0.0,2492.709
2492752267,2,416065600.0,-863561344.0,24564.0,0,0.0,0.0,0.0,0.0,0.0,0.0,2492.752
2492789812,2,416065600.0,-863561280.0,24562.0,0,0.0,0.0,0.0,0.0,0.0,0.0,2492.79
2492830422,2,416065600.0,-863561280.0,24559.0,0,0.0,0.0,0.0,0.0,0.0,0.0,2492.83
2492871985,2,416065600.0,-863561280.0,24557.0,0,0.0,0.0,0.0,0.0,0.0,0.0,2492.872
2492912414,2,416065600.0,-863561280.0,24554.0,0,0.0,0.0,0.0,0.0,0.0,0.0,2492.912
2492952262,2,416065600.0,-863561280.0,24552.0,0,0.0,0.0,0.0,0.0,0.0,0.0,2492.952
2492997058,2,416065600.0,-863561216.0,24549.0,0,0.0,0.0,0.0,0.0,0.0,0.0,2492.997
2493031930,2,416065600.0,-863561216.0,24547.0,0,0.0,0.0,0.0,0.0,0.0,0.0,2493.032
2493074851,2,416065600.0,-863561216.0,24545.0,0,0.0,0.0,0.0,0.0,0.0,0.0,2493.075
2493116059,2,416065600.0,-863561216.0,24542.0,0,0.0,0.0,0.0,0.0,0.0,0.0,2493.116
2493152227,2,416065600.0,-863561216.0,24540.0,0,0.0,0.0,0.0,0.0,0.0,0.0,2493.152
2493194403,2,416065600.0,-863561216.0,24537.0,0,0.0,0.0,0.0,0.0,0.0,0.0,2493.194
2493234416,2,416065600.0,-863561216.0,24535.0,0,0.0,0.0,0.0,0.0,0.0,0.0,2493.234
2493271952,2,416065600.0,-863561152.0,24533.0,0,0.0,0.0,0.0,0.0,0.0,0.0,2493.272
2493312358,2,416065600.0,-863561152.0,24530.0,0,0.0,0.0,0.0,0.0,0.0,0.0,2493.312
2493354600,2,416065600.0,-863561152.0,24528.0,0,0.0,0.0,0.0,0.0,0.0,0.0,2493.355
2493397042,2,416065600.0,-863561152.0,24525.0,0,0.0,0.0,0.0,0.0,0.0,0.0,2493.397
2493437793,2,416065600.0,-863561152.0,24523.0,0,0.0,0.0,0.0,0.0,0.0,0.0,2493.438
2493474831,2,416065600.0,-863561152.0,24521.0,0,0.0,0.0,0.0,0.0,0.0,0.0,2493.475
2493514857,2,416065600.0,-863561152.0,24518.0,0,0.0,0.0,0.0,0.0,0.0,0.0,2493.515
2493554776,2,416065600.0,-863561152.0,24516.0,0,0.0,0.0,0.0,0.0,0.0,0.0,2493.555
2493596936,2,416065600.0,-863561088.0,24514.0,0,0.0,0.0,0.0,0.0,0.0,0.0,2493.597
2493637785,2,416065600.0,-863561088.0,24511.0,0,0.0,0.0,0.0,0.0,0.0,0.0,2493.638
2493674888,2,416065600.0,-863561088.0,24509.0,0,0.0,0.0,0.0,0.0,0.0,0.0,2493.675
2493716055,2,416065600.0,-863561088.0,24506.0,0,0.0,0.0,0.0,0.0,0.0,0.0,2493.716
2493754702,2,416065632.0,-863561088.0,24504.0,0,0.0,0.0,0.0,0.0,0.0,0.0,2493.755
2493796917,2,416065632.0,-863561088.0,24502.0,0,0.0,0.0,0.0,0.0,0.0,0.0,2493.797
2493837750,2,416065632.0,-863561088.0,24499.0,0,0.0,0.0,0.0,0.0,0.0,0.0,2493.838
2493877406,2,416065632.0,-863561088.0,24497.0,0,0.0,0.0,0.0,0.0,0.0,0.0,2493.877
2493916063,2,416065632.0,-863561088.0,24495.0,0,0.0,0.0,0.0,0.0,0.0,0.0,2493.916
2493956961,2,416065632.0,-863561088.0,24492.0,0,0.0,0.0,0.0,0.0,0.0,0.0,2493.957
2493999817,2,416065632.0,-863561088.0,24490.0,0,0.0,0.0,0.0,0.0,0.0,0.0,2494.0
2494037730,2,416065632.0,-863561088.0,24488.0,0,0.0,0.0,0.0,0.0,0.0,0.0,2494.038
2494081948,2,416065632.0,-863561088.0,24486.0,0,0.0,0.0,0.0,0.0,0.0,0.0,2494.082
2494118490,2,416065632.0,-863561088.0,24484.0,0,0.0,0.0,0.0,0.0,0.0,0.0,2494.118
2494157037,2,416065632.0,-863561024.0,24482.0,0,0.0,0.0,0.0,0.0,0.0,0.0,2494.157
2494196975,2,416065632.0,-863561024.0,24480.0,0,0.0,0.0,0.0,0.0,0.0,0.0,2494.197
2494237863,2,416065632.0,-863561024.0,24478.0,0,0.0,0.0,0.0,0.0,0.0,0.0,2494.238
2494277347,2,416065632.0,-863561024.0,24477.0,0,0.0,0.0,0.0,0.0,0.0,0.0,2494.277
2494318474,2,416065632.0,-863561024.0,24475.0,0,0.0,0.0,0.0,0.0,0.0,0.0,2494.318
2494359455,2,416065632.0,-863561024.0,24474.0,0,0.0,0.0,0.0,0.0,0.0,0.0,2494.359
2494399794,2,416065632.0,-863561024.0,24472.0,0,0.0,0.0,0.0,0.0,0.0,0.0,2494.4
2494440337,2,416065632.0,-863561024.0,24471.0,0,0.0,0.0,0.0,0.0,0.0,0.0,2494.44
2494480320,2,416065632.0,-863561024.0,24470.0,0,0.0,0.0,0.0,0.0,0.0,0.0,2494.48
2494518455,2,416065632.0,-863561024.0,24469.0,0,0.0,0.0,0.0,0.0,0.0,0.0,2494.518
2494559456,2,416065632.0,-863561024.0,24468.0,0,0.0,0.0,0.0,0.0,0.0,0.0,2494.559
2494599726,2,416065632.0,-863561024.0,24467.0,0,0.0,0.0,0.0,0.0,0.0,0.0,2494.6
2494640266,2,416065632.0,-863561024.0,24467.0,0,0.0,0.0,0.0,0.0,0.0,0.0,2494.64
2494680307,2,416065632.0,-863561024.0,24466.0,0,0.0,0.0,0.0,0.0,0.0,0.0,2494.68
2494718467,2,416065632.0,-863561024.0,24465.0,0,0.0,0.0,0.0,0.0,0.0,0.0,2494.718
2494759519,2,416065632.0,-863561024.0,24465.0,0,0.0,0.0,0.0,0.0,0.0,0.0,2494.76
2494799870,2,416065632.0,-863561024.0,24465.0,0,0.0,0.0,0.0,0.0,0.0,0.0,2494.8
2494840251,2,416065632.0,-863561024.0,24464.0,0,0.0,0.0,0.0,0.0,0.0,0.0,2494.84
2494880314,2,416065632.0,-863561024.0,24464.0,0,0.0,0.0,0.0,0.0,0.0,0.0,2494.88
2494919614,2,416065632.0,-863561024.0,24464.0,0,0.0,0.0,0.0,0.0,0.0,0.0,2494.92
2494959589,2,416065632.0,-863561024.0,24464.0,0,0.0,0.0,0.0,0.0,0.0,0.0,2494.96
2495004685,2,416065632.0,-863561024.0,24464.0,0,0.0,0.0,0.0,0.0,0.0,0.0,2495.005
2495040272,2,416065632.0,-863561024.0,24464.0,0,0.0,0.0,0.0,0.0,0.0,0.0,2495.04
2495084378,2,416065632.0,-863561024.0,24464.0,0,0.0,0.0,0.0,0.0,0.0,0.0,2495.084
2495122017,2,416065632.0,-863561024.0,24464.0,0,0.0,0.0,0.0,0.0,0.0,0.0,2495.122
2495162263,2,416065632.0,-863561024.0,24463.0,0,0.0,0.0,0.0,0.0,0.0,0.0,2495.162
2495202273,2,416065632.0,-863561024.0,24463.0,0,0.0,0.0,0.0,0.0,0.0,0.0,2495.202
2495240225,2,416065632.0,-863561024.0,24463.0,0,0.0,0.0,0.0,0.0,0.0,0.0,2495.24
2495281987,2,416065632.0,-863561024.0,24463.0,0,0.0,0.0,0.0,0.0,0.0,0.0,2495.282
2495322067,2,416065632.0,-863561024.0,24463.0,0,0.0,0.0,0.0,0.0,0.0,0.0,2495.322
2495362340,2,416065632.0,-863561024.0,24463.0,0,0.0,0.0,0.0,0.0,0.0,0.0,2495.362
2495404726,2,416065632.0,-863561024.0,24463.0,0,0.0,0.0,0.0,0.0,0.0,0.0,2495.405
2495444622,2,416065632.0,-863561024.0,24463.0,0,0.0,0.0,0.0,0.0,0.0,0.0,2495.445
2495484458,2,416065632.0,-863561024.0,24463.0,0,0.0,0.0,0.0,0.0,0.0,0.0,2495.484
2495526076,2,416065632.0,-863561024.0,24463.0,0,0.0,0.0,0.0,0.0,0.0,0.0,2495.526
2495564808,2,416065632.0,-863561024.0,24463.0,0,0.0,0.0,0.0,0.0,0.0,0.0,2495.565
2495604694,2,416065632.0,-863561024.0,24463.0,0,0.0,0.0,0.0,0.0,0.0,0.0,2495.605
2495644573,2,416065632.0,-863561024.0,24463.0,0,0.0,0.0,0.0,0.0,0.0,0.0,2495.645
2495684496,2,416065632.0,-863561024.0,24463.0,0,0.0,0.0,0.0,0.0,0.0,0.0,2495.684
2495726125,2,416065632.0,-863561024.0,24463.0,0,0.0,0.0,0.0,0.0,0.0,0.0,2495.726
2495767301,2,416065632.0,-863561024.0,24463.0,0,0.0,0.0,0.0,0.0,0.0,0.0,2495.767
2495806939,2,416065632.0,-863561024.0,24463.0,0,0.0,0.0,0.0,0.0,0.0,0.0,2495.807
2495846972,2,416065632.0,-863561024.0,24463.0,0,0.0,0.0,0.0,0.0,0.0,0.0,2495.847
2495894532,2,416065632.0,-863561024.0,24463.0,0,0.0,0.0,0.0,0.0,0.0,0.0,2495.895
2495927381,2,416065632.0,-863561024.0,24463.0,0,0.0,0.0,0.0,0.0,0.0,0.0,2495.927
2495967190,2,416065632.0,-863561024.0,24463.0,0,0.0,0.0,0.0,0.0,0.0,0.0,2495.967
2496012931,2,416065632.0,-863561024.0,24463.0,0,0.0,0.0,0.0,0.0,0.0,0.0,2496.013
2496049768,2,416065632.0,-863561024.0,24463.0,0,0.0,0.0,0.0,0.0,0.0,0.0,2496.05
2496092119,2,416065632.0,-863561024.0,24463.0,0,0.0,0.0,0.0,0.0,0.0,0.0,2496.092
2496129900,2,416065632.0,-863561024.0,24463.0,0,0.0,0.0,0.0,0.0,0.0,0.0,2496.13
2496169563,2,416065632.0,-863561024.0,24463.0,0,0.0,0.0,0.0,0.0,0.0,0.0,2496.17
2496209502,2,416065632.0,-863561024.0,24463.0,0,0.0,0.0,0.0,0.0,0.0,0.0,2496.21
2496249841,2,416065632.0,-863561024.0,24463.0,0,0.0,0.0,0.0,0.0,0.0,0.0,2496.25
2496292229,2,416065632.0,-863561024.0,24463.0,0,0.0,0.0,0.0,0.0,0.0,0.0,2496.292
2496331958,2,416065632.0,-863561024.0,24463.0,0,0.0,0.0,0.0,0.0,0.0,0.0,2496.332
2496371966,2,416065632.0,-863561024.0,24463.0,0,0.0,0.0,0.0,0.0,0.0,0.0,2496.372
2496412910,2,416065632.0,-863561024.0,24463.0,0,0.0,0.0,0.0,0.0,0.0,0.0,2496.413
2496452837,2,416065632.0,-863561024.0,24463.0,0,0.0,0.0,0.0,0.0,0.0,0.0,2496.453
2496492199,2,416065632.0,-863561024.0,24463.0,0,0.0,0.0,0.0,0.0,0.0,0.0,2496.492
2496532087,2,416065632.0,-863561024.0,24463.0,0,0.0,0.0,0.0,0.0,0.0,0.0,2496.532
2496571967,2,416065632.0,-863561024.0,24463.0,0,0.0,0.0,0.0,0.0,0.0,0.0,2496.572
2496612903,2,416065632.0,-863561024.0,24463.0,0,0.0,0.0,0.0,0.0,0.0,0.0,2496.613
2496652957,2,416065632.0,-863561024.0,24463.0,0,0.0,0.0,0.0,0.0,0.0,0.0,2496.653
2496694463,2,416065632.0,-863561024.0,24463.0,0,0.0,0.0,0.0,0.0,0.0,0.0,2496.694
2496734450,2,416065632.0,-863561024.0,24463.0,0,0.0,0.0,0.0,0.0,0.0,0.0,2496.734
2496774796,2,416065632.0,-863561024.0,24463.0,0,0.0,0.0,0.0,0.0,0.0,0.0,2496.775
2496816112,2,416065632.0,-863561024.0,24463.0,0,0.0,0.0,0.0,0.0,0.0,0.0,2496.816
2496854738,2,416065632.0,-863561024.0,24463.0,0,0.0,0.0,0.0,0.0,0.0,0.0,2496.855
2496894576,2,416065632.0,-863561024.0,24463.0,0,0.0,0.0,0.0,0.0,0.0,0.0,2496.895
2496934496,2,416065632.0,-863561024.0,24463.0,0,0.0,0.0,0.0,0.0,0.0,0.0,2496.934
2496974819,2,416065632.0,-863561024.0,24463.0,0,0.0,0.0,0.0,0.0,0.0,0.0,2496.975
2497019514,2,416065632.0,-863561024.0,24463.0,0,0.0,0.0,0.0,0.0,0.0,0.0,2497.02
2497057030,2,416065632.0,-863561024.0,24463.0,0,0.0,0.0,0.0,0.0,0.0,0.0,2497.057
2497099772,2,416065632.0,-863561024.0,24463.0,0,0.0,0.0,0.0,0.0,0.0,0.0,2497.1
2497137225,2,416065632.0,-863561024.0,24463.0,0,0.0,0.0,0.0,0.0,0.0,0.0,2497.137
2497177456,2,416065632.0,-863561024.0,24463.0,0,0.0,0.0,0.0,0.0,0.0,0.0,2497.177
2497218507,2,416065632.0,-863561024.0,24463.0,0,0.0,0.0,0.0,0.0,0.0,0.0,2497.219
2497297036,2,416065632.0,-863561024.0,24463.0,0,0.0,0.0,0.0,0.0,0.0,0.0,2497.297
2497334619,2,416065632.0,-863561024.0,24463.0,0,0.0,0.0,0.0,0.0,0.0,0.0,2497.335
2497374826,2,416065632.0,-863561024.0,24463.0,0,0.0,0.0,0.0,0.0,0.0,0.0,2497.375
2497416157,2,416065632.0,-863561024.0,24463.0,0,0.0,0.0,0.0,0.0,0.0,0.0,2497.416
2497454766,2,416065632.0,-863561024.0,24463.0,0,0.0,0.0,0.0,0.0,0.0,0.0,2497.455
2497494424,2,416065632.0,-863561024.0,24463.0,0,0.0,0.0,0.0,0.0,0.0,0.0,2497.494
2497534468,2,416065632.0,-863561024.0,24463.0,0,0.0,0.0,0.0,0.0,0.0,0.0,2497.534
2497574911,2,416065632.0,-863561024.0,24463.0,0,0.0,0.0,0.0,0.0,0.0,0.0,2497.575
2497616181,2,416065632.0,-863561024.0,24463.0,0,0.0,0.0,0.0,0.0,0.0,0.0,2497.616
2497657030,2,416065632.0,-863561024.0,24463.0,0,0.0,0.0,0.0,0.0,0.0,0.0,2497.657
2497697029,2,416065632.0,-863561024.0,24463.0,0,0.0,0.0,0.0,0.0,0.0,0.0,2497.697
2497737187,2,416065632.0,-863561024.0,24463.0,0,0.0,0.0,0.0,0.0,0.0,0.0,2497.737
2497777335,2,416065632.0,-863561024.0,24463.0,0,0.0,0.0,0.0,0.0,0.0,0.0,2497.777
2497816200,2,416065632.0,-863561024.0,24463.0,0,0.0,0.0,0.0,0.0,0.0,0.0,2497.816
2497862303,2,416065632.0,-863561024.0,24463.0,0,0.0,0.0,0.0,0.0,0.0,0.0,2497.862
2497896965,2,416065632.0,-863561024.0,24463.0,0,0.0,0.0,0.0,0.0,0.0,0.0,2497.897
2497937220,2,416065632.0,-863561024.0,24463.0,0,0.0,0.0,0.0,0.0,0.0,0.0,2497.937
2497977398,2,416065632.0,-863561024.0,24463.0,0,0.0,0.0,0.0,0.0,0.0,0.0,2497.977
2498096972,2,416065632.0,-863561024.0,24463.0,0,0.0,0.0,0.0,0.0,0.0,0.0,2498.097
2498132054,2,416065632.0,-863561024.0,24463.0,0,0.0,0.0,0.0,0.0,0.0,0.0,2498.132
2498171960,2,416065632.0,-863561024.0,24463.0,0,0.0,0.0,0.0,0.0,0.0,0.0,2498.172
2498212874,2,416065632.0,-863561024.0,24463.0,0,0.0,0.0,0.0,0.0,0.0,0.0,2498.213
2498252813,2,416065632.0,-863561024.0,24463.0,0,0.0,0.0,0.0,0.0,0.0,0.0,2498.253
2498292198,2,416065632.0,-863561024.0,24463.0,0,0.0,0.0,0.0,0.0,0.0,0.0,2498.292
2498334485,2,416065632.0,-863561024.0,24463.0,0,0.0,0.0,0.0,0.0,0.0,0.0,2498.334
2498374833,2,416065632.0,-863561024.0,24463.0,0,0.0,0.0,0.0,0.0,0.0,0.0,2498.375
2498416093,2,416065632.0,-863561024.0,24463.0,0,0.0,0.0,0.0,0.0,0.0,0.0,2498.416
2498454701,2,416065632.0,-863561024.0,24463.0,0,0.0,0.0,0.0,0.0,0.0,0.0,2498.455
2498494542,2,416065632.0,-863561024.0,24463.0,0,0.0,0.0,0.0,0.0,0.0,0.0,2498.495
2498537290,2,416065632.0,-863561024.0,24463.0,0,0.0,0.0,0.0,0.0,0.0,0.0,2498.537
2498577380,2,416065632.0,-863561024.0,24463.0,0,0.0,0.0,0.0,0.0,0.0,0.0,2498.577
2498616076,2,416065632.0,-863561024.0,24463.0,0,0.0,0.0,0.0,0.0,0.0,0.0,2498.616
2498656956,2,416065632.0,-863561024.0,24463.0,0,0.0,0.0,0.0,0.0,0.0,0.0,2498.657
2498696923,2,416065632.0,-863561024.0,24463.0,0,0.0,0.0,0.0,0.0,0.0,0.0,2498.697
2498737301,2,416065632.0,-863561024.0,24463.0,0,0.0,0.0,0.0,0.0,0.0,0.0,2498.737
2498777349,2,416065632.0,-863561024.0,24463.0,0,0.0,0.0,0.0,0.0,0.0,0.0,2498.777
2498816057,2,416065632.0,-863561024.0,24463.0,0,0.0,0.0,0.0,0.0,0.0,0.0,2498.816
2498857061,2,416065632.0,-863561024.0,24463.0,0,0.0,0.0,0.0,0.0,0.0,0.0,2498.857
2498897016,2,416065632.0,-863561024.0,24463.0,0,0.0,0.0,0.0,0.0,0.0,0.0,2498.897
2498937202,2,416065632.0,-863561024.0,24463.0,0,0.0,0.0,0.0,0.0,0.0,0.0,2498.937
2498977345,2,416065632.0,-863561024.0,24463.0,0,0.0,0.0,0.0,0.0,0.0,0.0,2498.977
2499018450,2,416065632.0,-863561024.0,24463.0,0,0.0,0.0,0.0,0.0,0.0,0.0,2499.018
2499059464,2,416065632.0,-863561024.0,24463.0,0,0.0,0.0,0.0,0.0,0.0,0.0,2499.059
2499102301,2,416065632.0,-863561024.0,24463.0,0,0.0,0.0,0.0,0.0,0.0,0.0,2499.102
2499139771,2,416065632.0,-863561024.0,24463.0,0,0.0,0.0,0.0,0.0,0.0,0.0,2499.14
2499179762,2,416065632.0,-863561024.0,24463.0,0,0.0,0.0,0.0,0.0,0.0,0.0,2499.18
2499218494,2,416065632.0,-863561024.0,24463.0,0,0.0,0.0,0.0,0.0,0.0,0.0,2499.218
2499259498,2,416065632.0,-863561024.0,24463.0,0,0.0,0.0,0.0,0.0,0.0,0.0,2499.259
2499299786,2,416065632.0,-863561024.0,24463.0,0,0.0,0.0,0.0,0.0,0.0,0.0,2499.3
2499339757,2,416065632.0,-863561024.0,24463.0,0,0.0,0.0,0.0,0.0,0.0,0.0,2499.34
2499379756,2,416065632.0,-863561024.0,24463.0,0,0.0,0.0,0.0,0.0,0.0,0.0,2499.38
2499419590,2,416065632.0,-863561024.0,24463.0,0,0.0,0.0,0.0,0.0,0.0,0.0,2499.42
2499462254,2,416065632.0,-863561024.0,24463.0,0,0.0,0.0,0.0,0.0,0.0,0.0,2499.462
2499499776,2,416065632.0,-863561024.0,24463.0,0,0.0,0.0,0.0,0.0,0.0,0.0,2499.5
2499539850,2,416065632.0,-863561024.0,24463.0,0,0.0,0.0,0.0,0.0,0.0,0.0,2499.54
2499582032,2,416065632.0,-863561024.0,24463.0,0,0.0,0.0,0.0,0.0,0.0,0.0,2499.582
2499621997,2,416065632.0,-863561024.0,24463.0,0,0.0,0.0,0.0,0.0,0.0,0.0,2499.622
2499662202,2,416065632.0,-863561024.0,24463.0,0,0.0,0.0,0.0,0.0,0.0,0.0,2499.662
2499702254,2,416065632.0,-863561024.0,24463.0,0,0.0,0.0,0.0,0.0,0.0,0.0,2499.702
2499742176,2,416065632.0,-863561024.0,24463.0,0,0.0,0.0,0.0,0.0,0.0,0.0,2499.742
2499782017,2,416065632.0,-863561024.0,24463.0,0,0.0,0.0,0.0,0.0,0.0,0.0,2499.782
2499822110,2,416065632.0,-863561024.0,24463.0,0,0.0,0.0,0.0,0.0,0.0,0.0,2499.822
2499862369,2,416065632.0,-863561024.0,24463.0,0,0.0,0.0,0.0,0.0,0.0,0.0,2499.862
2499902219,2,416065632.0,-863561024.0,24463.0,0,0.0,0.0,0.0,0.0,0.0,0.0,2499.902
2499942190,2,416065632.0,-863561024.0,24463.0,0,0.0,0.0,0.0,0.0,0.0,0.0,2499.942
2499981968,2,416065632.0,-863561024.0,24463.0,0,0.0,0.0,0.0,0.0,0.0,0.0,2499.982
2500022094,2,416065632.0,-863561024.0,24463.0,0,0.0,0.0,0.0,0.0,0.0,0.0,2500.022
2500062209,2,416065632.0,-863561024.0,24463.0,0,0.0,0.0,0.0,0.0,0.0,0.0,2500.062
2500109580,2,416065632.0,-863561024.0,24463.0,0,0.0,0.0,0.0,0.0,0.0,0.0,2500.11
2500144639,2,416065632.0,-863561024.0,24463.0,0,0.0,0.0,0.0,0.0,0.0,0.0,2500.145
2500184407,2,416065632.0,-863561024.0,24463.0,0,0.0,0.0,0.0,0.0,0.0,0.0,2500.184
2500226085,2,416065632.0,-863561024.0,24463.0,0,0.0,0.0,0.0,0.0,0.0,0.0,2500.226
2500264872,2,416065632.0,-863561024.0,24463.0,0,0.0,0.0,0.0,0.0,0.0,0.0,2500.265
2500304836,2,416065632.0,-863561024.0,24463.0,0,0.0,0.0,0.0,0.0,0.0,0.0,2500.305
2500344601,2,416065632.0,-863561024.0,24463.0,0,0.0,0.0,0.0,0.0,0.0,0.0,2500.345
2500384494,2,416065632.0,-863561024.0,24463.0,0,0.0,0.0,0.0,0.0,0.0,0.0,2500.384
2500426151,2,416065632.0,-863561024.0,24463.0,0,0.0,0.0,0.0,0.0,0.0,0.0,2500.426
2500467174,2,416065632.0,-863561024.0,24463.0,0,0.0,0.0,0.0,0.0,0.0,0.0,2500.467
2500512240,2,416065632.0,-863561024.0,24463.0,0,0.0,0.0,0.0,0.0,0.0,0.0,2500.512
2500546981,2,416065632.0,-863561024.0,24463.0,0,0.0,0.0,0.0,0.0,0.0,0.0,2500.547
2500587345,2,416065632.0,-863561024.0,24463.0,0,0.0,0.0,0.0,0.0,0.0,0.0,2500.587
2500626099,2,416065632.0,-863561024.0,24463.0,0,0.0,0.0,0.0,0.0,0.0,0.0,2500.626
2500667185,2,416065632.0,-863561024.0,24463.0,0,0.0,0.0,0.0,0.0,0.0,0.0,2500.667
2500706954,2,416065632.0,-863561024.0,24463.0,0,0.0,0.0,0.0,0.0,0.0,0.0,2500.707
2500747029,2,416065632.0,-863561024.0,24463.0,0,0.0,0.0,0.0,0.0,0.0,0.0,2500.747
2500787484,2,416065632.0,-863561024.0,24463.0,0,0.0,0.0,0.0,0.0,0.0,0.0,2500.787
2500827276,2,416065632.0,-863561024.0,24463.0,0,0.0,0.0,0.0,0.0,0.0,0.0,2500.827
2500867224,2,416065632.0,-863561024.0,24463.0,0,0.0,0.0,0.0,0.0,0.0,0.0,2500.867
2500906938,2,416065632.0,-863561024.0,24463.0,0,0.0,0.0,0.0,0.0,0.0,0.0,2500.907
2500949795,2,416065632.0,-863561024.0,24463.0,0,0.0,0.0,0.0,0.0,0.0,0.0,2500.95
2500987499,2,416065632.0,-863561024.0,24463.0,0,0.0,0.0,0.0,0.0,0.0,0.0,2500.987
2501027382,2,416065632.0,-863561024.0,24463.0,0,0.0,0.0,0.0,0.0,0.0,0.0,2501.027
2501069558,2,416065632.0,-863561024.0,24463.0,0,0.0,0.0,0.0,0.0,0.0,0.0,2501.07
2501112326,2,416065632.0,-863561024.0,24463.0,0,0.0,0.0,0.0,0.0,0.0,0.0,2501.112
2501149783,2,416065632.0,-863561024.0,24463.0,0,0.0,0.0,0.0,0.0,0.0,0.0,2501.15
2501192218,2,416065632.0,-863561024.0,24463.0,0,0.0,0.0,0.0,0.0,0.0,0.0,2501.192
2501231961,2,416065632.0,-863561024.0,24463.0,0,0.0,0.0,0.0,0.0,0.0,0.0,2501.232
2501272048,2,416065632.0,-863561024.0,24463.0,0,0.0,0.0,0.0,0.0,0.0,0.0,2501.272
2501312348,2,416065632.0,-863561024.0,24463.0,0,0.0,0.0,0.0,0.0,0.0,0.0,2501.312
2501352251,2,416065632.0,-863561024.0,24463.0,0,0.0,0.0,0.0,0.0,0.0,0.0,2501.352
2501392241,2,416065632.0,-863561024.0,24463.0,0,0.0,0.0,0.0,0.0,0.0,0.0,2501.392
2501432012,2,416065632.0,-863561024.0,24463.0,0,0.0,0.0,0.0,0.0,0.0,0.0,2501.432
2501472006,2,416065632.0,-863561024.0,24463.0,0,0.0,0.0,0.0,0.0,0.0,0.0,2501.472
2501512338,2,416065632.0,-863561024.0,24463.0,0,0.0,0.0,0.0,0.0,0.0,0.0,2501.512
2501552210,2,416065632.0,-863561024.0,24463.0,0,0.0,0.0,0.0,0.0,0.0,0.0,2501.552
2501592153,2,416065632.0,-863561024.0,24463.0,0,0.0,0.0,0.0,0.0,0.0,0.0,2501.592
2501634494,2,416065632.0,-863561024.0,24463.0,0,0.0,0.0,0.0,0.0,0.0,0.0,2501.634
2501672080,2,416065632.0,-863561024.0,24463.0,0,0.0,0.0,0.0,0.0,0.0,0.0,2501.672
2501715968,2,416065632.0,-863561024.0,24463.0,0,0.0,0.0,0.0,0.0,0.0,0.0,2501.716
2501754712,2,416065632.0,-863561024.0,24463.0,0,0.0,0.0,0.0,0.0,0.0,0.0,2501.755
2501794466,2,416065632.0,-863561024.0,24463.0,0,0.0,0.0,0.0,0.0,0.0,0.0,2501.794
2501834521,2,416065632.0,-863561024.0,24463.0,0,0.0,0.0,0.0,0.0,0.0,0.0,2501.835
2501874911,2,416065632.0,-863561024.0,24463.0,0,0.0,0.0,0.0,0.0,0.0,0.0,2501.875
2501916048,2,416065632.0,-863561024.0,24463.0,0,0.0,0.0,0.0,0.0,0.0,0.0,2501.916
2501954790,2,416065632.0,-863561024.0,24463.0,0,0.0,0.0,0.0,0.0,0.0,0.0,2501.955
2501994465,2,416065632.0,-863561024.0,24463.0,0,0.0,0.0,0.0,0.0,0.0,0.0,2501.994
2502034520,2,416065632.0,-863561024.0,24463.0,0,0.0,0.0,0.0,0.0,0.0,0.0,2502.035
2502074826,2,416065632.0,-863561024.0,24463.0,0,0.0,0.0,0.0,0.0,0.0,0.0,2502.075
2502118447,2,416065632.0,-863561024.0,24463.0,0,0.0,0.0,0.0,0.0,0.0,0.0,2502.118
2502154648,2,416065632.0,-863561024.0,24463.0,0,0.0,0.0,0.0,0.0,0.0,0.0,2502.155
2502194424,2,416065632.0,-863561024.0,24463.0,0,0.0,0.0,0.0,0.0,0.0,0.0,2502.194
2502234481,2,416065632.0,-863561024.0,24463.0,0,0.0,0.0,0.0,0.0,0.0,0.0,2502.234
2502274877,2,416065632.0,-863561024.0,24463.0,0,0.0,0.0,0.0,0.0,0.0,0.0,2502.275
2502318507,2,416065632.0,-863561024.0,24463.0,0,0.0,0.0,0.0,0.0,0.0,0.0,2502.319
2502356989,2,416065632.0,-863561024.0,24463.0,0,0.0,0.0,0.0,0.0,0.0,0.0,2502.357
2502397024,2,416065632.0,-863561024.0,24463.0,0,0.0,0.0,0.0,0.0,0.0,0.0,2502.397
2502437742,2,416065632.0,-863561024.0,24463.0,0,0.0,0.0,0.0,0.0,0.0,0.0,2502.438
2502477324,2,416065632.0,-863561024.0,24463.0,0,0.0,0.0,0.0,0.0,0.0,0.0,2502.477
2502516168,2,416065632.0,-863561024.0,24463.0,0,0.0,0.0,0.0,0.0,0.0,0.0,2502.516
2502556920,2,416065632.0,-863561024.0,24463.0,0,0.0,0.0,0.0,0.0,0.0,0.0,2502.557
2502596982,2,416065632.0,-863561024.0,24463.0,0,0.0,0.0,0.0,0.0,0.0,0.0,2502.597
2502637875,2,416065632.0,-863561024.0,24463.0,0,0.0,0.0,0.0,0.0,0.0,0.0,2502.638
2502677377,2,416065632.0,-863561024.0,24463.0,0,0.0,0.0,0.0,0.0,0.0,0.0,2502.677
2502718489,2,416065632.0,-863561024.0,24463.0,0,0.0,0.0,0.0,0.0,0.0,0.0,2502.718
2502756920,2,416065632.0,-863561024.0,24463.0,0,0.0,0.0,0.0,0.0,0.0,0.0,2502.757
2502797000,2,416065632.0,-863561024.0,24463.0,0,0.0,0.0,0.0,0.0,0.0,0.0,2502.797
2502837784,2,416065632.0,-863561024.0,24463.0,0,0.0,0.0,0.0,0.0,0.0,0.0,2502.838
2502877440,2,416065632.0,-863561024.0,24463.0,0,0.0,0.0,0.0,0.0,0.0,0.0,2502.877
2502918453,2,416065632.0,-863561024.0,24463.0,0,0.0,0.0,0.0,0.0,0.0,0.0,2502.918
2502959505,2,416065632.0,-863561024.0,24463.0,0,0.0,0.0,0.0,0.0,0.0,0.0,2502.96
2502999755,2,416065632.0,-863561024.0,24463.0,0,0.0,0.0,0.0,0.0,0.0,0.0,2503.0
2503040171,2,416065632.0,-863561024.0,24463.0,0,0.0,0.0,0.0,0.0,0.0,0.0,2503.04
2503149806,2,416065632.0,-863561024.0,24463.0,0,0.0,0.0,0.0,0.0,0.0,0.0,2503.15
2503212897,4,0.0,0.0,0.0,0,0.0,0.0,0.0,0.0,0.0,0.0,2503.213
2503249838,4,0.0,0.0,0.0,0,0.0,0.0,0.0,0.0,0.0,0.0,2503.25
2503289859,4,0.0,0.0,0.0,0,0.0,0.0,0.0,0.0,0.0,0.0,2503.29
2503329860,4,0.0,0.0,0.0,0,0.0,0.0,0.0,0.0,0.0,0.0,2503.33
2503369520,4,0.0,0.0,0.0,0,0.0,0.0,0.0,0.0,0.0,0.0,2503.37
2503412945,4,0.0,0.0,0.0,0,0.0,0.0,0.0,0.0,0.0,0.0,2503.413
2503452771,4,0.0,0.0,0.0,0,0.0,0.0,0.0,0.0,0.0,0.0,2503.453
2503489827,4,0.0,0.0,0.0,0,0.0,0.0,0.0,0.0,0.0,0.0,2503.49
2503531960,4,0.0,0.0,0.0,0,0.0,0.0,0.0,0.0,0.0,0.0,2503.532
2503571943,4,0.0,0.0,0.0,0,0.0,0.0,0.0,0.0,0.0,0.0,2503.572
2503612922,4,0.0,0.0,0.0,0,0.0,0.0,0.0,0.0,0.0,0.0,2503.613
2503652812,4,0.0,0.0,0.0,0,0.0,0.0,0.0,0.0,0.0,0.0,2503.653
2503692118,4,0.0,0.0,0.0,0,0.0,0.0,0.0,0.0,0.0,0.0,2503.692
2503731900,4,0.0,0.0,0.0,0,0.0,0.0,0.0,0.0,0.0,0.0,2503.732
2503771925,4,0.0,0.0,0.0,0,0.0,0.0,0.0,0.0,0.0,0.0,2503.772
2503812933,4,0.0,0.0,0.0,0,0.0,0.0,0.0,0.0,0.0,0.0,2503.813
2503852836,4,0.0,0.0,0.0,0,0.0,0.0,0.0,0.0,0.0,0.0,2503.853
2503897149,2,416065632.0,-863561024.0,24457.0,0,0.0,0.0,0.0,0.0,0.0,0.0,2503.897
2503952239,2,416065632.0,-863561024.0,24456.0,0,0.0,0.0,0.0,0.0,0.0,0.0,2503.952
2503974840,2,416065632.0,-863561024.0,24456.0,0,0.0,0.0,0.0,0.0,0.0,0.0,2503.975
2504016038,2,416065632.0,-863561024.0,24457.0,0,0.0,0.0,0.0,0.0,0.0,0.0,2504.016
2504056908,2,416065632.0,-863561024.0,24457.0,0,0.0,0.0,0.0,0.0,0.0,0.0,2504.057
2504096959,2,416065632.0,-863561024.0,24457.0,0,0.0,0.0,0.0,0.0,0.0,0.0,2504.097
2504137266,2,416065632.0,-863561024.0,24457.0,0,0.0,0.0,0.0,0.0,0.0,0.0,2504.137
2504184423,2,416065632.0,-863561024.0,24457.0,0,0.0,0.0,0.0,0.0,0.0,0.0,2504.184
2504218389,2,416065632.0,-863561024.0,24457.0,0,0.0,0.0,0.0,0.0,0.0,0.0,2504.218
2504256949,2,416065632.0,-863561024.0,24457.0,0,0.0,0.0,0.0,0.0,0.0,0.0,2504.257
2504297018,2,416065632.0,-863561024.0,24457.0,0,0.0,0.0,0.0,0.0,0.0,0.0,2504.297
2504337228,2,416065632.0,-863561024.0,24457.0,0,0.0,0.0,0.0,0.0,0.0,0.0,2504.337
2504377381,2,416065632.0,-863561024.0,24457.0,0,0.0,0.0,0.0,0.0,0.0,0.0,2504.377
2504416172,2,416065632.0,-863561024.0,24457.0,0,0.0,0.0,0.0,0.0,0.0,0.0,2504.416
2504459574,2,416065632.0,-863561024.0,24457.0,0,0.0,0.0,0.0,0.0,0.0,0.0,2504.46
2504499733,2,416065632.0,-863561024.0,24457.0,0,0.0,0.0,0.0,0.0,0.0,0.0,2504.5
2504537265,2,416065632.0,-863561024.0,24457.0,0,0.0,0.0,0.0,0.0,0.0,0.0,2504.537
2504579709,2,416065632.0,-863561024.0,24457.0,0,0.0,0.0,0.0,0.0,0.0,0.0,2504.58
2504618622,2,416065664.0,-863561024.0,24457.0,0,0.0,0.0,0.0,0.0,0.0,0.0,2504.619
2504656988,2,416065664.0,-863561024.0,24457.0,0,0.0,0.0,0.0,0.0,0.0,0.0,2504.657
2504699849,2,416065664.0,-863561024.0,24457.0,0,0.0,0.0,0.0,0.0,0.0,0.0,2504.7
2504739748,2,416065664.0,-863561024.0,24457.0,0,0.0,0.0,0.0,0.0,0.0,0.0,2504.74
2504779764,2,416065664.0,-863561024.0,24457.0,0,0.0,0.0,0.0,0.0,0.0,0.0,2504.78
2504818638,2,416065664.0,-863561024.0,24457.0,0,0.0,0.0,0.0,0.0,0.0,0.0,2504.819
2504859537,2,416065664.0,-863561024.0,24457.0,0,0.0,0.0,0.0,0.0,0.0,0.0,2504.86
2504902336,2,416065664.0,-863561024.0,24457.0,0,0.0,0.0,0.0,0.0,0.0,0.0,2504.902
2504939794,2,416065664.0,-863561024.0,24457.0,0,0.0,0.0,0.0,0.0,0.0,0.0,2504.94
2504979679,2,416065664.0,-863561024.0,24457.0,0,0.0,0.0,0.0,0.0,0.0,0.0,2504.98
2505019524,2,416065664.0,-863561024.0,24457.0,0,0.0,0.0,0.0,0.0,0.0,0.0,2505.02
2505059477,2,416065664.0,-863561024.0,24457.0,0,0.0,0.0,0.0,0.0,0.0,0.0,2505.059
2505099774,2,416065664.0,-863561024.0,24457.0,0,0.0,0.0,0.0,0.0,0.0,0.0,2505.1
2505139841,2,416065664.0,-863561024.0,24457.0,0,0.0,0.0,0.0,0.0,0.0,0.0,2505.14
2505184438,2,416065664.0,-863561024.0,24457.0,0,0.0,0.0,0.0,0.0,0.0,0.0,2505.184
2505222028,2,416065664.0,-863561024.0,24457.0,0,0.0,0.0,0.0,0.0,0.0,0.0,2505.222
2505262417,2,416065664.0,-863561024.0,24457.0,0,0.0,0.0,0.0,0.0,0.0,0.0,2505.262
2505302260,2,416065696.0,-863561024.0,24457.0,0,0.0,0.0,0.0,0.0,0.0,0.0,2505.302
2505339806,2,416065696.0,-863560960.0,24457.0,0,0.0,0.0,0.0,0.0,0.0,0.0,2505.34
2505379752,2,416065696.0,-863560960.0,24457.0,0,0.0,0.0,0.0,0.0,0.0,0.0,2505.38
2505422017,2,416065696.0,-863560960.0,24457.0,0,0.0,0.0,0.0,0.0,0.0,0.0,2505.422
2505462237,2,416065696.0,-863560960.0,24457.0,0,0.0,0.0,0.0,0.0,0.0,0.0,2505.462
2505502246,2,416065696.0,-863560960.0,24457.0,0,0.0,0.0,0.0,0.0,0.0,0.0,2505.502
2505542181,2,416065696.0,-863560960.0,24457.0,0,0.0,0.0,0.0,0.0,0.0,0.0,2505.542
2505581949,2,416065696.0,-863560960.0,24457.0,0,0.0,0.0,0.0,0.0,0.0,0.0,2505.582
2505621982,2,416065728.0,-863560960.0,24457.0,0,0.0,0.0,0.0,0.0,0.0,0.0,2505.622
2505662271,2,416065728.0,-863560960.0,24457.0,0,0.0,0.0,0.0,0.0,0.0,0.0,2505.662
2505704830,2,416065728.0,-863560960.0,24457.0,0,0.0,0.0,0.0,0.0,0.0,0.0,2505.705
2505744518,2,416065728.0,-863560960.0,24457.0,0,0.0,0.0,0.0,0.0,0.0,0.0,2505.745
2505782019,2,416065728.0,-863560960.0,24457.0,0,0.0,0.0,0.0,0.0,0.0,0.0,2505.782
2505821994,2,416065728.0,-863560960.0,24457.0,0,0.0,0.0,0.0,0.0,0.0,0.0,2505.822
2505862226,2,416065760.0,-863560960.0,24457.0,0,0.0,0.0,0.0,0.0,0.0,0.0,2505.862
2505906955,2,416065760.0,-863560960.0,24457.0,0,0.0,0.0,0.0,0.0,0.0,0.0,2505.907
2505942200,2,416065760.0,-863560960.0,24457.0,0,0.0,0.0,0.0,0.0,0.0,0.0,2505.942
2505982110,2,416065760.0,-863560960.0,24457.0,0,0.0,0.0,0.0,0.0,0.0,0.0,2505.982
2506022058,2,416065792.0,-863560960.0,24457.0,0,0.0,0.0,0.0,0.0,0.0,0.0,2506.022
2506064869,2,416065792.0,-863560960.0,24457.0,0,0.0,0.0,0.0,0.0,0.0,0.0,2506.065
2506104846,2,416065792.0,-863560960.0,24457.0,0,0.0,0.0,0.0,0.0,0.0,0.0,2506.105
2506144567,2,416065792.0,-863560960.0,24457.0,0,0.0,0.0,0.0,0.0,0.0,0.0,2506.145
2506187361,2,416065824.0,-863560960.0,24457.0,0,0.0,0.0,0.0,0.0,0.0,0.0,2506.187
2506226086,2,416065824.0,-863560960.0,24457.0,0,0.0,0.0,0.0,0.0,0.0,0.0,2506.226
2506264867,2,416065824.0,-863560960.0,24457.0,0,0.0,0.0,0.0,0.0,0.0,0.0,2506.265
2506304840,2,416065824.0,-863560960.0,24457.0,0,0.0,0.0,0.0,0.0,0.0,0.0,2506.305
2506344686,2,416065856.0,-863560896.0,24457.0,0,0.0,0.0,0.0,0.0,0.0,0.0,2506.345
2506384453,2,416065856.0,-863560896.0,24457.0,0,0.0,0.0,0.0,0.0,0.0,0.0,2506.384
2506426062,2,416065856.0,-863560896.0,24457.0,0,0.0,0.0,0.0,0.0,0.0,0.0,2506.426
2506467203,2,416065856.0,-863560896.0,24457.0,0,0.0,0.0,0.0,0.0,0.0,0.0,2506.467
2506507015,2,416065888.0,-863560896.0,24457.0,0,0.0,0.0,0.0,0.0,0.0,0.0,2506.507
2506544514,2,416065888.0,-863560896.0,24457.0,0,0.0,0.0,0.0,0.0,0.0,0.0,2506.545
2506587363,2,416065888.0,-863560896.0,24457.0,0,0.0,0.0,0.0,0.0,0.0,0.0,2506.587
2506626068,2,416065920.0,-863560896.0,24457.0,0,0.0,0.0,0.0,0.0,0.0,0.0,2506.626
2506667212,2,416065920.0,-863560896.0,24457.0,0,0.0,0.0,0.0,0.0,0.0,0.0,2506.667
2506704859,2,416065920.0,-863560896.0,24457.0,0,0.0,0.0,0.0,0.0,0.0,0.0,2506.705
2506747048,2,416065952.0,-863560896.0,24457.0,0,0.0,0.0,0.0,0.0,0.0,0.0,2506.747
2506787353,2,416065952.0,-863560896.0,24457.0,0,0.0,0.0,0.0,0.0,0.0,0.0,2506.787
2506826043,2,416065952.0,-863560896.0,24457.0,0,0.0,0.0,0.0,0.0,0.0,0.0,2506.826
2506867228,2,416065984.0,-863560896.0,24457.0,0,0.0,0.0,0.0,0.0,0.0,0.0,2506.867
2506912346,2,416065984.0,-863560896.0,24457.0,0,0.0,0.0,0.0,0.0,0.0,0.0,2506.912
2506946959,2,416065984.0,-863560896.0,24457.0,0,0.0,0.0,0.0,0.0,0.0,0.0,2506.947
2506987346,2,416066016.0,-863560896.0,24457.0,0,0.0,0.0,0.0,0.0,0.0,0.0,2506.987
2507026200,2,416066016.0,-863560896.0,24457.0,0,0.0,0.0,0.0,0.0,0.0,0.0,2507.026
2507067229,2,416066016.0,-863560896.0,24457.0,0,0.0,0.0,0.0,0.0,0.0,0.0,2507.067
2507109513,2,416066048.0,-863560896.0,24457.0,0,0.0,0.0,0.0,0.0,0.0,0.0,2507.11
2507149733,2,416066048.0,-863560896.0,24457.0,0,0.0,0.0,0.0,0.0,0.0,0.0,2507.15
2507189768,2,416066048.0,-863560896.0,24457.0,0,0.0,0.0,0.0,0.0,0.0,0.0,2507.19
2507229978,2,416066080.0,-863560896.0,24457.0,0,0.0,0.0,0.0,0.0,0.0,0.0,2507.23
2507269635,2,416066080.0,-863560896.0,24457.0,0,0.0,0.0,0.0,0.0,0.0,0.0,2507.27
2507316171,2,416066112.0,-863560896.0,24457.0,0,0.0,0.0,0.0,0.0,0.0,0.0,2507.316
2507356951,2,416066112.0,-863560832.0,24457.0,0,0.0,0.0,0.0,0.0,0.0,0.0,2507.357
2507399828,2,416066112.0,-863560832.0,24457.0,0,0.0,0.0,0.0,0.0,0.0,0.0,2507.4
2507437735,2,416066144.0,-863560832.0,24457.0,0,0.0,0.0,0.0,0.0,0.0,0.0,2507.438
2507480288,2,416066144.0,-863560832.0,24457.0,0,0.0,0.0,0.0,0.0,0.0,0.0,2507.48
2507521983,2,416066144.0,-863560832.0,24457.0,0,0.0,0.0,0.0,0.0,0.0,0.0,2507.522
2507559551,2,416066176.0,-863560832.0,24457.0,0,0.0,0.0,0.0,0.0,0.0,0.0,2507.56
2507602299,2,416066176.0,-863560832.0,24457.0,0,0.0,0.0,0.0,0.0,0.0,0.0,2507.602
2507644464,2,416066208.0,-863560832.0,24457.0,0,0.0,0.0,0.0,0.0,0.0,0.0,2507.644
2507680203,2,416066208.0,-863560832.0,24457.0,0,0.0,0.0,0.0,0.0,0.0,0.0,2507.68
2507719425,2,416066208.0,-863560832.0,24457.0,0,0.0,0.0,0.0,0.0,0.0,0.0,2507.719
2507759634,2,416066240.0,-863560832.0,24457.0,0,0.0,0.0,0.0,0.0,0.0,0.0,2507.76
2507802217,2,416066240.0,-863560832.0,24457.0,0,0.0,0.0,0.0,0.0,0.0,0.0,2507.802
2507842636,2,416066240.0,-863560832.0,24457.0,0,0.0,0.0,0.0,0.0,0.0,0.0,2507.843
2507882011,2,416066272.0,-863560832.0,24457.0,0,0.0,0.0,0.0,0.0,0.0,0.0,2507.882
2507926080,2,416066272.0,-863560832.0,24457.0,0,0.0,0.0,0.0,0.0,0.0,0.0,2507.926
2507962244,2,416066304.0,-863560832.0,24457.0,0,0.0,0.0,0.0,0.0,0.0,0.0,2507.962
2508007002,2,416066304.0,-863560832.0,24457.0,0,0.0,0.0,0.0,0.0,0.0,0.0,2508.007
2508042600,2,416066304.0,-863560832.0,24457.0,0,0.0,0.0,0.0,0.0,0.0,0.0,2508.043
2508084466,2,416066336.0,-863560832.0,24457.0,0,0.0,0.0,0.0,0.0,0.0,0.0,2508.084
2508126071,2,416066336.0,-863560832.0,24457.0,0,0.0,0.0,0.0,0.0,0.0,0.0,2508.126
2508164705,2,416066368.0,-863560768.0,24457.0,0,0.0,0.0,0.0,0.0,0.0,0.0,2508.165
2508204625,2,416066368.0,-863560768.0,24458.0,0,0.0,0.0,0.0,0.0,0.0,0.0,2508.205
2508252798,2,416066400.0,-863560768.0,24458.0,0,0.0,0.0,0.0,0.0,0.0,0.0,2508.253
2508284543,2,416066400.0,-863560768.0,24458.0,0,0.0,0.0,0.0,0.0,0.0,0.0,2508.285
2508326121,2,416066400.0,-863560768.0,24458.0,0,0.0,0.0,0.0,0.0,0.0,0.0,2508.326
2508364808,2,416066432.0,-863560768.0,24458.0,0,0.0,0.0,0.0,0.0,0.0,0.0,2508.365
2508404667,2,416066432.0,-863560768.0,24458.0,0,0.0,0.0,0.0,0.0,0.0,0.0,2508.405
2508446975,2,416066432.0,-863560768.0,24458.0,0,0.0,0.0,0.0,0.0,0.0,0.0,2508.447
2508487222,2,416066464.0,-863560768.0,24458.0,0,0.0,0.0,0.0,0.0,0.0,0.0,2508.487
2508526204,2,416066464.0,-863560768.0,24458.0,0,0.0,0.0,0.0,0.0,0.0,0.0,2508.526
2508567129,2,416066496.0,-863560768.0,24458.0,0,0.0,0.0,0.0,0.0,0.0,0.0,2508.567
2508606978,2,416066496.0,-863560768.0,24458.0,0,0.0,0.0,0.0,0.0,0.0,0.0,2508.607
2508646933,2,416066496.0,-863560768.0,24458.0,0,0.0,0.0,0.0,0.0,0.0,0.0,2508.647
2508687224,2,416066528.0,-863560768.0,24458.0,0,0.0,0.0,0.0,0.0,0.0,0.0,2508.687
2508726190,2,416066528.0,-863560768.0,24458.0,0,0.0,0.0,0.0,0.0,0.0,0.0,2508.726
2508767158,2,416066560.0,-863560768.0,24458.0,0,0.0,0.0,0.0,0.0,0.0,0.0,2508.767
2508806932,2,416066560.0,-863560704.0,24458.0,0,0.0,0.0,0.0,0.0,0.0,0.0,2508.807
2508846963,2,416066560.0,-863560704.0,24458.0,0,0.0,0.0,0.0,0.0,0.0,0.0,2508.847
2508887267,2,416066592.0,-863560704.0,24458.0,0,0.0,0.0,0.0,0.0,0.0,0.0,2508.887
2508931984,2,416066592.0,-863560704.0,24458.0,0,0.0,0.0,0.0,0.0,0.0,0.0,2508.932
2508967181,2,416066624.0,-863560704.0,24458.0,0,0.0,0.0,0.0,0.0,0.0,0.0,2508.967
2509009584,2,416066624.0,-863560704.0,24458.0,0,0.0,0.0,0.0,0.0,0.0,0.0,2509.01
2509049804,2,416066624.0,-863560704.0,24458.0,0,0.0,0.0,0.0,0.0,0.0,0.0,2509.05
2509087280,2,416066656.0,-863560704.0,24458.0,0,0.0,0.0,0.0,0.0,0.0,0.0,2509.087
2509127276,2,416066656.0,-863560704.0,24458.0,0,0.0,0.0,0.0,0.0,0.0,0.0,2509.127
2509167168,2,416066656.0,-863560704.0,24458.0,0,0.0,0.0,0.0,0.0,0.0,0.0,2509.167
2509209494,2,416066688.0,-863560704.0,24458.0,0,0.0,0.0,0.0,0.0,0.0,0.0,2509.209
2509252929,2,416066688.0,-863560704.0,24458.0,0,0.0,0.0,0.0,0.0,0.0,0.0,2509.253
2509289912,2,416066688.0,-863560704.0,24458.0,0,0.0,0.0,0.0,0.0,0.0,0.0,2509.29
2509329735,2,416066720.0,-863560704.0,24458.0,0,0.0,0.0,0.0,0.0,0.0,0.0,2509.33
2509369460,2,416066720.0,-863560704.0,24458.0,0,0.0,0.0,0.0,0.0,0.0,0.0,2509.369
2509409658,2,416066720.0,-863560704.0,24458.0,0,0.0,0.0,0.0,0.0,0.0,0.0,2509.41
2509449839,2,416066752.0,-863560640.0,24458.0,0,0.0,0.0,0.0,0.0,0.0,0.0,2509.45
2509489823,2,416066752.0,-863560640.0,24458.0,0,0.0,0.0,0.0,0.0,0.0,0.0,2509.49
2509531827,2,416066752.0,-863560640.0,24458.0,0,0.0,0.0,0.0,0.0,0.0,0.0,2509.532
2509569477,2,416066784.0,-863560640.0,24458.0,0,0.0,0.0,0.0,0.0,0.0,0.0,2509.569
2509609466,2,416066784.0,-863560640.0,24458.0,0,0.0,0.0,0.0,0.0,0.0,0.0,2509.609
2509649845,2,416066784.0,-863560640.0,24458.0,0,0.0,0.0,0.0,0.0,0.0,0.0,2509.65
2509689826,2,416066816.0,-863560640.0,24458.0,0,0.0,0.0,0.0,0.0,0.0,0.0,2509.69
2509731910,2,416066816.0,-863560640.0,24458.0,0,0.0,0.0,0.0,0.0,0.0,0.0,2509.732
2509771952,2,416066816.0,-863560640.0,24458.0,0,0.0,0.0,0.0,0.0,0.0,0.0,2509.772
2509812926,2,416066816.0,-863560640.0,24458.0,0,0.0,0.0,0.0,0.0,0.0,0.0,2509.813
2509852810,2,416066848.0,-863560640.0,24458.0,0,0.0,0.0,0.0,0.0,0.0,0.0,2509.853
2509892143,2,416066848.0,-863560640.0,24458.0,0,0.0,0.0,0.0,0.0,0.0,0.0,2509.892
2509937196,2,416066848.0,-863560640.0,24458.0,0,0.0,0.0,0.0,0.0,0.0,0.0,2509.937
2509971941,2,416066848.0,-863560640.0,24458.0,0,0.0,0.0,0.0,0.0,0.0,0.0,2509.972
2510012919,2,416066880.0,-863560640.0,24458.0,0,0.0,0.0,0.0,0.0,0.0,0.0,2510.013
2510052848,2,416066880.0,-863560640.0,24458.0,0,0.0,0.0,0.0,0.0,0.0,0.0,2510.053
2510092242,2,416066880.0,-863560576.0,24458.0,0,0.0,0.0,0.0,0.0,0.0,0.0,2510.092
2510131920,2,416066880.0,-863560576.0,24458.0,0,0.0,0.0,0.0,0.0,0.0,0.0,2510.132
2510171953,2,416066880.0,-863560576.0,24458.0,0,0.0,0.0,0.0,0.0,0.0,0.0,2510.172
2510212912,2,416066912.0,-863560576.0,24458.0,0,0.0,0.0,0.0,0.0,0.0,0.0,2510.213
2510257171,2,416066912.0,-863560576.0,24458.0,0,0.0,0.0,0.0,0.0,0.0,0.0,2510.257
2510292201,2,416066912.0,-863560576.0,24458.0,0,0.0,0.0,0.0,0.0,0.0,0.0,2510.292
2510331983,2,416066912.0,-863560576.0,24458.0,0,0.0,0.0,0.0,0.0,0.0,0.0,2510.332
2510374860,2,416066912.0,-863560576.0,24458.0,0,0.0,0.0,0.0,0.0,0.0,0.0,2510.375
2510412913,2,416066944.0,-863560576.0,24458.0,0,0.0,0.0,0.0,0.0,0.0,0.0,2510.413
2510452816,2,416066944.0,-863560576.0,24458.0,0,0.0,0.0,0.0,0.0,0.0,0.0,2510.453
2510494388,2,416066944.0,-863560576.0,24458.0,0,0.0,0.0,0.0,0.0,0.0,0.0,2510.494
2510534442,2,416066944.0,-863560576.0,24458.0,0,0.0,0.0,0.0,0.0,0.0,0.0,2510.534
2510574874,2,416066944.0,-863560576.0,24458.0,0,0.0,0.0,0.0,0.0,0.0,0.0,2510.575
2510616103,2,416066944.0,-863560576.0,24458.0,0,0.0,0.0,0.0,0.0,0.0,0.0,2510.616
2510654676,2,416066944.0,-863560576.0,24458.0,0,0.0,0.0,0.0,0.0,0.0,0.0,2510.655
2510694439,2,416066944.0,-863560576.0,24458.0,0,0.0,0.0,0.0,0.0,0.0,0.0,2510.694
2510734433,2,416066944.0,-863560576.0,24458.0,0,0.0,0.0,0.0,0.0,0.0,0.0,2510.734
2510774923,2,416066976.0,-863560512.0,24458.0,0,0.0,0.0,0.0,0.0,0.0,0.0,2510.775
2510816085,2,416066976.0,-863560512.0,24458.0,0,0.0,0.0,0.0,0.0,0.0,0.0,2510.816
2510854748,2,416066976.0,-863560512.0,24458.0,0,0.0,0.0,0.0,0.0,0.0,0.0,2510.855
2510894434,2,416066976.0,-863560512.0,24458.0,0,0.0,0.0,0.0,0.0,0.0,0.0,2510.894
2510939858,2,416066976.0,-863560512.0,24458.0,0,0.0,0.0,0.0,0.0,0.0,0.0,2510.94
2510977479,2,416066976.0,-863560512.0,24458.0,0,0.0,0.0,0.0,0.0,0.0,0.0,2510.977
2511016011,2,416066976.0,-863560512.0,24458.0,0,0.0,0.0,0.0,0.0,0.0,0.0,2511.016
2511057003,2,416066976.0,-863560512.0,24458.0,0,0.0,0.0,0.0,0.0,0.0,0.0,2511.057
2511096931,2,416066976.0,-863560512.0,24458.0,0,0.0,0.0,0.0,0.0,0.0,0.0,2511.097
2511137287,2,416066976.0,-863560512.0,24458.0,0,0.0,0.0,0.0,0.0,0.0,0.0,2511.137
2511177329,2,416066976.0,-863560512.0,24458.0,0,0.0,0.0,0.0,0.0,0.0,0.0,2511.177
2511216115,2,416066976.0,-863560512.0,24458.0,0,0.0,0.0,0.0,0.0,0.0,0.0,2511.216
2511256976,2,416066976.0,-863560512.0,24458.0,0,0.0,0.0,0.0,0.0,0.0,0.0,2511.257
2511294508,2,416066976.0,-863560512.0,24458.0,0,0.0,0.0,0.0,0.0,0.0,0.0,2511.295
2511334525,2,416066976.0,-863560512.0,24458.0,0,0.0,0.0,0.0,0.0,0.0,0.0,2511.335
2511374825,2,416066976.0,-863560512.0,24458.0,0,0.0,0.0,0.0,0.0,0.0,0.0,2511.375
2511416111,2,416066976.0,-863560512.0,24458.0,0,0.0,0.0,0.0,0.0,0.0,0.0,2511.416
2511454662,2,416066976.0,-863560512.0,24458.0,0,0.0,0.0,0.0,0.0,0.0,0.0,2511.455
2511497015,2,416066976.0,-863560512.0,24458.0,0,0.0,0.0,0.0,0.0,0.0,0.0,2511.497
2511537172,2,416066976.0,-863560512.0,24458.0,0,0.0,0.0,0.0,0.0,0.0,0.0,2511.537
2511577359,2,416066976.0,-863560512.0,24458.0,0,0.0,0.0,0.0,0.0,0.0,0.0,2511.577
2511618437,2,416066976.0,-863560512.0,24458.0,0,0.0,0.0,0.0,0.0,0.0,0.0,2511.618
2511656948,2,416066976.0,-863560512.0,24458.0,0,0.0,0.0,0.0,0.0,0.0,0.0,2511.657
2511697064,2,416066976.0,-863560512.0,24458.0,0,0.0,0.0,0.0,0.0,0.0,0.0,2511.697
2511737199,2,416066976.0,-863560512.0,24458.0,0,0.0,0.0,0.0,0.0,0.0,0.0,2511.737
2511777308,2,416066976.0,-863560512.0,24458.0,0,0.0,0.0,0.0,0.0,0.0,0.0,2511.777
2511816121,2,416066976.0,-863560512.0,24458.0,0,0.0,0.0,0.0,0.0,0.0,0.0,2511.816
2511856985,2,416066976.0,-863560512.0,24458.0,0,0.0,0.0,0.0,0.0,0.0,0.0,2511.857
2511897001,2,416066976.0,-863560512.0,24458.0,0,0.0,0.0,0.0,0.0,0.0,0.0,2511.897
2511939760,2,416066976.0,-863560512.0,24458.0,0,0.0,0.0,0.0,0.0,0.0,0.0,2511.94
2511977396,2,416066976.0,-863560512.0,24458.0,0,0.0,0.0,0.0,0.0,0.0,0.0,2511.977
2512018535,2,416066976.0,-863560512.0,24458.0,0,0.0,0.0,0.0,0.0,0.0,0.0,2512.019
2512056954,2,416066976.0,-863560512.0,24458.0,0,0.0,0.0,0.0,0.0,0.0,0.0,2512.057
2512096967,2,416066976.0,-863560512.0,24458.0,0,0.0,0.0,0.0,0.0,0.0,0.0,2512.097
2512137195,2,416066976.0,-863560512.0,24458.0,0,0.0,0.0,0.0,0.0,0.0,0.0,2512.137
2512177316,2,416066976.0,-863560512.0,24458.0,0,0.0,0.0,0.0,0.0,0.0,0.0,2512.177
2512218498,2,416066976.0,-863560512.0,24458.0,0,0.0,0.0,0.0,0.0,0.0,0.0,2512.218
2512262226,2,416066976.0,-863560512.0,24458.0,0,0.0,0.0,0.0,0.0,0.0,0.0,2512.262
2512299738,2,416066976.0,-863560512.0,24458.0,0,0.0,0.0,0.0,0.0,0.0,0.0,2512.3
2512339811,2,416066976.0,-863560512.0,24458.0,0,0.0,0.0,0.0,0.0,0.0,0.0,2512.34
2512379675,2,416066976.0,-863560512.0,24458.0,0,0.0,0.0,0.0,0.0,0.0,0.0,2512.38
2512419468,2,416066976.0,-863560512.0,24458.0,0,0.0,0.0,0.0,0.0,0.0,0.0,2512.419
2512459514,2,416066976.0,-863560512.0,24458.0,0,0.0,0.0,0.0,0.0,0.0,0.0,2512.46
2512499724,2,416066976.0,-863560512.0,24458.0,0,0.0,0.0,0.0,0.0,0.0,0.0,2512.5
2512539751,2,416066976.0,-863560512.0,24458.0,0,0.0,0.0,0.0,0.0,0.0,0.0,2512.54
2512579720,2,416066976.0,-863560512.0,24458.0,0,0.0,0.0,0.0,0.0,0.0,0.0,2512.58
2512619540,2,416066976.0,-863560512.0,24458.0,0,0.0,0.0,0.0,0.0,0.0,0.0,2512.62
2512659427,2,416066976.0,-863560512.0,24458.0,0,0.0,0.0,0.0,0.0,0.0,0.0,2512.659
2512699785,2,416066976.0,-863560512.0,24458.0,0,0.0,0.0,0.0,0.0,0.0,0.0,2512.7
2512739800,2,416066976.0,-863560512.0,24458.0,0,0.0,0.0,0.0,0.0,0.0,0.0,2512.74
2512779717,2,416066976.0,-863560512.0,24458.0,0,0.0,0.0,0.0,0.0,0.0,0.0,2512.78
2512819529,2,416066976.0,-863560512.0,24458.0,0,0.0,0.0,0.0,0.0,0.0,0.0,2512.82
2512859451,2,416066976.0,-863560512.0,24458.0,0,0.0,0.0,0.0,0.0,0.0,0.0,2512.859
2512899779,2,416066976.0,-863560512.0,24458.0,0,0.0,0.0,0.0,0.0,0.0,0.0,2512.9
2512944648,2,416066976.0,-863560512.0,24458.0,0,0.0,0.0,0.0,0.0,0.0,0.0,2512.945
2512979915,2,416066976.0,-863560512.0,24458.0,0,0.0,0.0,0.0,0.0,0.0,0.0,2512.98
2513022028,2,416066976.0,-863560512.0,24458.0,0,0.0,0.0,0.0,0.0,0.0,0.0,2513.022
2513062259,2,416066976.0,-863560512.0,24458.0,0,0.0,0.0,0.0,0.0,0.0,0.0,2513.062
2513099758,2,416066976.0,-863560512.0,24458.0,0,0.0,0.0,0.0,0.0,0.0,0.0,2513.1
2513139845,2,416066976.0,-863560512.0,24458.0,0,0.0,0.0,0.0,0.0,0.0,0.0,2513.14
2513194405,2,416066976.0,-863560512.0,24458.0,0,0.0,0.0,0.0,0.0,0.0,0.0,2513.194
2513221931,2,416066976.0,-863560512.0,24458.0,0,0.0,0.0,0.0,0.0,0.0,0.0,2513.222
2513267044,2,416066976.0,-863560512.0,24458.0,0,0.0,0.0,0.0,0.0,0.0,0.0,2513.267
2513302283,2,416066976.0,-863560512.0,24458.0,0,0.0,0.0,0.0,0.0,0.0,0.0,2513.302
2513342214,2,416066976.0,-863560512.0,24458.0,0,0.0,0.0,0.0,0.0,0.0,0.0,2513.342
2513382019,2,416066976.0,-863560512.0,24458.0,0,0.0,0.0,0.0,0.0,0.0,0.0,2513.382
2513421972,2,416066976.0,-863560512.0,24458.0,0,0.0,0.0,0.0,0.0,0.0,0.0,2513.422
2513462243,2,416066976.0,-863560512.0,24458.0,0,0.0,0.0,0.0,0.0,0.0,0.0,2513.462
2513502262,2,416066976.0,-863560512.0,24458.0,0,0.0,0.0,0.0,0.0,0.0,0.0,2513.502
2513544517,2,416066976.0,-863560512.0,24458.0,0,0.0,0.0,0.0,0.0,0.0,0.0,2513.545
2513587426,2,416066976.0,-863560512.0,24458.0,0,0.0,0.0,0.0,0.0,0.0,0.0,2513.587
2513626228,2,416066976.0,-863560512.0,24458.0,0,0.0,0.0,0.0,0.0,0.0,0.0,2513.626
2513662367,2,416066976.0,-863560512.0,24458.0,0,0.0,0.0,0.0,0.0,0.0,0.0,2513.662
2513704854,2,416066976.0,-863560512.0,24458.0,0,0.0,0.0,0.0,0.0,0.0,0.0,2513.705
2513744588,2,416066976.0,-863560512.0,24458.0,0,0.0,0.0,0.0,0.0,0.0,0.0,2513.745
2513784369,2,416066976.0,-863560512.0,24458.0,0,0.0,0.0,0.0,0.0,0.0,0.0,2513.784
2513826055,2,416066976.0,-863560512.0,24458.0,0,0.0,0.0,0.0,0.0,0.0,0.0,2513.826
2513864893,2,416066976.0,-863560512.0,24458.0,0,0.0,0.0,0.0,0.0,0.0,0.0,2513.865
2513904945,2,416066976.0,-863560512.0,24458.0,0,0.0,0.0,0.0,0.0,0.0,0.0,2513.905
2513949780,2,416066976.0,-863560512.0,24458.0,0,0.0,0.0,0.0,0.0,0.0,0.0,2513.95
2513984450,2,416066976.0,-863560512.0,24458.0,0,0.0,0.0,0.0,0.0,0.0,0.0,2513.984
2514026075,2,416066976.0,-863560512.0,24458.0,0,0.0,0.0,0.0,0.0,0.0,0.0,2514.026
2514064843,2,416066976.0,-863560512.0,24458.0,0,0.0,0.0,0.0,0.0,0.0,0.0,2514.065
2514156956,4,0.0,0.0,0.0,0,0.0,0.0,0.0,0.0,0.0,0.0,2514.157
