TimeUS,Lat,Lng,Alt,RelHomeAlt,RelOriginAlt,t_s
2346879570,41.6066992,-86.35605029999999,224.6599884033203,0.021627211943268776,-2.308372735977173,2346.88
2346979547,41.6066991,-86.35605029999999,224.67999267578125,0.04276230186223984,-2.2872376441955566,2346.98
2347079621,41.6066991,-86.35605029999999,224.6999969482422,0.06068446487188339,-2.269315481185913,2347.08
2347179645,41.6066991,-86.35605029999999,224.70999145507812,0.07707741111516953,-2.252922534942627,2347.18
2347279572,41.6066991,-86.35605029999999,224.72999572753906,0.09158232063055038,-2.238417625427246,2347.28
2347379636,41.6066991,-86.35605029999999,224.739990234375,0.10511066764593124,-2.2248892784118652,2347.38
2347479614,41.6066991,-86.35605029999999,224.75,0.11611058562994003,-2.2138893604278564,2347.48
2347579663,41.6066991,-86.35605029999999,224.75999450683594,0.1256592571735382,-2.204340696334839,2347.58
2347679664,41.6066991,-86.35605029999999,224.76998901367188,0.13612249493598938,-2.1938774585723877,2347.68
2347779662,41.6066991,-86.35605029999999,224.77999877929688,0.14368966221809387,-2.186310291290283,2347.78
2347879699,41.6066991,-86.35605029999999,224.7899932861328,0.15093877911567688,-2.1790611743927,2347.88
2347979643,41.6066991,-86.35605029999999,224.7899932861328,0.15865400433540344,-2.1713459491729736,2347.98
2348079665,41.6066991,-86.35605029999999,224.79998779296875,0.16673997044563293,-2.163259983062744,2348.08
2348179622,41.6066991,-86.35605029999999,224.80999755859375,0.17510035634040833,-2.1548995971679688,2348.18
2348279662,41.6066992,-86.35605029999999,224.8199920654297,0.18301966786384583,-2.1469802856445312,2348.28
2348379553,41.6066992,-86.35605029999999,224.8300018310547,0.1912262737751007,-2.1387736797332764,2348.38
2348479498,41.6066992,-86.35605029999999,224.8300018310547,0.1983959972858429,-2.131603956222534,2348.479
2348579557,41.6066992,-86.35605029999999,224.83999633789062,0.20600464940071106,-2.123995304107666,2348.58
2348679571,41.6066992,-86.35605029999999,224.84999084472656,0.213596373796463,-2.116403579711914,2348.68
2348779620,41.6066992,-86.35605029999999,224.86000061035156,0.22093775868415833,-2.1090621948242188,2348.78
2348879681,41.6066992,-86.35605029999999,224.86000061035156,0.2269623577594757,-2.1030375957489014,2348.88
2348979675,41.6066992,-86.35605029999999,224.8699951171875,0.23284295201301575,-2.0971570014953613,2348.98
2349079698,41.6066992,-86.35605029999999,224.8699951171875,0.2382080852985382,-2.091791868209839,2349.08
2349179782,41.6066992,-86.35605029999999,224.87998962402344,0.24374154210090637,-2.0862584114074707,2349.18
2349279734,41.6066992,-86.35605029999999,224.87998962402344,0.24913862347602844,-2.0808613300323486,2349.28
2349379726,41.6066992,-86.35605029999999,224.88999938964844,0.2540788948535919,-2.075921058654785,2349.38
2349479712,41.6066991,-86.35605029999999,224.88999938964844,0.2585904896259308,-2.0714094638824463,2349.48
2349579693,41.6066991,-86.35605029999999,224.89999389648438,0.2629535496234894,-2.0670464038848877,2349.58
2349679704,41.6066991,-86.35605029999999,224.89999389648438,0.2677004635334015,-2.0622994899749756,2349.68
2349779804,41.6066991,-86.35605029999999,224.9099884033203,0.2704973518848419,-2.059502601623535,2349.78
2349879807,41.6066991,-86.35605029999999,224.89999389648438,0.2693155109882355,-2.0606844425201416,2349.88
2349979701,41.606699,-86.35605029999999,224.89999389648438,0.2673027813434601,-2.062697172164917,2349.98
2350079718,41.606699,-86.35605029999999,224.89999389648438,0.26909950375556946,-2.0609004497528076,2350.08
2350179680,41.6066989,-86.35605029999999,224.9099884033203,0.2769818603992462,-2.053018093109131,2350.18
2350279713,41.6066988,-86.3560502,224.92999267578125,0.29802778363227844,-2.0319721698760986,2350.28
2350379673,41.606698699999995,-86.3560502,224.97000122070312,0.3338982164859772,-1.9961017370224,2350.38
2350479665,41.6066986,-86.35605009999999,225.01998901367188,0.38706329464912415,-1.942936658859253,2350.48
2350579694,41.6066985,-86.35605,225.08999633789062,0.4598100483417511,-1.870189905166626,2350.58
2350679709,41.6066984,-86.35605,225.19000244140625,0.5505803823471069,-1.7794195413589478,2350.68
2350779906,41.6066982,-86.3560499,225.29998779296875,0.6637063026428223,-1.6662936210632324,2350.78
2350879739,41.606698,-86.3560498,225.42999267578125,0.798000693321228,-1.5319992303848267,2350.88
2350979788,41.6066978,-86.3560497,225.58999633789062,0.9522682428359985,-1.3777316808700562,2350.98
2351079721,41.6066976,-86.3560495,225.75999450683594,1.123421549797058,-1.2065783739089966,2351.08
2351179739,41.6066973,-86.3560493,225.9499969482422,1.3121225833892822,-1.0178773403167725,2351.18
2351279778,41.606697,-86.3560492,226.14999389648438,1.5195732116699219,-0.8104267120361328,2351.28
2351379776,41.6066966,-86.35604889999999,226.37998962402344,1.7437193393707275,-0.5862805843353271,2351.38
2351479697,41.606696199999995,-86.3560487,226.6199951171875,1.9816489219665527,-0.34835100173950195,2351.48
2351579722,41.6066958,-86.3560486,226.8699951171875,2.231609582901001,-0.09839028120040894,2351.58
2351679712,41.6066954,-86.35604839999999,227.12998962402344,2.4910695552825928,0.1610695868730545,2351.68
2351779872,41.606694999999995,-86.35604819999999,227.38999938964844,2.7542848587036133,0.42428502440452576,2351.78
2351879863,41.6066946,-86.356048,227.64999389648438,3.0157291889190674,0.6857292056083679,2351.88
2351979767,41.6066943,-86.3560479,227.9099884033203,3.271357297897339,0.9413573741912842,2351.98
2352079704,41.606694,-86.35604769999999,228.14999389648438,3.518521785736084,1.1885217428207397,2352.08
2352179723,41.6066937,-86.3560476,228.38999938964844,3.752326726913452,1.422326683998108,2352.18
2352279738,41.6066935,-86.3560474,228.61000061035156,3.974597692489624,1.6445977687835693,2352.28
2352379791,41.6066934,-86.3560473,228.8199920654297,4.182349681854248,1.8523496389389038,2352.38
2352479745,41.606693299999996,-86.3560473,229.01998901367188,4.381990909576416,2.0519909858703613,2352.48
2352579783,41.606693199999995,-86.35604719999999,229.1999969482422,4.567401885986328,2.2374017238616943,2352.58
2352679725,41.606693199999995,-86.3560471,229.37998962402344,4.746639251708984,2.4166390895843506,2352.68
2352779949,41.606693199999995,-86.3560471,229.54998779296875,4.9130940437316895,2.5830938816070557,2352.78
2352879738,41.606693199999995,-86.35604699999999,229.6999969482422,5.069559574127197,2.7395596504211426,2352.88
2352979691,41.606693299999996,-86.3560469,229.84999084472656,5.214820861816406,2.8848209381103516,2352.98
2353079716,41.6066934,-86.3560468,229.989990234375,5.355556011199951,3.0255558490753174,2353.08
2353179604,41.6066934,-86.3560467,230.1199951171875,5.485403060913086,3.155402898788452,2353.18
2353279584,41.6066935,-86.3560467,230.25,5.6104817390441895,3.2804815769195557,2353.28
2353379922,41.6066936,-86.3560467,230.36000061035156,5.726912975311279,3.3969130516052246,2353.38
2353479675,41.6066937,-86.3560466,230.47000122070312,5.838292121887207,3.5082919597625732,2353.48
2353579621,41.606693799999995,-86.35604649999999,230.5800018310547,5.947921276092529,3.6179211139678955,2353.58
2353679799,41.606693799999995,-86.3560464,230.69000244140625,6.055084705352783,3.7250845432281494,2353.68
2353779689,41.606693899999996,-86.3560464,230.7899932861328,6.158499717712402,3.8284995555877686,2353.78
2353879706,41.606693899999996,-86.3560463,230.88999938964844,6.258961200714111,3.9289610385894775,2353.88
2353979690,41.606694,-86.3560462,230.989990234375,6.353646278381348,4.023646354675293,2353.98
2354079733,41.606694,-86.35604599999999,231.0800018310547,6.447432041168213,4.117432117462158,2354.08
2354179687,41.606694,-86.3560459,231.1699981689453,6.539769649505615,4.2097697257995605,2354.18
2354279669,41.606694,-86.35604579999999,231.25999450683594,6.626720428466797,4.296720504760742,2354.28
2354379714,41.606694,-86.3560456,231.33999633789062,6.707893371582031,4.377893447875977,2354.38
2354479651,41.606693899999996,-86.3560454,231.4199981689453,6.785461902618408,4.4554619789123535,2354.48
2354579717,41.6066937,-86.35604529999999,231.489990234375,6.858334541320801,4.528334617614746,2354.58
2354679583,41.6066936,-86.3560452,231.55999755859375,6.923001289367676,4.593001365661621,2354.68
2354779582,41.6066936,-86.3560451,231.61000061035156,6.979702949523926,4.649703025817871,2354.78
2354879628,41.6066936,-86.356045,231.6699981689453,7.0303473472595215,4.700347423553467,2354.88
2354979619,41.6066936,-86.356045,231.70999145507812,7.072697639465332,4.742697715759277,2354.98
2355079633,41.6066936,-86.356045,231.739990234375,7.105802536010742,4.7758026123046875,2355.08
2355179663,41.6066935,-86.3560451,231.75999450683594,7.128732204437256,4.798732280731201,2355.18
2355279686,41.6066935,-86.35604529999999,231.76998901367188,7.137712001800537,4.807712078094482,2355.28
2355379728,41.6066934,-86.3560455,231.76998901367188,7.1369948387146,4.806994915008545,2355.38
2355479980,41.6066934,-86.3560456,231.75999450683594,7.127257347106934,4.797257423400879,2355.48
2355579704,41.6066934,-86.3560457,231.75,7.114790439605713,4.784790515899658,2355.58
2355679719,41.6066934,-86.35604579999999,231.739990234375,7.1074748039245605,4.777474880218506,2355.68
2355779698,41.6066935,-86.3560459,231.739990234375,7.1026611328125,4.772661209106445,2355.78
2355879692,41.6066935,-86.35604599999999,231.739990234375,7.101205348968506,4.771205425262451,2355.88
2355979615,41.6066935,-86.3560461,231.739990234375,7.103433132171631,4.773433208465576,2355.98
2356079639,41.6066935,-86.3560462,231.75,7.11114501953125,4.781145095825195,2356.08
2356179693,41.6066935,-86.3560462,231.75999450683594,7.124814033508301,4.794814109802246,2356.18
2356279659,41.6066935,-86.3560462,231.77999877929688,7.144233226776123,4.814233303070068,2356.28
2356379949,41.6066935,-86.3560462,231.80999755859375,7.170621395111084,4.840621471405029,2356.38
2356479613,41.6066935,-86.3560462,231.83999633789062,7.204102516174316,4.874102592468262,2356.48
2356579765,41.6066935,-86.3560462,231.87998962402344,7.2447710037231445,4.91477108001709,2356.58
2356679640,41.6066934,-86.3560462,231.92999267578125,7.292982578277588,4.962982654571533,2356.68
2356779677,41.606693299999996,-86.3560462,231.97999572753906,7.345962047576904,5.01596212387085,2356.78
2356879658,41.606693199999995,-86.3560464,232.0399932861328,7.405702114105225,5.07570219039917,2356.88
2356979724,41.6066931,-86.3560466,232.11000061035156,7.4719624519348145,5.14196252822876,2356.98
2357079740,41.6066928,-86.3560469,232.17999267578125,7.5404205322265625,5.210420608520508,2357.08
2357179699,41.6066925,-86.3560471,232.25,7.611654758453369,5.2816548347473145,2357.18
2357279745,41.6066921,-86.3560474,232.3199920654297,7.687036514282227,5.357036590576172,2357.28
2357379960,41.6066917,-86.3560476,232.39999389648438,7.765457630157471,5.435457706451416,2357.38
2357479681,41.6066912,-86.3560479,232.47999572753906,7.849081516265869,5.5190815925598145,2357.48
2357579760,41.6066907,-86.3560483,232.5699920654297,7.93624210357666,5.6062421798706055,2357.58
2357679622,41.606690199999996,-86.3560487,232.6599884033203,8.02827262878418,5.698272705078125,2357.68
2357779680,41.6066895,-86.3560493,232.75999450683594,8.126665115356445,5.796664714813232,2357.78
2357879625,41.6066887,-86.3560498,232.8699951171875,8.232200622558594,5.902200698852539,2357.88
2357979829,41.6066879,-86.3560505,232.97999572753906,8.343558311462402,6.013558387756348,2357.98
2358079596,41.6066869,-86.3560511,233.08999633789062,8.459500312805176,6.129500389099121,2358.08
2358179679,41.6066857,-86.3560517,233.22000122070312,8.580026626586914,6.250026226043701,2358.18
2358279650,41.6066845,-86.3560524,233.33999633789062,8.702780723571777,6.372780799865723,2358.28
2358379678,41.6066832,-86.3560531,233.45999145507812,8.828960418701172,6.498960494995117,2358.38
2358479694,41.606681699999996,-86.35605369999999,233.58999633789062,8.958123207092285,6.6281232833862305,2358.48
2358579743,41.6066801,-86.3560543,233.72999572753906,9.091999053955078,6.761999130249023,2358.58
2358679695,41.6066783,-86.35605489999999,233.8699951171875,9.232660293579102,6.902659893035889,2358.68
2358779728,41.6066765,-86.3560555,234.00999450683594,9.377717018127441,7.0477166175842285,2358.78
2358879757,41.6066746,-86.35605609999999,234.1599884033203,9.525625228881836,7.195625305175781,2358.88
2358979715,41.6066727,-86.3560567,234.30999755859375,9.675539016723633,7.345539093017578,2358.98
2359079741,41.606670699999995,-86.35605729999999,234.45999145507812,9.827152252197266,7.497152328491211,2359.08
2359179778,41.6066687,-86.3560578,234.6199951171875,9.981914520263672,7.651914119720459,2359.18
2359279635,41.6066667,-86.3560584,234.77999877929688,10.140304565429688,7.810304164886475,2359.28
2359379917,41.606664699999996,-86.3560589,234.92999267578125,10.299023628234863,7.96902322769165,2359.38
2359479607,41.6066627,-86.35605939999999,235.08999633789062,10.459230422973633,8.129230499267578,2359.48
2359579619,41.6066607,-86.35606,235.25999450683594,10.6232271194458,8.293227195739746,2359.58
2359679673,41.6066587,-86.3560605,235.42999267578125,10.791579246520996,8.461579322814941,2359.68
2359779691,41.606656699999995,-86.356061,235.59999084472656,10.962886810302734,8.63288688659668,2359.78
2359879676,41.6066546,-86.35606159999999,235.77999877929688,11.140177726745605,8.81017780303955,2359.88
2359979737,41.6066526,-86.3560621,235.9499969482422,11.319295883178711,8.989295959472656,2359.98
2360079711,41.606650599999995,-86.3560627,236.13999938964844,11.50259017944336,9.172590255737305,2360.08
2360179700,41.6066485,-86.3560632,236.3199920654297,11.688433647155762,9.358433723449707,2360.18
2360279705,41.606646399999995,-86.3560638,236.50999450683594,11.87552547454834,9.545525550842285,2360.28
2360379806,41.6066442,-86.3560644,236.6999969482422,12.066766738891602,9.736766815185547,2360.38
2360479707,41.606642099999995,-86.356065,236.89999389648438,12.260115623474121,9.930115699768066,2360.48
2360579683,41.60664,-86.3560657,237.08999633789062,12.455411911010742,10.125411987304688,2360.58
2360679671,41.6066378,-86.3560663,237.2899932861328,12.651033401489258,10.321033477783203,2360.68
2360779653,41.6066356,-86.356067,237.47999572753906,12.846821784973145,10.51682186126709,2360.78
2360879751,41.6066334,-86.3560677,237.67999267578125,13.0454683303833,10.715468406677246,2360.88
2360979572,41.6066311,-86.35606849999999,237.87998962402344,13.247231483459473,10.917231559753418,2360.98
2361079599,41.6066289,-86.3560693,238.0800018310547,13.44945240020752,11.119452476501465,2361.08
2361179714,41.6066266,-86.35607019999999,238.2899932861328,13.65157413482666,11.321574211120605,2361.18
2361279635,41.6066243,-86.3560711,238.489990234375,13.856851577758789,11.526851654052734,2361.28
2361379649,41.6066219,-86.35607189999999,238.6999969482422,14.063477516174316,11.733477592468262,2361.38
2361479717,41.6066195,-86.35607279999999,238.89999389648438,14.26951789855957,11.939517974853516,2361.48
2361579714,41.6066171,-86.3560737,239.11000061035156,14.476103782653809,12.146103858947754,2361.58
2361679715,41.6066146,-86.3560746,239.3199920654297,14.684678077697754,12.3546781539917,2361.68
2361779769,41.6066121,-86.3560755,239.52999877929688,14.895164489746094,12.565164566040039,2361.78
2361879720,41.6066096,-86.3560765,239.739990234375,15.1045503616333,12.774550437927246,2361.88
2361979702,41.6066071,-86.3560775,239.9499969482422,15.310399055480957,12.980399131774902,2361.98
2362079698,41.6066046,-86.3560785,240.14999389648438,15.512998580932617,13.182998657226562,2362.08
2362179665,41.6066022,-86.35607949999999,240.34999084472656,15.7109375,13.380937576293945,2362.18
2362279605,41.6065998,-86.3560806,240.5399932861328,15.908714294433594,13.578714370727539,2362.28
2362379673,41.6065975,-86.35608169999999,240.739990234375,16.103395462036133,13.773395538330078,2362.38
2362479686,41.6065951,-86.3560828,240.92999267578125,16.296802520751953,13.966801643371582,2362.48
2362579590,41.6065928,-86.3560839,241.1199951171875,16.48892593383789,14.158926010131836,2362.58
2362679646,41.606590499999996,-86.356085,241.30999755859375,16.67805290222168,14.348052024841309,2362.68
2362779619,41.6065882,-86.35608599999999,241.5,16.86171531677246,14.53171443939209,2362.78
2362880188,41.6065861,-86.356087,241.6699981689453,17.039169311523438,14.709169387817383,2362.88
2362979893,41.606584,-86.3560881,241.84999084472656,17.21022605895996,14.88022518157959,2362.98
2363079976,41.606581899999995,-86.3560892,242.00999450683594,17.37681770324707,15.046817779541016,2363.08
2363179957,41.60658,-86.35609029999999,242.1699981689453,17.53731918334961,15.207318305969238,2363.18
2363280157,41.6065781,-86.3560913,242.3300018310547,17.694971084594727,15.364971160888672,2363.28
2363380056,41.6065764,-86.3560924,242.47999572753906,17.84845733642578,15.518457412719727,2363.38
2363480004,41.606574699999996,-86.35609339999999,242.62998962402344,17.99962043762207,15.669620513916016,2363.48
2363580004,41.6065732,-86.35609439999999,242.77999877929688,18.149436950683594,15.819437026977539,2363.58
2363679921,41.606571699999996,-86.35609529999999,242.92999267578125,18.297285079956055,15.967284202575684,2363.68
2363779973,41.606570399999995,-86.3560962,243.0800018310547,18.44266700744629,16.112667083740234,2363.78
2363880033,41.6065693,-86.3560972,243.22000122070312,18.584196090698242,16.254196166992188,2363.88
2363980021,41.6065683,-86.3560981,243.36000061035156,18.72001075744629,16.390010833740234,2363.98
2364079896,41.606567399999996,-86.356099,243.47999572753906,18.8477783203125,16.517778396606445,2364.08
2364179947,41.6065666,-86.3561,243.59999084472656,18.968961715698242,16.638961791992188,2364.18
2364279956,41.606566,-86.3561008,243.72000122070312,19.085275650024414,16.75527572631836,2364.28
2364380062,41.6065654,-86.3561016,243.8300018310547,19.194076538085938,16.864076614379883,2364.38
2364480042,41.606564999999996,-86.35610229999999,243.92999267578125,19.292922973632812,16.962923049926758,2364.48
2364579909,41.6065646,-86.3561029,244.01998901367188,19.382646560668945,17.05264663696289,2364.58
2364679912,41.606564299999995,-86.35610349999999,244.09999084472656,19.46502685546875,17.135026931762695,2364.68
2364779990,41.606564,-86.3561039,244.17999267578125,19.541296005249023,17.21129608154297,2364.78
2364880016,41.606563799999996,-86.3561043,244.25,19.612016677856445,17.28201675415039,2364.88
2364979989,41.6065636,-86.3561046,244.30999755859375,19.673715591430664,17.34371566772461,2364.98
2365079951,41.6065635,-86.35610489999999,244.36000061035156,19.727394104003906,17.39739418029785,2365.08
2365179931,41.6065635,-86.3561051,244.4099884033203,19.774944305419922,17.444944381713867,2365.18
2365279922,41.6065635,-86.3561052,244.45999145507812,19.82037353515625,17.490373611450195,2365.28
2365380018,41.6065634,-86.3561053,244.5,19.86470603942871,17.534706115722656,2365.38
2365479948,41.6065634,-86.3561055,244.5399932861328,19.90444564819336,17.574445724487305,2365.48
2365579893,41.6065633,-86.35610559999999,244.5800018310547,19.941104888916016,17.61110496520996,2365.58
2365679924,41.6065632,-86.3561057,244.59999084472656,19.96977424621582,17.639774322509766,2365.68
2365779938,41.606563099999995,-86.35610559999999,244.62998962402344,19.990713119506836,17.66071319580078,2365.78
2365879944,41.6065629,-86.35610559999999,244.63999938964844,20.004819869995117,17.674819946289062,2365.88
2365980087,41.6065628,-86.3561055,244.64999389648438,20.012617111206055,17.6826171875,2365.98
2366080131,41.6065627,-86.3561055,244.64999389648438,20.013456344604492,17.683456420898438,2366.08
2366179919,41.606562499999995,-86.35610539999999,244.63999938964844,20.007539749145508,17.677539825439453,2366.18
2366280085,41.6065624,-86.3561052,244.62998962402344,19.99729347229004,17.667293548583984,2366.28
2366379994,41.6065623,-86.3561051,244.6199951171875,19.984846115112305,17.65484619140625,2366.38
2366479978,41.6065621,-86.35610489999999,244.61000061035156,19.972261428833008,17.642261505126953,2366.48
2366579946,41.606562,-86.3561047,244.58999633789062,19.958127975463867,17.628128051757812,2366.58
2366679956,41.606561899999996,-86.3561045,244.5800018310547,19.944616317749023,17.61461639404297,2366.68
2366779950,41.6065618,-86.35610439999999,244.5699920654297,19.935142517089844,17.60514259338379,2366.78
2366879898,41.6065618,-86.35610419999999,244.55999755859375,19.927961349487305,17.59796142578125,2366.88
2366979948,41.6065618,-86.3561041,244.55999755859375,19.920812606811523,17.59081268310547,2366.98
2367079951,41.6065617,-86.3561039,244.54998779296875,19.91556167602539,17.585561752319336,2367.08
2367179983,41.6065618,-86.3561038,244.54998779296875,19.911556243896484,17.58155632019043,2367.18
2367279941,41.606561899999996,-86.35610369999999,244.54998779296875,19.911088943481445,17.58108901977539,2367.28
2367379952,41.606562,-86.35610369999999,244.54998779296875,19.911876678466797,17.581876754760742,2367.38
2367479961,41.6065621,-86.3561036,244.54998779296875,19.914018630981445,17.58401870727539,2367.48
2367579966,41.6065623,-86.3561036,244.54998779296875,19.91632843017578,17.586328506469727,2367.58
2367680013,41.6065624,-86.35610349999999,244.54998779296875,19.919391632080078,17.589391708374023,2367.68
2367780004,41.606562499999995,-86.3561034,244.55999755859375,19.925661087036133,17.595661163330078,2367.78
2367880090,41.6065627,-86.3561034,244.5699920654297,19.93206024169922,17.602060317993164,2367.88
2367979960,41.6065628,-86.3561033,244.5699920654297,19.937843322753906,17.60784339904785,2367.98
2368080141,41.6065628,-86.3561033,244.5800018310547,19.946117401123047,17.616117477416992,2368.08
2368180012,41.6065629,-86.35610319999999,244.58999633789062,19.953012466430664,17.62301254272461,2368.18
2368279956,41.6065629,-86.35610319999999,244.58999633789062,19.959592819213867,17.629592895507812,2368.28
2368379950,41.6065629,-86.3561031,244.59999084472656,19.96806526184082,17.638065338134766,2368.38
2368479909,41.6065629,-86.3561031,244.61000061035156,19.976184844970703,17.64618492126465,2368.48
2368579920,41.6065629,-86.3561031,244.6199951171875,19.980619430541992,17.650619506835938,2368.58
2368679928,41.6065629,-86.3561031,244.6199951171875,19.98314666748047,17.653146743774414,2368.68
2368779927,41.6065629,-86.3561031,244.6199951171875,19.981565475463867,17.651565551757812,2368.78
2368879962,41.6065629,-86.3561031,244.6199951171875,19.98049545288086,17.650495529174805,2368.88
2368979971,41.6065629,-86.3561031,244.6199951171875,19.982318878173828,17.652318954467773,2368.98
2369079994,41.6065629,-86.35610299999999,244.6199951171875,19.985849380493164,17.65584945678711,2369.08
2369179903,41.6065629,-86.35610299999999,244.6199951171875,19.987573623657227,17.657573699951172,2369.18
2369279919,41.606563,-86.35610299999999,244.6199951171875,19.986074447631836,17.65607452392578,2369.28
2369380016,41.606563,-86.3561029,244.61000061035156,19.979387283325195,17.64938735961914,2369.38
2369480001,41.606563099999995,-86.3561029,244.61000061035156,19.971887588500977,17.641887664794922,2369.48
2369579986,41.6065632,-86.3561029,244.59999084472656,19.96500015258789,17.635000228881836,2369.58
2369679983,41.6065633,-86.3561029,244.59999084472656,19.96063232421875,17.630632400512695,2369.68
2369779948,41.6065634,-86.3561028,244.58999633789062,19.959442138671875,17.62944221496582,2369.78
2369880013,41.6065634,-86.3561028,244.59999084472656,19.96092987060547,17.630929946899414,2369.88
2369979939,41.6065635,-86.3561027,244.59999084472656,19.96092414855957,17.630924224853516,2369.98
2370079916,41.6065635,-86.3561026,244.59999084472656,19.9611759185791,17.631175994873047,2370.08
2370180038,41.6065636,-86.3561026,244.59999084472656,19.9627628326416,17.632762908935547,2370.18
2370279910,41.6065636,-86.3561026,244.59999084472656,19.964797973632812,17.634798049926758,2370.28
2370380025,41.606563699999995,-86.3561026,244.59999084472656,19.966184616088867,17.636184692382812,2370.38
2370479946,41.606563699999995,-86.3561026,244.59999084472656,19.96725082397461,17.637250900268555,2370.48
2370580073,41.606563699999995,-86.3561026,244.59999084472656,19.968170166015625,17.63817024230957,2370.58
2370679959,41.606563699999995,-86.3561026,244.59999084472656,19.968276977539062,17.638277053833008,2370.68
2370780137,41.606563699999995,-86.3561026,244.59999084472656,19.969186782836914,17.63918685913086,2370.78
2370879925,41.6065636,-86.3561027,244.61000061035156,19.971302032470703,17.64130210876465,2370.88
2370980084,41.6065636,-86.3561028,244.61000061035156,19.972694396972656,17.6426944732666,2370.98
2371080011,41.6065635,-86.3561028,244.61000061035156,19.97492218017578,17.644922256469727,2371.08
2371180001,41.6065635,-86.3561029,244.61000061035156,19.97840690612793,17.648406982421875,2371.18
2371279921,41.6065635,-86.35610299999999,244.6199951171875,19.98374366760254,17.653743743896484,2371.28
2371379949,41.6065635,-86.35610299999999,244.6199951171875,19.98943519592285,17.659435272216797,2371.38
2371479974,41.6065635,-86.3561031,244.62998962402344,19.99505043029785,17.665050506591797,2371.48
2371579930,41.6065634,-86.35610319999999,244.62998962402344,19.999515533447266,17.66951560974121,2371.58
2371679957,41.6065634,-86.35610319999999,244.63999938964844,20.002225875854492,17.672225952148438,2371.68
2371779952,41.6065634,-86.35610319999999,244.63999938964844,20.002206802368164,17.67220687866211,2371.78
2371879867,41.6065634,-86.3561033,244.62998962402344,19.99951171875,17.669511795043945,2371.88
2371979891,41.6065634,-86.3561033,244.62998962402344,19.996536254882812,17.666536331176758,2371.98
2372079937,41.6065634,-86.3561033,244.62998962402344,19.99197006225586,17.661970138549805,2372.08
2372179950,41.6065634,-86.3561033,244.6199951171875,19.98954963684082,17.659549713134766,2372.18
2372280093,41.6065635,-86.3561033,244.6199951171875,19.985197067260742,17.655197143554688,2372.28
2372379998,41.6065635,-86.3561033,244.6199951171875,19.981027603149414,17.65102767944336,2372.38
2372479947,41.6065635,-86.3561033,244.61000061035156,19.97897720336914,17.648977279663086,2372.48
2372580049,41.6065635,-86.35610319999999,244.61000061035156,19.978933334350586,17.64893341064453,2372.58
2372679944,41.6065635,-86.35610319999999,244.61000061035156,19.978845596313477,17.648845672607422,2372.68
2372779975,41.6065635,-86.35610319999999,244.61000061035156,19.979612350463867,17.649612426757812,2372.78
2372879940,41.6065635,-86.3561031,244.6199951171875,19.980573654174805,17.65057373046875,2372.88
2372979922,41.6065636,-86.3561031,244.6199951171875,19.983524322509766,17.65352439880371,2372.98
2373079948,41.606563699999995,-86.35610319999999,244.6199951171875,19.985084533691406,17.65508460998535,2373.08
2373179881,41.606563699999995,-86.35610319999999,244.6199951171875,19.986812591552734,17.65681266784668,2373.18
2373279943,41.606563699999995,-86.35610319999999,244.6199951171875,19.987844467163086,17.65784454345703,2373.28
2373379951,41.606563799999996,-86.35610319999999,244.6199951171875,19.989490509033203,17.65949058532715,2373.38
2373479998,41.606563799999996,-86.35610319999999,244.62998962402344,19.9920597076416,17.662059783935547,2373.48
2373579894,41.606563799999996,-86.35610319999999,244.62998962402344,19.998577117919922,17.668577194213867,2373.58
2373679885,41.606563799999996,-86.35610319999999,244.63999938964844,20.00635528564453,17.676355361938477,2373.68
2373779963,41.606563799999996,-86.35610319999999,244.64999389648438,20.012939453125,17.682939529418945,2373.78
2373879970,41.606563799999996,-86.35610319999999,244.64999389648438,20.01509666442871,17.685096740722656,2373.88
2373979943,41.606563699999995,-86.3561033,244.64999389648438,20.015748977661133,17.685749053955078,2373.98
2374080010,41.606563699999995,-86.3561034,244.64999389648438,20.01409339904785,17.684093475341797,2374.08
2374179988,41.606563699999995,-86.3561034,244.64999389648438,20.01300621032715,17.683006286621094,2374.18
2374279955,41.606563699999995,-86.3561034,244.63999938964844,20.00995635986328,17.679956436157227,2374.28
2374380201,41.606563699999995,-86.3561034,244.63999938964844,20.00536346435547,17.675363540649414,2374.38
2374480005,41.606563699999995,-86.3561034,244.63999938964844,20.001420974731445,17.67142105102539,2374.48
2374579918,41.606563699999995,-86.3561034,244.62998962402344,19.998111724853516,17.66811180114746,2374.58
2374679875,41.606563699999995,-86.3561034,244.62998962402344,19.99371337890625,17.663713455200195,2374.68
2374779921,41.606563699999995,-86.3561034,244.6199951171875,19.988096237182617,17.658096313476562,2374.78
2374879957,41.606563699999995,-86.3561034,244.6199951171875,19.98583221435547,17.655832290649414,2374.88
2374979900,41.606563699999995,-86.3561034,244.6199951171875,19.985692977905273,17.65569305419922,2374.98
2375079933,41.606563699999995,-86.3561033,244.6199951171875,19.986459732055664,17.65645980834961,2375.08
2375179889,41.606563699999995,-86.3561033,244.6199951171875,19.987077713012695,17.65707778930664,2375.18
2375280102,41.606563699999995,-86.35610319999999,244.6199951171875,19.989463806152344,17.65946388244629,2375.28
2375379978,41.606563699999995,-86.3561031,244.62998962402344,19.991296768188477,17.661296844482422,2375.38
2375480114,41.606563699999995,-86.35610299999999,244.62998962402344,19.992128372192383,17.662128448486328,2375.48
2375579980,41.606563699999995,-86.3561029,244.62998962402344,19.992700576782227,17.662700653076172,2375.58
2375680119,41.606563699999995,-86.3561028,244.62998962402344,19.993492126464844,17.66349220275879,2375.68
2375779992,41.606563699999995,-86.3561028,244.62998962402344,19.992774963378906,17.66277503967285,2375.78
2375879959,41.606563699999995,-86.3561027,244.62998962402344,19.990604400634766,17.66060447692871,2375.88
2375980021,41.606563699999995,-86.3561027,244.6199951171875,19.989185333251953,17.6591854095459,2375.98
2376079958,41.606563699999995,-86.3561026,244.6199951171875,19.986751556396484,17.65675163269043,2376.08
2376179971,41.606563699999995,-86.3561026,244.6199951171875,19.983963012695312,17.653963088989258,2376.18
2376279879,41.606563699999995,-86.3561026,244.6199951171875,19.98368263244629,17.653682708740234,2376.28
2376379937,41.606563699999995,-86.3561026,244.6199951171875,19.986047744750977,17.656047821044922,2376.38
2376480037,41.606563699999995,-86.3561026,244.6199951171875,19.987255096435547,17.657255172729492,2376.48
2376579894,41.606563699999995,-86.3561026,244.6199951171875,19.987247467041016,17.65724754333496,2376.58
2376679937,41.606563699999995,-86.3561026,244.6199951171875,19.985984802246094,17.65598487854004,2376.68
2376779904,41.606563699999995,-86.3561026,244.6199951171875,19.983421325683594,17.65342140197754,2376.78
2376880047,41.606563699999995,-86.3561026,244.6199951171875,19.98337173461914,17.653371810913086,2376.88
2376979986,41.606563699999995,-86.3561026,244.6199951171875,19.98467254638672,17.654672622680664,2376.98
2377080035,41.606563699999995,-86.35610249999999,244.6199951171875,19.983564376831055,17.653564453125,2377.08
2377179918,41.606563699999995,-86.35610249999999,244.6199951171875,19.983211517333984,17.65321159362793,2377.18
2377279945,41.606563699999995,-86.35610249999999,244.6199951171875,19.982646942138672,17.652647018432617,2377.28
2377380019,41.606563699999995,-86.35610249999999,244.6199951171875,19.984453201293945,17.65445327758789,2377.38
2377479949,41.606563699999995,-86.3561026,244.6199951171875,19.986751556396484,17.65675163269043,2377.48
2377579922,41.606563699999995,-86.3561026,244.6199951171875,19.987945556640625,17.65794563293457,2377.58
2377679934,41.606563699999995,-86.3561027,244.62998962402344,19.990398406982422,17.660398483276367,2377.68
2377779940,41.606563699999995,-86.3561027,244.62998962402344,19.990758895874023,17.66075897216797,2377.78
2377879911,41.606563799999996,-86.3561028,244.62998962402344,19.990571975708008,17.660572052001953,2377.88
2377979942,41.606563799999996,-86.3561028,244.62998962402344,19.99225425720215,17.662254333496094,2377.98
2378079895,41.6065639,-86.3561029,244.62998962402344,19.992542266845703,17.66254234313965,2378.08
2378179891,41.6065639,-86.3561029,244.62998962402344,19.99315643310547,17.663156509399414,2378.18
2378279900,41.606564,-86.3561029,244.62998962402344,19.99575424194336,17.665754318237305,2378.28
2378379940,41.606564,-86.35610299999999,244.62998962402344,19.99666404724121,17.666664123535156,2378.38
2378479959,41.6065641,-86.35610299999999,244.62998962402344,19.99589729309082,17.665897369384766,2378.48
2378580071,41.6065641,-86.35610299999999,244.62998962402344,19.994709014892578,17.664709091186523,2378.58
2378679972,41.6065641,-86.35610299999999,244.62998962402344,19.991174697875977,17.661174774169922,2378.68
2378779955,41.6065642,-86.3561031,244.6199951171875,19.989665985107422,17.659666061401367,2378.78
2378880098,41.6065642,-86.3561031,244.6199951171875,19.989749908447266,17.65974998474121,2378.88
2378979968,41.6065642,-86.3561031,244.62998962402344,19.990520477294922,17.660520553588867,2378.98
2379079921,41.6065642,-86.3561031,244.62998962402344,19.991331100463867,17.661331176757812,2379.08
2379179961,41.6065642,-86.3561031,244.62998962402344,19.991199493408203,17.66119956970215,2379.18
2379279952,41.6065642,-86.35610299999999,244.62998962402344,19.99191665649414,17.661916732788086,2379.28
2379379954,41.6065642,-86.35610299999999,244.62998962402344,19.993501663208008,17.663501739501953,2379.38
2379479893,41.6065642,-86.35610299999999,244.62998962402344,19.995357513427734,17.66535758972168,2379.48
2379579966,41.6065642,-86.35610299999999,244.62998962402344,19.998830795288086,17.66883087158203,2379.58
2379679889,41.6065642,-86.35610299999999,244.63999938964844,20.00246238708496,17.672462463378906,2379.68
2379780022,41.6065642,-86.35610299999999,244.63999938964844,20.00513458251953,17.675134658813477,2379.78
2379879967,41.6065641,-86.35610299999999,244.63999938964844,20.009719848632812,17.679719924926758,2379.88
2379979924,41.6065641,-86.35610299999999,244.64999389648438,20.01383399963379,17.683834075927734,2379.98
2380079979,41.6065641,-86.35610299999999,244.64999389648438,20.01591682434082,17.685916900634766,2380.08
2380180061,41.606564,-86.35610299999999,244.64999389648438,20.0175724029541,17.687572479248047,2380.18
2380279985,41.606564,-86.35610299999999,244.6599884033203,20.02016258239746,17.690162658691406,2380.28
2380380150,41.606564,-86.35610299999999,244.6599884033203,20.022079467773438,17.692079544067383,2380.38
2380480017,41.606564,-86.3561031,244.6599884033203,20.02490997314453,17.694910049438477,2380.48
2380580109,41.606564,-86.3561031,244.6599884033203,20.027292251586914,17.69729232788086,2380.58
2380680092,41.606564,-86.3561031,244.6599884033203,20.029762268066406,17.69976234436035,2380.68
2380780110,41.6065639,-86.3561031,244.6699981689453,20.032506942749023,17.70250701904297,2380.78
2380879938,41.6065639,-86.3561031,244.6699981689453,20.034486770629883,17.704486846923828,2380.88
2380979875,41.6065639,-86.3561031,244.6699981689453,20.035863876342773,17.70586395263672,2380.98
2381079920,41.6065639,-86.35610299999999,244.6699981689453,20.038677215576172,17.708677291870117,2381.08
2381179915,41.606563799999996,-86.35610299999999,244.67999267578125,20.043079376220703,17.71307945251465,2381.18
2381279902,41.606563799999996,-86.35610299999999,244.67999267578125,20.046810150146484,17.71681022644043,2381.28
2381379957,41.606563799999996,-86.35610299999999,244.67999267578125,20.049060821533203,17.71906089782715,2381.38
2381479957,41.606563799999996,-86.35610299999999,244.6899871826172,20.051210403442383,17.721210479736328,2381.48
2381579993,41.606563799999996,-86.35610299999999,244.6899871826172,20.052120208740234,17.72212028503418,2381.58
2381679929,41.606563799999996,-86.35610299999999,244.6899871826172,20.05311393737793,17.723114013671875,2381.68
2381779974,41.606563799999996,-86.35610299999999,244.6899871826172,20.054162979125977,17.724163055419922,2381.78
2381879960,41.606563799999996,-86.35610299999999,244.6899871826172,20.05308723449707,17.723087310791016,2381.88
2381979974,41.606563799999996,-86.35610299999999,244.6899871826172,20.05206298828125,17.722063064575195,2381.98
2382079961,41.606563699999995,-86.3561029,244.67999267578125,20.048486709594727,17.718486785888672,2382.08
2382179989,41.606563699999995,-86.3561029,244.67999267578125,20.044754028320312,17.714754104614258,2382.18
2382279979,41.606563699999995,-86.3561029,244.67999267578125,20.044452667236328,17.714452743530273,2382.28
2382379941,41.606563699999995,-86.3561029,244.67999267578125,20.045949935913086,17.71595001220703,2382.38
2382479976,41.606563699999995,-86.3561029,244.67999267578125,20.04814338684082,17.718143463134766,2382.48
2382579878,41.6065636,-86.3561028,244.6899871826172,20.05071258544922,17.720712661743164,2382.58
2382679939,41.6065636,-86.3561028,244.6899871826172,20.05495262145996,17.724952697753906,2382.68
2382780043,41.6065635,-86.3561027,244.6999969482422,20.06012725830078,17.730127334594727,2382.78
2382880019,41.6065635,-86.3561027,244.6999969482422,20.067340850830078,17.737340927124023,2382.88
2382979934,41.6065634,-86.3561027,244.70999145507812,20.077392578125,17.747392654418945,2382.98
2383080059,41.6065632,-86.3561026,244.72999572753906,20.093961715698242,17.763961791992188,2383.08
2383180033,41.6065632,-86.3561026,244.75,20.113590240478516,17.78359031677246,2383.18
2383279887,41.606563099999995,-86.3561026,244.76998901367188,20.13918685913086,17.809186935424805,2383.28
2383380045,41.606563,-86.3561026,244.79998779296875,20.169315338134766,17.83931541442871,2383.38
2383479970,41.6065629,-86.3561027,244.83999633789062,20.206266403198242,17.876266479492188,2383.48
2383579973,41.6065628,-86.3561029,244.87998962402344,20.246366500854492,17.916366577148438,2383.58
2383679927,41.6065626,-86.35610299999999,244.9199981689453,20.289173126220703,17.95917320251465,2383.68
2383779932,41.606562499999995,-86.3561031,244.97000122070312,20.337703704833984,18.00770378112793,2383.78
2383879933,41.6065623,-86.3561034,245.02999877929688,20.393495559692383,18.063495635986328,2383.88
2383979931,41.6065621,-86.3561036,245.08999633789062,20.454702377319336,18.12470245361328,2383.98
2384079953,41.606561899999996,-86.3561041,245.1599884033203,20.521926879882812,18.191926956176758,2384.08
2384179908,41.6065617,-86.3561046,245.22999572753906,20.59518814086914,18.265188217163086,2384.18
2384279966,41.6065614,-86.3561052,245.30999755859375,20.671585083007812,18.341585159301758,2384.28
2384379899,41.6065611,-86.3561058,245.38999938964844,20.750368118286133,18.420368194580078,2384.38
2384479920,41.6065608,-86.3561065,245.47000122070312,20.835006713867188,18.505006790161133,2384.48
2384579897,41.6065605,-86.35610729999999,245.55999755859375,20.925233840942383,18.595233917236328,2384.58
2384679974,41.6065602,-86.3561081,245.64999389648438,21.019397735595703,18.68939781188965,2384.68
2384779974,41.6065598,-86.3561091,245.75,21.11595344543457,18.785953521728516,2384.78
2384880090,41.606559399999995,-86.3561101,245.86000061035156,21.220836639404297,18.890836715698242,2384.88
2384979993,41.606559,-86.3561112,245.97000122070312,21.331581115722656,19.0015811920166,2384.98
2385080025,41.6065586,-86.35611229999999,246.08999633789062,21.450761795043945,19.12076187133789,2385.08
2385180004,41.6065581,-86.3561136,246.20999145507812,21.572683334350586,19.24268341064453,2385.18
2385280016,41.606557599999995,-86.3561149,246.3300018310547,21.695035934448242,19.365036010742188,2385.28
2385379926,41.606556999999995,-86.3561163,246.45999145507812,21.82132911682129,19.491329193115234,2385.38
2385479981,41.606556499999996,-86.3561177,246.5800018310547,21.947181701660156,19.6171817779541,2385.48
2385579893,41.6065559,-86.3561192,246.70999145507812,22.074825286865234,19.74482536315918,2385.58
2385679945,41.6065554,-86.3561208,246.83999633789062,22.20553970336914,19.875539779663086,2385.68
2385779891,41.6065549,-86.3561223,246.97000122070312,22.33930015563965,20.009300231933594,2385.78
2385879973,41.6065543,-86.3561239,247.11000061035156,22.474048614501953,20.1440486907959,2385.88
2385979890,41.6065538,-86.35612549999999,247.239990234375,22.60908317565918,20.279083251953125,2385.98
2386080024,41.6065532,-86.3561271,247.37998962402344,22.742618560791016,20.41261863708496,2386.08
2386179998,41.606552699999995,-86.3561287,247.50999450683594,22.8756160736084,20.545616149902344,2386.18
2386279949,41.606552199999996,-86.35613029999999,247.63999938964844,23.009593963623047,20.679594039916992,2386.28
2386379973,41.606551599999996,-86.3561319,247.77999877929688,23.144487380981445,20.81448745727539,2386.38
2386479986,41.606550999999996,-86.3561335,247.9099884033203,23.275802612304688,20.945802688598633,2386.48
2386579927,41.6065505,-86.3561351,248.0399932861328,23.40273094177246,21.072731018066406,2386.58
2386680018,41.6065499,-86.3561366,248.1599884033203,23.529909133911133,21.199909210205078,2386.68
2386779986,41.6065493,-86.3561381,248.2899932861328,23.653898239135742,21.323898315429688,2386.78
2386879983,41.6065487,-86.35613959999999,248.4099884033203,23.773128509521484,21.44312858581543,2386.88
2386980095,41.6065481,-86.356141,248.51998901367188,23.88917350769043,21.559173583984375,2386.98
2387080090,41.6065475,-86.3561424,248.63999938964844,24.001638412475586,21.67163848876953,2387.08
2387179881,41.6065469,-86.35614369999999,248.75,24.110830307006836,21.78083038330078,2387.18
2387279919,41.6065464,-86.35614489999999,248.84999084472656,24.214473724365234,21.88447380065918,2387.28
2387379941,41.6065458,-86.35614609999999,248.9499969482422,24.313928604125977,21.983928680419922,2387.38
2387479916,41.6065452,-86.3561472,249.04998779296875,24.4110050201416,22.081005096435547,2387.48
2387579936,41.6065447,-86.35614819999999,249.13999938964844,24.503950119018555,22.1739501953125,2387.58
2387679959,41.606544299999996,-86.3561491,249.22999572753906,24.590927124023438,22.260927200317383,2387.68
2387780052,41.6065439,-86.35615,249.30999755859375,24.67076873779297,22.340768814086914,2387.78
2387880047,41.606543599999995,-86.3561509,249.37998962402344,24.742019653320312,22.412019729614258,2387.88
2387979990,41.6065434,-86.35615159999999,249.4399871826172,24.80829620361328,22.478296279907227,2387.98
2388079926,41.606543099999996,-86.35615229999999,249.5,24.866952896118164,22.53695297241211,2388.08
2388180118,41.6065429,-86.3561529,249.54998779296875,24.91376495361328,22.583765029907227,2388.18
2388279970,41.6065428,-86.3561534,249.58999633789062,24.956886291503906,22.62688636779785,2388.28
2388379998,41.6065426,-86.3561539,249.62998962402344,24.992223739624023,22.66222381591797,2388.38
2388479927,41.606542399999995,-86.3561543,249.64999389648438,25.01717185974121,22.687171936035156,2388.48
2388580088,41.6065423,-86.3561546,249.6699981689453,25.03441619873047,22.704416275024414,2388.58
2388679882,41.6065422,-86.356155,249.67999267578125,25.043901443481445,22.71390151977539,2388.68
2388779978,41.6065422,-86.3561553,249.67999267578125,25.048988342285156,22.7189884185791,2388.78
2388879945,41.6065422,-86.3561555,249.6899871826172,25.05086326599121,22.720863342285156,2388.88
2388979936,41.6065421,-86.3561558,249.67999267578125,25.048927307128906,22.71892738342285,2388.98
2389080037,41.6065421,-86.35615589999999,249.67999267578125,25.04480743408203,22.714807510375977,2389.08
2389179894,41.6065421,-86.356156,249.6699981689453,25.038633346557617,22.708633422851562,2389.18
2389279960,41.6065421,-86.35615609999999,249.6699981689453,25.032386779785156,22.7023868560791,2389.28
2389379955,41.6065422,-86.3561562,249.6599884033203,25.026084899902344,22.69608497619629,2389.38
2389480002,41.6065422,-86.3561563,249.64999389648438,25.019636154174805,22.68963623046875,2389.48
2389579942,41.6065422,-86.35615639999999,249.64999389648438,25.015729904174805,22.68572998046875,2389.58
2389680285,41.6065422,-86.35615639999999,249.64999389648438,25.014789581298828,22.684789657592773,2389.68
2389779994,41.6065422,-86.35615639999999,249.64999389648438,25.013957977294922,22.683958053588867,2389.78
2389880057,41.6065422,-86.3561565,249.64999389648438,25.013561248779297,22.683561325073242,2389.88
2389979968,41.6065422,-86.3561565,249.64999389648438,25.01498031616211,22.684980392456055,2389.98
2390080037,41.6065421,-86.35615659999999,249.64999389648438,25.01846694946289,22.688467025756836,2390.08
2390179938,41.6065421,-86.35615659999999,249.6599884033203,25.02254295349121,22.692543029785156,2390.18
2390280003,41.6065421,-86.35615659999999,249.6699981689453,25.03017807006836,22.700178146362305,2390.28
2390379942,41.6065421,-86.3561567,249.6699981689453,25.03876495361328,22.708765029907227,2390.38
2390480039,41.6065421,-86.3561567,249.67999267578125,25.04582977294922,22.715829849243164,2390.48
2390579993,41.6065421,-86.3561567,249.6899871826172,25.05130958557129,22.721309661865234,2390.58
2390680192,41.6065421,-86.3561567,249.6899871826172,25.05775260925293,22.727752685546875,2390.68
2390779909,41.6065421,-86.3561567,249.6999969482422,25.064104080200195,22.73410415649414,2390.78
2390879950,41.6065421,-86.3561568,249.6999969482422,25.068498611450195,22.73849868774414,2390.88
2390979972,41.6065421,-86.3561568,249.70999145507812,25.070125579833984,22.74012565612793,2390.98
2391079976,41.6065421,-86.3561569,249.6999969482422,25.065784454345703,22.73578453063965,2391.08
2391180062,41.6065421,-86.356157,249.6999969482422,25.06098747253418,22.730987548828125,2391.18
2391280021,41.6065421,-86.356157,249.6899871826172,25.05672836303711,22.726728439331055,2391.28
2391379992,41.6065421,-86.356157,249.6899871826172,25.051057815551758,22.721057891845703,2391.38
2391480099,41.6065421,-86.356157,249.67999267578125,25.04677391052246,22.716773986816406,2391.48
2391579915,41.6065421,-86.356157,249.67999267578125,25.04397964477539,22.713979721069336,2391.58
2391680054,41.6065421,-86.356157,249.67999267578125,25.04389762878418,22.713897705078125,2391.68
2391779915,41.6065421,-86.356157,249.67999267578125,25.042877197265625,22.71287727355957,2391.78
2391879962,41.6065421,-86.3561569,249.67999267578125,25.040321350097656,22.7103214263916,2391.88
2391979879,41.606542,-86.3561569,249.6699981689453,25.037965774536133,22.707965850830078,2391.98
2392079946,41.606541899999996,-86.3561569,249.6699981689453,25.036144256591797,22.706144332885742,2392.08
2392179938,41.606541899999996,-86.3561568,249.6699981689453,25.033222198486328,22.703222274780273,2392.18
2392279901,41.606541899999996,-86.3561568,249.6599884033203,25.02907943725586,22.699079513549805,2392.28
2392379995,41.606541899999996,-86.3561568,249.6599884033203,25.026960372924805,22.69696044921875,2392.38
2392479975,41.606541899999996,-86.3561568,249.6599884033203,25.027565002441406,22.69756507873535,2392.48
2392579905,41.606541899999996,-86.3561568,249.6599884033203,25.0295467376709,22.699546813964844,2392.58
2392679932,41.606541899999996,-86.3561567,249.6699981689453,25.033266067504883,22.703266143798828,2392.68
2392779934,41.606541899999996,-86.3561567,249.6699981689453,25.039051055908203,22.70905113220215,2392.78
2392880063,41.606541899999996,-86.3561567,249.67999267578125,25.04658317565918,22.716583251953125,2392.88
2392979961,41.606541799999995,-86.3561568,249.6899871826172,25.05377769470215,22.723777770996094,2392.98
2393079988,41.6065417,-86.3561568,249.6999969482422,25.06171989440918,22.731719970703125,2393.08
2393179927,41.6065417,-86.3561568,249.6999969482422,25.0682315826416,22.738231658935547,2393.18
2393280068,41.6065417,-86.3561567,249.70999145507812,25.074556350708008,22.744556427001953,2393.28
2393379964,41.6065416,-86.3561567,249.70999145507812,25.079452514648438,22.749452590942383,2393.38
2393479905,41.6065416,-86.3561567,249.72000122070312,25.080081939697266,22.75008201599121,2393.48
2393579926,41.6065415,-86.3561567,249.70999145507812,25.076261520385742,22.746261596679688,2393.58
2393679985,41.6065414,-86.3561567,249.70999145507812,25.071809768676758,22.741809844970703,2393.68
2393779891,41.606541199999995,-86.3561567,249.6999969482422,25.06683349609375,22.736833572387695,2393.78
2393879939,41.606541,-86.3561567,249.6899871826172,25.0590763092041,22.729076385498047,2393.88
2393979952,41.6065408,-86.3561567,249.6899871826172,25.051013946533203,22.72101402282715,2393.98
2394079975,41.606540599999995,-86.3561567,249.67999267578125,25.0438232421875,22.713823318481445,2394.08
2394179974,41.6065403,-86.3561567,249.6699981689453,25.038009643554688,22.708009719848633,2394.18
2394279880,41.6065399,-86.3561567,249.6699981689453,25.030593872070312,22.700593948364258,2394.28
2394380065,41.6065395,-86.3561567,249.6599884033203,25.023025512695312,22.693025588989258,2394.38
2394479991,41.606539,-86.3561567,249.64999389648438,25.018144607543945,22.68814468383789,2394.48
2394580003,41.6065384,-86.3561567,249.64999389648438,25.015825271606445,22.68582534790039,2394.58
2394679946,41.6065378,-86.3561567,249.64999389648438,25.014997482299805,22.68499755859375,2394.68
2394779911,41.606536999999996,-86.3561567,249.64999389648438,25.013954162597656,22.6839542388916,2394.78
2394879959,41.6065361,-86.35615659999999,249.64999389648438,25.015310287475586,22.68531036376953,2394.88
2394979901,41.606535099999995,-86.35615659999999,249.64999389648438,25.016468048095703,22.68646812438965,2394.98
2395079974,41.606533899999995,-86.35615659999999,249.64999389648438,25.01641273498535,22.686412811279297,2395.08
2395179939,41.606532699999995,-86.35615659999999,249.64999389648438,25.01620101928711,22.686201095581055,2395.18
2395279894,41.6065314,-86.35615659999999,249.64999389648438,25.014795303344727,22.684795379638672,2395.28
2395380038,41.6065299,-86.35615659999999,249.64999389648438,25.01360321044922,22.683603286743164,2395.38
2395479889,41.6065283,-86.35615659999999,249.64999389648438,25.013235092163086,22.68323516845703,2395.48
2395579963,41.606526599999995,-86.35615659999999,249.64999389648438,25.01287841796875,22.682878494262695,2395.58
2395679948,41.6065249,-86.35615659999999,249.64999389648438,25.011934280395508,22.681934356689453,2395.68
2395779975,41.606522999999996,-86.3561565,249.64999389648438,25.011173248291016,22.68117332458496,2395.78
2395879927,41.606521,-86.3561565,249.64999389648438,25.012765884399414,22.68276596069336,2395.88
2395980073,41.6065189,-86.35615639999999,249.64999389648438,25.0156192779541,22.685619354248047,2395.98
2396079989,41.6065167,-86.3561563,249.64999389648438,25.01921272277832,22.689212799072266,2396.08
2396179956,41.606514399999995,-86.3561562,249.6599884033203,25.021005630493164,22.69100570678711,2396.18
2396279936,41.606512099999996,-86.3561562,249.6599884033203,25.023908615112305,22.69390869140625,2396.28
2396379951,41.6065097,-86.3561562,249.6699981689453,25.030000686645508,22.700000762939453,2396.38
2396479927,41.606507199999996,-86.3561562,249.6699981689453,25.037866592407227,22.707866668701172,2396.48
2396579883,41.6065046,-86.3561562,249.67999267578125,25.045377731323242,22.715377807617188,2396.58
2396680054,41.606502,-86.3561562,249.67999267578125,25.049785614013672,22.719785690307617,2396.68
2396779957,41.606499299999996,-86.3561562,249.6899871826172,25.053770065307617,22.723770141601562,2396.78
2396880129,41.6064965,-86.3561562,249.6899871826172,25.0592098236084,22.729209899902344,2396.88
2396979922,41.6064937,-86.3561562,249.6999969482422,25.065567016601562,22.735567092895508,2396.98
2397079974,41.6064909,-86.3561562,249.70999145507812,25.071842193603516,22.74184226989746,2397.08
2397179951,41.606488,-86.3561562,249.70999145507812,25.074378967285156,22.7443790435791,2397.18
2397279989,41.606485,-86.3561562,249.70999145507812,25.070215225219727,22.740215301513672,2397.28
2397379956,41.606482,-86.3561562,249.6999969482422,25.064010620117188,22.734010696411133,2397.38
2397480081,41.606479,-86.3561562,249.6899871826172,25.056724548339844,22.72672462463379,2397.48
2397579986,41.6064759,-86.3561562,249.67999267578125,25.048704147338867,22.718704223632812,2397.58
2397680012,41.6064728,-86.3561562,249.67999267578125,25.04238510131836,22.712385177612305,2397.68
2397780044,41.6064697,-86.3561562,249.67999267578125,25.041141510009766,22.71114158630371,2397.78
2397879931,41.606466499999996,-86.3561563,249.6699981689453,25.03931999206543,22.709320068359375,2397.88
2397979910,41.6064633,-86.3561563,249.6699981689453,25.03727149963379,22.707271575927734,2397.98
2398079944,41.6064601,-86.3561563,249.6699981689453,25.038707733154297,22.708707809448242,2398.08
2398179877,41.6064569,-86.3561563,249.67999267578125,25.045225143432617,22.715225219726562,2398.18
2398279929,41.606453699999996,-86.35615639999999,249.6899871826172,25.051342010498047,22.721342086791992,2398.28
2398379933,41.6064504,-86.35615639999999,249.6899871826172,25.057222366333008,22.727222442626953,2398.38
2398479958,41.6064472,-86.35615639999999,249.6999969482422,25.06671142578125,22.736711502075195,2398.48
2398579891,41.606443899999995,-86.35615639999999,249.70999145507812,25.075916290283203,22.74591636657715,2398.58
2398680021,41.6064407,-86.3561565,249.72000122070312,25.081628799438477,22.751628875732422,2398.68
2398779965,41.6064376,-86.3561565,249.72000122070312,25.082181930541992,22.752182006835938,2398.78
2398879977,41.6064344,-86.3561565,249.72000122070312,25.08005142211914,22.750051498413086,2398.88
2398979917,41.6064313,-86.3561565,249.72000122070312,25.080764770507812,22.750764846801758,2398.98
2399080008,41.6064283,-86.35615659999999,249.72000122070312,25.081798553466797,22.751798629760742,2399.08
2399179937,41.6064253,-86.35615659999999,249.72000122070312,25.080982208251953,22.7509822845459,2399.18
2399279980,41.6064223,-86.35615659999999,249.70999145507812,25.07910919189453,22.749109268188477,2399.28
2399380033,41.6064194,-86.3561567,249.70999145507812,25.07972526550293,22.749725341796875,2399.38
2399479933,41.606416499999995,-86.3561568,249.72000122070312,25.085859298706055,22.755859375,2399.48
2399580126,41.6064137,-86.3561568,249.72999572753906,25.093734741210938,22.763734817504883,2399.58
2399679933,41.6064109,-86.3561568,249.72999572753906,25.09879493713379,22.768795013427734,2399.68
2399779876,41.6064082,-86.3561568,249.739990234375,25.101543426513672,22.771543502807617,2399.78
2399879895,41.606405599999995,-86.3561568,249.739990234375,25.105920791625977,22.775920867919922,2399.88
2399979916,41.606403,-86.3561568,249.739990234375,25.108190536499023,22.77819061279297,2399.98
2400079918,41.6064005,-86.3561567,249.739990234375,25.10843849182129,22.778438568115234,2400.08
2400179992,41.6063981,-86.3561567,249.739990234375,25.107839584350586,22.77783966064453,2400.18
2400280036,41.6063958,-86.3561567,249.75,25.111148834228516,22.78114891052246,2400.28
2400379956,41.6063937,-86.3561567,249.75,25.114870071411133,22.784870147705078,2400.38
2400480024,41.606391699999996,-86.3561567,249.75,25.11742401123047,22.787424087524414,2400.48
2400580047,41.606389899999996,-86.3561567,249.75999450683594,25.12014389038086,22.790143966674805,2400.58
2400679970,41.6063883,-86.3561567,249.75999450683594,25.122493743896484,22.79249382019043,2400.68
2400780136,41.606386799999996,-86.3561567,249.75999450683594,25.12298011779785,22.792980194091797,2400.78
2400879986,41.6063854,-86.3561567,249.75,25.119529724121094,22.78952980041504,2400.88
2400980089,41.6063842,-86.3561567,249.75,25.114702224731445,22.78470230102539,2400.98
2401079924,41.606383199999996,-86.3561568,249.75,25.110687255859375,22.78068733215332,2401.08
2401179971,41.6063823,-86.3561568,249.739990234375,25.10751724243164,22.777517318725586,2401.18
2401279887,41.6063815,-86.3561568,249.739990234375,25.104183197021484,22.77418327331543,2401.28
2401380217,41.6063808,-86.3561568,249.72999572753906,25.099143981933594,22.76914405822754,2401.38
2401479908,41.6063802,-86.3561568,249.72999572753906,25.093692779541016,22.76369285583496,2401.48
2401580009,41.6063797,-86.3561568,249.72000122070312,25.089258193969727,22.759258270263672,2401.58
2401680024,41.6063792,-86.3561568,249.72000122070312,25.08579444885254,22.755794525146484,2401.68
2401779967,41.606378899999996,-86.3561568,249.72000122070312,25.081289291381836,22.75128936767578,2401.78
2401880014,41.6063785,-86.3561568,249.70999145507812,25.07438850402832,22.744388580322266,2401.88
2401979922,41.606378199999995,-86.3561568,249.6999969482422,25.065898895263672,22.735898971557617,2401.98
2402079983,41.6063779,-86.3561568,249.6899871826172,25.055828094482422,22.725828170776367,2402.08
2402179958,41.606377599999995,-86.3561568,249.67999267578125,25.047517776489258,22.717517852783203,2402.18
2402279977,41.6063773,-86.3561568,249.67999267578125,25.040132522583008,22.710132598876953,2402.28
2402379979,41.6063769,-86.3561568,249.6699981689453,25.034530639648438,22.704530715942383,2402.38
2402479977,41.606376499999996,-86.3561568,249.6599884033203,25.0290584564209,22.699058532714844,2402.48
2402579951,41.6063761,-86.3561568,249.6599884033203,25.0233211517334,22.693321228027344,2402.58
2402679942,41.6063757,-86.3561568,249.64999389648438,25.018041610717773,22.68804168701172,2402.68
2402779880,41.606375199999995,-86.3561568,249.64999389648438,25.013328552246094,22.68332862854004,2402.78
2402879908,41.606374699999996,-86.3561568,249.64999389648438,25.01004981994629,22.680049896240234,2402.88
2402979917,41.606373999999995,-86.3561568,249.63999938964844,25.00906753540039,22.679067611694336,2402.98
2403079921,41.6063733,-86.3561569,249.63999938964844,25.007675170898438,22.677675247192383,2403.08
2403179980,41.6063725,-86.3561569,249.63999938964844,25.004241943359375,22.67424201965332,2403.18
2403279881,41.606371599999996,-86.356157,249.62998962402344,24.99727439880371,22.667274475097656,2403.28
2403380019,41.6063706,-86.356157,249.62998962402344,24.990337371826172,22.660337448120117,2403.38
2403479981,41.6063694,-86.356157,249.6199951171875,24.984376907348633,22.654376983642578,2403.48
2403579901,41.6063682,-86.356157,249.61000061035156,24.979576110839844,22.64957618713379,2403.58
2403679925,41.606366799999996,-86.356157,249.61000061035156,24.975845336914062,22.645845413208008,2403.68
2403780085,41.6063654,-86.356157,249.61000061035156,24.97205924987793,22.642059326171875,2403.78
2403880018,41.6063638,-86.356157,249.59999084472656,24.967987060546875,22.63798713684082,2403.88
2403979976,41.6063621,-86.356157,249.59999084472656,24.965431213378906,22.63543128967285,2403.98
2404080021,41.6063602,-86.356157,249.59999084472656,24.963979721069336,22.63397979736328,2404.08
2404179937,41.6063583,-86.356157,249.59999084472656,24.964872360229492,22.634872436523438,2404.18
2404279926,41.6063563,-86.356157,249.59999084472656,24.96854591369629,22.638545989990234,2404.28
2404379949,41.6063541,-86.3561569,249.61000061035156,24.972763061523438,22.642763137817383,2404.38
2404480087,41.6063519,-86.3561568,249.61000061035156,24.97698402404785,22.646984100341797,2404.48
2404579914,41.6063496,-86.3561567,249.6199951171875,24.98104476928711,22.651044845581055,2404.58
2404679886,41.606347199999995,-86.35615659999999,249.6199951171875,24.984088897705078,22.654088973999023,2404.68
2404779932,41.6063447,-86.35615639999999,249.6199951171875,24.988719940185547,22.658720016479492,2404.78
2404879966,41.6063421,-86.3561563,249.62998962402344,24.993541717529297,22.663541793823242,2404.88
2404980046,41.606339399999996,-86.3561562,249.62998962402344,24.999330520629883,22.669330596923828,2404.98
2405079954,41.6063367,-86.3561562,249.63999938964844,25.00054931640625,22.670549392700195,2405.08
2405179884,41.606333899999996,-86.35615609999999,249.62998962402344,24.998586654663086,22.66858673095703,2405.18
2405279910,41.6063311,-86.35615609999999,249.62998962402344,24.99752426147461,22.667524337768555,2405.28
2405380068,41.6063281,-86.3561562,249.62998962402344,24.99605941772461,22.666059494018555,2405.38
2405480002,41.6063251,-86.3561562,249.62998962402344,24.993480682373047,22.663480758666992,2405.48
2405579960,41.606322,-86.3561562,249.62998962402344,24.991018295288086,22.66101837158203,2405.58
2405680005,41.6063188,-86.3561562,249.6199951171875,24.98911476135254,22.659114837646484,2405.68
2405779910,41.6063155,-86.3561562,249.6199951171875,24.98947525024414,22.659475326538086,2405.78
2405880118,41.6063121,-86.3561562,249.62998962402344,24.991416931152344,22.66141700744629,2405.88
2405979927,41.6063086,-86.3561562,249.62998962402344,24.99428367614746,22.664283752441406,2405.98
2406079937,41.606305,-86.35615609999999,249.62998962402344,24.99729347229004,22.667293548583984,2406.08
2406179967,41.6063013,-86.3561562,249.63999938964844,25.001243591308594,22.67124366760254,2406.18
2406279904,41.6062976,-86.3561562,249.63999938964844,25.007118225097656,22.6771183013916,2406.28
2406379931,41.606293699999995,-86.3561562,249.64999389648438,25.012048721313477,22.682048797607422,2406.38
2406479964,41.6062898,-86.3561563,249.64999389648438,25.016292572021484,22.68629264831543,2406.48
2406579980,41.606285799999995,-86.3561563,249.64999389648438,25.018657684326172,22.688657760620117,2406.58
2406679901,41.6062817,-86.3561563,249.64999389648438,25.017187118530273,22.68718719482422,2406.68
2406779978,41.6062776,-86.3561563,249.64999389648438,25.015050888061523,22.68505096435547,2406.78
2406880009,41.6062734,-86.3561563,249.64999389648438,25.01504135131836,22.685041427612305,2406.88
2406979937,41.6062691,-86.3561562,249.64999389648438,25.016176223754883,22.686176300048828,2406.98
2407079968,41.6062649,-86.3561562,249.64999389648438,25.01661491394043,22.686614990234375,2407.08
2407179927,41.6062605,-86.35615609999999,249.64999389648438,25.01713752746582,22.687137603759766,2407.18
2407279927,41.606255999999995,-86.35615609999999,249.64999389648438,25.018905639648438,22.688905715942383,2407.28
2407379945,41.6062515,-86.356156,249.6599884033203,25.02060890197754,22.690608978271484,2407.38
2407479979,41.606246999999996,-86.356156,249.6599884033203,25.020912170410156,22.6909122467041,2407.48
2407579947,41.6062424,-86.356156,249.6599884033203,25.02162742614746,22.691627502441406,2407.58
2407679978,41.606237799999995,-86.356156,249.6599884033203,25.023330688476562,22.693330764770508,2407.68
2407780043,41.6062332,-86.356156,249.6599884033203,25.024995803833008,22.694995880126953,2407.78
2407879910,41.6062285,-86.356156,249.6599884033203,25.024473190307617,22.694473266601562,2407.88
2407980050,41.6062237,-86.356156,249.6599884033203,25.022001266479492,22.692001342773438,2407.98
2408079963,41.606218899999995,-86.356156,249.6599884033203,25.021045684814453,22.6910457611084,2408.08
2408179974,41.606214099999995,-86.356156,249.64999389648438,25.019412994384766,22.68941307067871,2408.18
2408279893,41.606209199999995,-86.356156,249.64999389648438,25.016225814819336,22.68622589111328,2408.28
2408380070,41.606204299999995,-86.356156,249.64999389648438,25.01219367980957,22.682193756103516,2408.38
2408479976,41.6061993,-86.356156,249.63999938964844,25.009687423706055,22.6796875,2408.48
2408580088,41.6061943,-86.356156,249.63999938964844,25.008569717407227,22.678569793701172,2408.58
2408679981,41.6061893,-86.356156,249.64999389648438,25.014141082763672,22.684141159057617,2408.68
2408780030,41.6061842,-86.356156,249.6599884033203,25.021883010864258,22.691883087158203,2408.78
2408879934,41.606179,-86.356156,249.6599884033203,25.029369354248047,22.699369430541992,2408.88
2408979950,41.606173899999995,-86.356156,249.6699981689453,25.035917282104492,22.705917358398438,2408.98
2409079884,41.6061687,-86.356156,249.67999267578125,25.040491104125977,22.710491180419922,2409.08
2409179911,41.6061635,-86.356156,249.67999267578125,25.045543670654297,22.715543746948242,2409.18
2409279918,41.606158199999996,-86.356156,249.6899871826172,25.05260467529297,22.722604751586914,2409.28
2409379944,41.6061529,-86.356156,249.6899871826172,25.05755043029785,22.727550506591797,2409.38
2409479971,41.6061475,-86.35615609999999,249.6999969482422,25.060413360595703,22.73041343688965,2409.48
2409579951,41.6061422,-86.35615609999999,249.6999969482422,25.06197738647461,22.731977462768555,2409.58
2409679973,41.6061368,-86.3561562,249.6999969482422,25.06191062927246,22.731910705566406,2409.68
2409780012,41.606131399999995,-86.3561563,249.6899871826172,25.059106826782227,22.729106903076172,2409.78
2409879977,41.606125999999996,-86.3561563,249.6899871826172,25.05800437927246,22.728004455566406,2409.88
2409979955,41.6061206,-86.3561563,249.6899871826172,25.05741310119629,22.727413177490234,2409.98
2410080109,41.6061152,-86.35615639999999,249.6899871826172,25.055065155029297,22.725065231323242,2410.08
2410179982,41.6061098,-86.35615639999999,249.6899871826172,25.052947998046875,22.72294807434082,2410.18
2410279991,41.6061045,-86.35615639999999,249.6899871826172,25.051380157470703,22.72138023376465,2410.28
2410380061,41.6060991,-86.35615639999999,249.6899871826172,25.05156898498535,22.721569061279297,2410.38
2410479947,41.6060938,-86.35615639999999,249.6899871826172,25.050029754638672,22.720029830932617,2410.48
2410579864,41.6060885,-86.35615639999999,249.67999267578125,25.046113967895508,22.716114044189453,2410.58
2410679890,41.6060831,-86.3561563,249.67999267578125,25.044815063476562,22.714815139770508,2410.68
2410779961,41.6060778,-86.3561562,249.67999267578125,25.045696258544922,22.715696334838867,2410.78
2410879918,41.606072399999995,-86.35615609999999,249.67999267578125,25.04518699645996,22.715187072753906,2410.88
2410979909,41.6060671,-86.356156,249.67999267578125,25.043704986572266,22.71370506286621,2410.98
2411079936,41.6060617,-86.35615589999999,249.67999267578125,25.042133331298828,22.712133407592773,2411.08
2411180035,41.6060564,-86.3561558,249.67999267578125,25.041685104370117,22.711685180664062,2411.18
2411280047,41.606051,-86.3561557,249.67999267578125,25.042743682861328,22.712743759155273,2411.28
2411379979,41.6060456,-86.3561556,249.67999267578125,25.04408073425293,22.714080810546875,2411.38
2411479947,41.606040199999995,-86.3561556,249.67999267578125,25.047170639038086,22.71717071533203,2411.48
2411579970,41.6060349,-86.3561555,249.6899871826172,25.0523738861084,22.722373962402344,2411.58
2411679964,41.6060294,-86.3561555,249.6899871826172,25.057315826416016,22.72731590270996,2411.68
2411780009,41.606024,-86.3561555,249.6999969482422,25.060041427612305,22.73004150390625,2411.78
2411880021,41.6060186,-86.3561555,249.6999969482422,25.06085777282715,22.730857849121094,2411.88
2411979973,41.6060131,-86.3561555,249.6999969482422,25.06255340576172,22.732553482055664,2411.98
2412079935,41.6060077,-86.3561556,249.6999969482422,25.065244674682617,22.735244750976562,2412.08
2412180165,41.6060022,-86.3561557,249.6999969482422,25.066930770874023,22.73693084716797,2412.18
2412279900,41.6059968,-86.3561557,249.6999969482422,25.06725311279297,22.737253189086914,2412.28
2412380035,41.6059913,-86.3561557,249.6999969482422,25.0644474029541,22.734447479248047,2412.38
2412479895,41.6059859,-86.3561558,249.6999969482422,25.06096649169922,22.730966567993164,2412.48
2412580018,41.6059804,-86.35615589999999,249.6899871826172,25.057191848754883,22.727191925048828,2412.58
2412679957,41.605975,-86.356156,249.6899871826172,25.054336547851562,22.724336624145508,2412.68
2412780072,41.6059695,-86.3561562,249.6899871826172,25.051326751708984,22.72132682800293,2412.78
2412880000,41.605964,-86.3561563,249.67999267578125,25.049571990966797,22.719572067260742,2412.88
2412979925,41.6059586,-86.3561565,249.67999267578125,25.048490524291992,22.718490600585938,2412.98
2413079956,41.605953199999995,-86.3561567,249.67999267578125,25.045827865600586,22.71582794189453,2413.08
2413179992,41.605947799999996,-86.3561568,249.67999267578125,25.042028427124023,22.71202850341797,2413.18
2413279963,41.605942299999995,-86.3561569,249.6699981689453,25.037328720092773,22.70732879638672,2413.28
2413379990,41.605936899999996,-86.356157,249.6699981689453,25.034029006958008,22.704029083251953,2413.38
2413479934,41.6059315,-86.35615709999999,249.6699981689453,25.0304012298584,22.700401306152344,2413.48
2413579915,41.6059261,-86.3561572,249.6599884033203,25.024978637695312,22.694978713989258,2413.58
2413679924,41.6059207,-86.35615729999999,249.64999389648438,25.01983642578125,22.689836502075195,2413.68
2413779922,41.6059153,-86.35615729999999,249.64999389648438,25.014522552490234,22.68452262878418,2413.78
2413879944,41.6059099,-86.3561574,249.63999938964844,25.008668899536133,22.678668975830078,2413.88
2413979973,41.605904599999995,-86.3561574,249.63999938964844,25.002107620239258,22.672107696533203,2413.98
2414079883,41.605899199999996,-86.3561574,249.62998962402344,24.996110916137695,22.66611099243164,2414.08
2414179909,41.6058938,-86.3561574,249.62998962402344,24.99182891845703,22.661828994750977,2414.18
2414280109,41.6058884,-86.3561574,249.6199951171875,24.98756980895996,22.657569885253906,2414.28
2414379947,41.6058831,-86.3561574,249.6199951171875,24.9847412109375,22.654741287231445,2414.38
2414479898,41.6058777,-86.35615729999999,249.6199951171875,24.9825382232666,22.652538299560547,2414.48
2414579906,41.6058723,-86.35615729999999,249.6199951171875,24.981098175048828,22.651098251342773,2414.58
2414680029,41.605866999999996,-86.3561572,249.6199951171875,24.98216438293457,22.652164459228516,2414.68
2414780082,41.6058617,-86.35615709999999,249.6199951171875,24.982006072998047,22.652006149291992,2414.78
2414880011,41.6058563,-86.3561569,249.6199951171875,24.983985900878906,22.65398597717285,2414.88
2414980084,41.6058509,-86.3561568,249.6199951171875,24.984554290771484,22.65455436706543,2414.98
2415079922,41.6058455,-86.35615659999999,249.6199951171875,24.98530387878418,22.655303955078125,2415.08
2415179960,41.605840199999996,-86.3561565,249.6199951171875,24.985647201538086,22.65564727783203,2415.18
2415279880,41.6058349,-86.35615639999999,249.6199951171875,24.9848690032959,22.654869079589844,2415.28
2415379927,41.6058296,-86.3561563,249.6199951171875,24.985328674316406,22.65532875061035,2415.38
2415479902,41.605824299999995,-86.3561562,249.6199951171875,24.984272003173828,22.654272079467773,2415.48
2415579895,41.605819,-86.3561562,249.6199951171875,24.984453201293945,22.65445327758789,2415.58
2415679896,41.6058138,-86.35615609999999,249.6199951171875,24.98373031616211,22.653730392456055,2415.68
2415779975,41.6058087,-86.35615609999999,249.6199951171875,24.981924057006836,22.65192413330078,2415.78
2415880007,41.6058035,-86.35615609999999,249.6199951171875,24.981576919555664,22.65157699584961,2415.88
2415979949,41.6057984,-86.35615609999999,249.6199951171875,24.980405807495117,22.650405883789062,2415.98
2416079885,41.605793299999995,-86.35615609999999,249.6199951171875,24.980226516723633,22.650226593017578,2416.08
2416179976,41.6057883,-86.3561562,249.61000061035156,24.97818946838379,22.648189544677734,2416.18
2416279961,41.6057833,-86.3561562,249.61000061035156,24.979114532470703,22.64911460876465,2416.28
2416380175,41.6057784,-86.3561562,249.6199951171875,24.981616973876953,22.6516170501709,2416.38
2416480032,41.6057735,-86.3561563,249.6199951171875,24.987384796142578,22.657384872436523,2416.48
2416579931,41.6057686,-86.3561563,249.62998962402344,24.994712829589844,22.66471290588379,2416.58
2416680051,41.6057638,-86.3561563,249.62998962402344,24.9992618560791,22.669261932373047,2416.68
2416779925,41.6057591,-86.35615639999999,249.63999938964844,25.00199317932129,22.671993255615234,2416.78
2416879888,41.605754399999995,-86.3561565,249.63999938964844,25.004470825195312,22.674470901489258,2416.88
2416980005,41.6057497,-86.35615659999999,249.63999938964844,25.00569725036621,22.675697326660156,2416.98
2417079916,41.6057451,-86.3561567,249.63999938964844,25.005605697631836,22.67560577392578,2417.08
2417179996,41.605740499999996,-86.3561567,249.63999938964844,25.005342483520508,22.675342559814453,2417.18
2417279896,41.6057359,-86.3561567,249.63999938964844,25.006210327148438,22.676210403442383,2417.28
2417379962,41.6057315,-86.3561567,249.63999938964844,25.004016876220703,22.67401695251465,2417.38
2417479951,41.605727099999996,-86.3561567,249.63999938964844,25.001935958862305,22.67193603515625,2417.48
2417580003,41.605722799999995,-86.3561567,249.63999938964844,25.000106811523438,22.670106887817383,2417.58
2417679928,41.605718499999995,-86.3561567,249.62998962402344,24.997053146362305,22.66705322265625,2417.68
2417779955,41.605714299999995,-86.3561567,249.62998962402344,24.99394416809082,22.663944244384766,2417.78
2417879980,41.6057102,-86.3561567,249.62998962402344,24.99017333984375,22.660173416137695,2417.88
2417979941,41.6057062,-86.3561567,249.6199951171875,24.98872947692871,22.658729553222656,2417.98
2418079999,41.6057023,-86.3561567,249.6199951171875,24.988237380981445,22.65823745727539,2418.08
2418179934,41.6056983,-86.3561567,249.6199951171875,24.98827362060547,22.658273696899414,2418.18
2418279944,41.6056945,-86.35615659999999,249.6199951171875,24.989492416381836,22.65949249267578,2418.28
2418380069,41.6056907,-86.35615659999999,249.62998962402344,24.991039276123047,22.661039352416992,2418.38
2418480050,41.605686999999996,-86.3561565,249.62998962402344,24.995161056518555,22.6651611328125,2418.48
2418579931,41.6056834,-86.35615639999999,249.62998962402344,24.998239517211914,22.66823959350586,2418.58
2418679921,41.6056798,-86.3561563,249.63999938964844,25.003780364990234,22.67378044128418,2418.68
2418779898,41.6056763,-86.3561562,249.63999938964844,25.00953483581543,22.679534912109375,2418.78
2418879937,41.6056728,-86.3561562,249.64999389648438,25.01473045349121,22.684730529785156,2418.88
2418979887,41.6056694,-86.35615609999999,249.64999389648438,25.018247604370117,22.688247680664062,2418.98
2419080010,41.605666,-86.35615589999999,249.6599884033203,25.02073860168457,22.690738677978516,2419.08
2419179972,41.605662699999996,-86.3561558,249.6599884033203,25.020580291748047,22.690580368041992,2419.18
2419279935,41.6056594,-86.3561557,249.64999389648438,25.019695281982422,22.689695358276367,2419.28
2419380051,41.6056562,-86.3561557,249.64999389648438,25.017807006835938,22.687807083129883,2419.38
2419480150,41.6056531,-86.3561556,249.64999389648438,25.01815414428711,22.688154220581055,2419.48
2419579966,41.60565,-86.3561555,249.64999389648438,25.018951416015625,22.68895149230957,2419.58
2419680104,41.605647,-86.3561555,249.64999389648438,25.018875122070312,22.688875198364258,2419.68
2419779935,41.605644,-86.3561555,249.64999389648438,25.015975952148438,22.685976028442383,2419.78
2419879943,41.6056411,-86.3561555,249.64999389648438,25.014995574951172,22.684995651245117,2419.88
2419979936,41.6056381,-86.3561555,249.64999389648438,25.015268325805664,22.68526840209961,2419.98
2420079960,41.605635199999995,-86.3561555,249.64999389648438,25.017112731933594,22.68711280822754,2420.08
2420179905,41.605632299999996,-86.3561555,249.64999389648438,25.018949508666992,22.688949584960938,2420.18
2420279938,41.6056295,-86.3561555,249.64999389648438,25.019329071044922,22.689329147338867,2420.28
2420379951,41.605626799999996,-86.3561556,249.64999389648438,25.019071578979492,22.689071655273438,2420.38
2420479971,41.605624,-86.3561556,249.64999389648438,25.018413543701172,22.688413619995117,2420.48
2420580058,41.605621299999996,-86.3561556,249.64999389648438,25.01662254333496,22.686622619628906,2420.58
2420679947,41.6056186,-86.3561556,249.64999389648438,25.014015197753906,22.68401527404785,2420.68
2420779905,41.6056159,-86.3561556,249.64999389648438,25.010053634643555,22.6800537109375,2420.78
2420880061,41.605613299999995,-86.3561556,249.63999938964844,25.00457191467285,22.674571990966797,2420.88
2420980051,41.6056106,-86.3561556,249.62998962402344,24.99620246887207,22.666202545166016,2420.98
2421079969,41.605608,-86.3561557,249.6199951171875,24.988605499267578,22.658605575561523,2421.08
2421180015,41.605605499999996,-86.3561557,249.6199951171875,24.982559204101562,22.652559280395508,2421.18
2421279924,41.6056029,-86.3561558,249.6199951171875,24.980161666870117,22.650161743164062,2421.28
2421379947,41.6056004,-86.3561558,249.61000061035156,24.977890014648438,22.647890090942383,2421.38
2421479937,41.6055978,-86.35615589999999,249.61000061035156,24.976943969726562,22.646944046020508,2421.48
2421579910,41.6055954,-86.35615589999999,249.61000061035156,24.976879119873047,22.646879196166992,2421.58
2421679924,41.605593,-86.356156,249.61000061035156,24.975631713867188,22.645631790161133,2421.68
2421779917,41.6055907,-86.356156,249.61000061035156,24.97341537475586,22.643415451049805,2421.78
2421879953,41.605588399999995,-86.356156,249.61000061035156,24.973390579223633,22.643390655517578,2421.88
2421979923,41.6055862,-86.356156,249.61000061035156,24.97443389892578,22.644433975219727,2421.98
2422079970,41.6055841,-86.35615609999999,249.61000061035156,24.974559783935547,22.644559860229492,2422.08
2422180075,41.6055821,-86.35615609999999,249.61000061035156,24.97356605529785,22.643566131591797,2422.18
2422279938,41.6055802,-86.35615609999999,249.61000061035156,24.972177505493164,22.64217758178711,2422.28
2422379926,41.6055784,-86.35615609999999,249.59999084472656,24.96986198425293,22.639862060546875,2422.38
2422480138,41.6055768,-86.3561562,249.59999084472656,24.96883773803711,22.638837814331055,2422.48
2422579927,41.6055752,-86.3561562,249.59999084472656,24.96672821044922,22.636728286743164,2422.58
2422680107,41.6055737,-86.3561562,249.59999084472656,24.96060562133789,22.630605697631836,2422.68
2422780159,41.6055723,-86.3561562,249.58999633789062,24.953746795654297,22.623746871948242,2422.78
2422879967,41.605571,-86.35615609999999,249.5800018310547,24.946096420288086,22.61609649658203,2422.88
2422980451,41.6055699,-86.35615609999999,249.5699920654297,24.938053131103516,22.60805320739746,2422.98
2423079880,41.6055689,-86.35615609999999,249.55999755859375,24.92839241027832,22.598392486572266,2423.08
2423179914,41.605568,-86.35615609999999,249.54998779296875,24.9169921875,22.586992263793945,2423.18
2423279899,41.6055673,-86.35615609999999,249.5399932861328,24.908191680908203,22.57819175720215,2423.28
2423379919,41.605566599999996,-86.35615609999999,249.5399932861328,24.901405334472656,22.5714054107666,2423.38
2423479931,41.6055661,-86.35615609999999,249.52999877929688,24.897165298461914,22.56716537475586,2423.48
2423579940,41.6055657,-86.35615609999999,249.52999877929688,24.89564323425293,22.565643310546875,2423.58
2423679964,41.605565299999995,-86.35615609999999,249.52999877929688,24.89610481262207,22.566104888916016,2423.68
2423779964,41.605565,-86.35615609999999,249.52999877929688,24.895980834960938,22.565980911254883,2423.78
2423880044,41.605564699999995,-86.35615609999999,249.52999877929688,24.896514892578125,22.56651496887207,2423.88
2423980210,41.6055645,-86.35615609999999,249.52999877929688,24.89682960510254,22.566829681396484,2423.98
2424079986,41.6055644,-86.35615609999999,249.52999877929688,24.894428253173828,22.564428329467773,2424.08
2424179945,41.605564199999996,-86.35615609999999,249.51998901367188,24.889745712280273,22.55974578857422,2424.18
2424279951,41.605564099999995,-86.356156,249.51998901367188,24.88575553894043,22.555755615234375,2424.28
2424379942,41.6055639,-86.356156,249.51998901367188,24.88277816772461,22.552778244018555,2424.38
2424479954,41.6055638,-86.35615589999999,249.51998901367188,24.88030242919922,22.550302505493164,2424.48
2424579963,41.605563599999996,-86.35615589999999,249.50999450683594,24.877349853515625,22.54734992980957,2424.58
2424679918,41.6055634,-86.35615589999999,249.50999450683594,24.875741958618164,22.54574203491211,2424.68
2424779987,41.6055632,-86.3561558,249.50999450683594,24.874614715576172,22.544614791870117,2424.78
2424879971,41.605562899999995,-86.3561558,249.50999450683594,24.875011444091797,22.545011520385742,2424.88
2424979963,41.6055626,-86.3561558,249.50999450683594,24.87468147277832,22.544681549072266,2424.98
2425079890,41.605562299999995,-86.3561557,249.50999450683594,24.872379302978516,22.54237937927246,2425.08
2425179906,41.605562,-86.3561557,249.50999450683594,24.872255325317383,22.542255401611328,2425.18
2425280051,41.6055616,-86.3561556,249.50999450683594,24.872163772583008,22.542163848876953,2425.28
2425379988,41.6055612,-86.3561556,249.50999450683594,24.871871948242188,22.541872024536133,2425.38
2425480152,41.6055607,-86.3561555,249.50999450683594,24.87371253967285,22.543712615966797,2425.48
2425579912,41.6055603,-86.3561555,249.50999450683594,24.874080657958984,22.54408073425293,2425.58
2425680218,41.605559799999995,-86.3561555,249.50999450683594,24.875450134277344,22.54545021057129,2425.68
2425780020,41.605559199999995,-86.3561555,249.50999450683594,24.8781681060791,22.548168182373047,2425.78
2425879989,41.605558699999996,-86.35615539999999,249.51998901367188,24.88175392150879,22.551753997802734,2425.88
2425980037,41.6055582,-86.35615539999999,249.51998901367188,24.886672973632812,22.556673049926758,2425.98
2426079916,41.6055577,-86.3561553,249.52999877929688,24.89089584350586,22.560895919799805,2426.08
2426179915,41.6055572,-86.3561553,249.52999877929688,24.893131256103516,22.56313133239746,2426.18
2426279879,41.6055566,-86.3561553,249.52999877929688,24.891056060791016,22.56105613708496,2426.28
2426379997,41.6055561,-86.3561553,249.51998901367188,24.888046264648438,22.558046340942383,2426.38
2426479922,41.6055557,-86.3561553,249.51998901367188,24.88432502746582,22.554325103759766,2426.48
2426579932,41.6055552,-86.3561553,249.51998901367188,24.883298873901367,22.553298950195312,2426.58
2426679960,41.6055548,-86.3561553,249.51998901367188,24.883522033691406,22.55352210998535,2426.68
2426780000,41.6055545,-86.3561553,249.51998901367188,24.884693145751953,22.5546932220459,2426.78
2426880097,41.6055542,-86.3561553,249.51998901367188,24.885927200317383,22.555927276611328,2426.88
2426979912,41.605554,-86.35615519999999,249.51998901367188,24.887590408325195,22.55759048461914,2426.98
2427079885,41.605553799999996,-86.3561551,249.52999877929688,24.891815185546875,22.56181526184082,2427.08
2427179980,41.6055537,-86.35615519999999,249.52999877929688,24.896114349365234,22.56611442565918,2427.18
2427279946,41.6055536,-86.35615519999999,249.5399932861328,24.900724411010742,22.570724487304688,2427.28
2427379998,41.6055535,-86.35615519999999,249.5399932861328,24.906553268432617,22.576553344726562,2427.38
2427480017,41.6055534,-86.35615519999999,249.54998779296875,24.91203498840332,22.582035064697266,2427.48
2427579916,41.6055534,-86.35615519999999,249.54998779296875,24.91340446472168,22.583404541015625,2427.58
2427679932,41.6055534,-86.35615519999999,249.54998779296875,24.916248321533203,22.58624839782715,2427.68
2427779949,41.6055534,-86.3561553,249.55999755859375,24.921459197998047,22.591459274291992,2427.78
2427879897,41.6055535,-86.3561553,249.55999755859375,24.92902183532715,22.599021911621094,2427.88
2427979942,41.6055535,-86.3561553,249.5699920654297,24.93659210205078,22.606592178344727,2427.98
2428079898,41.6055535,-86.3561553,249.5800018310547,24.942798614501953,22.6127986907959,2428.08
2428179938,41.6055535,-86.3561553,249.5800018310547,24.946186065673828,22.616186141967773,2428.18
2428279952,41.6055535,-86.3561553,249.5800018310547,24.94816017150879,22.618160247802734,2428.28
2428380053,41.6055535,-86.35615539999999,249.5800018310547,24.947338104248047,22.617338180541992,2428.38
2428479957,41.6055536,-86.35615539999999,249.5800018310547,24.946765899658203,22.61676597595215,2428.48
2428579903,41.6055536,-86.3561555,249.5800018310547,24.949180603027344,22.61918067932129,2428.58
2428679912,41.6055536,-86.3561555,249.58999633789062,24.957326889038086,22.62732696533203,2428.68
2428779990,41.6055536,-86.3561556,249.59999084472656,24.963394165039062,22.633394241333008,2428.78
2428879998,41.6055536,-86.3561556,249.59999084472656,24.964614868164062,22.634614944458008,2428.88
2428980135,41.6055536,-86.3561557,249.59999084472656,24.964059829711914,22.63405990600586,2428.98
2429079948,41.6055536,-86.3561557,249.58999633789062,24.95978546142578,22.629785537719727,2429.08
2429179921,41.6055536,-86.3561556,249.5800018310547,24.94993019104004,22.619930267333984,2429.18
2429279993,41.6055536,-86.3561556,249.5699920654297,24.93881607055664,22.608816146850586,2429.28
2429379905,41.6055536,-86.3561556,249.55999755859375,24.924949645996094,22.59494972229004,2429.38
2429479895,41.6055536,-86.3561555,249.54998779296875,24.915836334228516,22.58583641052246,2429.48
2429579909,41.6055536,-86.3561555,249.54998779296875,24.910112380981445,22.58011245727539,2429.58
2429679958,41.6055536,-86.3561555,249.5399932861328,24.907060623168945,22.57706069946289,2429.68
2429779928,41.6055536,-86.35615539999999,249.5399932861328,24.90674591064453,22.576745986938477,2429.78
2429879908,41.6055536,-86.35615539999999,249.5399932861328,24.909893035888672,22.579893112182617,2429.88
2429979970,41.6055536,-86.3561553,249.54998779296875,24.913448333740234,22.58344841003418,2429.98
2430079909,41.6055536,-86.3561553,249.54998779296875,24.916898727416992,22.586898803710938,2430.08
2430179993,41.6055536,-86.3561553,249.55999755859375,24.920446395874023,22.59044647216797,2430.18
2430279951,41.6055536,-86.35615539999999,249.55999755859375,24.92674446105957,22.596744537353516,2430.28
2430380021,41.6055535,-86.35615539999999,249.5699920654297,24.930667877197266,22.60066795349121,2430.38
2430479970,41.6055535,-86.3561555,249.5699920654297,24.934412002563477,22.604412078857422,2430.48
2430579971,41.6055536,-86.3561556,249.5699920654297,24.93963623046875,22.609636306762695,2430.58
2430679935,41.6055535,-86.3561558,249.5800018310547,24.945587158203125,22.61558723449707,2430.68
2430779913,41.6055535,-86.35615609999999,249.5800018310547,24.949195861816406,22.61919593811035,2430.78
2430879937,41.6055535,-86.3561565,249.58999633789062,24.950294494628906,22.62029457092285,2430.88
2430979883,41.6055535,-86.3561569,249.5800018310547,24.949798583984375,22.61979866027832,2430.98
2431080026,41.6055536,-86.3561574,249.58999633789062,24.950809478759766,22.62080955505371,2431.08
2431179913,41.6055536,-86.3561579,249.58999633789062,24.953506469726562,22.623506546020508,2431.18
2431279933,41.6055536,-86.3561587,249.58999633789062,24.956411361694336,22.62641143798828,2431.28
2431379946,41.6055536,-86.35615949999999,249.58999633789062,24.95867347717285,22.628673553466797,2431.38
2431479980,41.6055536,-86.3561605,249.58999633789062,24.958656311035156,22.6286563873291,2431.48
2431579949,41.6055537,-86.3561616,249.58999633789062,24.956098556518555,22.6260986328125,2431.58
2431680003,41.605553799999996,-86.3561629,249.58999633789062,24.952465057373047,22.622465133666992,2431.68
2431780203,41.605553799999996,-86.35616429999999,249.5800018310547,24.945945739746094,22.61594581604004,2431.78
2431879981,41.6055539,-86.3561659,249.5699920654297,24.9388370513916,22.608837127685547,2431.88
2431980014,41.6055539,-86.3561677,249.5699920654297,24.934799194335938,22.604799270629883,2431.98
2432079964,41.6055539,-86.3561697,249.5699920654297,24.93317413330078,22.603174209594727,2432.08
2432180029,41.6055539,-86.3561718,249.5699920654297,24.93375015258789,22.603750228881836,2432.18
2432279921,41.6055539,-86.35617409999999,249.5699920654297,24.937145233154297,22.607145309448242,2432.28
2432379946,41.6055539,-86.35617649999999,249.5699920654297,24.939743041992188,22.609743118286133,2432.38
2432479921,41.6055539,-86.3561792,249.5800018310547,24.943214416503906,22.61321449279785,2432.48
2432579916,41.6055539,-86.3561819,249.5800018310547,24.948810577392578,22.618810653686523,2432.58
2432679977,41.605553799999996,-86.3561848,249.58999633789062,24.95972442626953,22.629724502563477,2432.68
2432779878,41.605553799999996,-86.3561878,249.61000061035156,24.971281051635742,22.641281127929688,2432.78
2432880021,41.6055537,-86.3561909,249.6199951171875,24.98143196105957,22.651432037353516,2432.88
2432979946,41.6055536,-86.3561941,249.62998962402344,24.991689682006836,22.66168975830078,2432.98
2433079953,41.6055535,-86.3561974,249.63999938964844,25.000675201416016,22.67067527770996,2433.08
2433180091,41.6055534,-86.3562007,249.64999389648438,25.011598587036133,22.681598663330078,2433.18
2433279895,41.6055534,-86.35620399999999,249.6599884033203,25.02394676208496,22.693946838378906,2433.28
2433380128,41.6055534,-86.3562073,249.6699981689453,25.03933334350586,22.709333419799805,2433.38
2433480066,41.6055534,-86.35621069999999,249.6899871826172,25.054147720336914,22.72414779663086,2433.48
2433579988,41.6055534,-86.3562142,249.6999969482422,25.065258026123047,22.735258102416992,2433.58
2433679966,41.6055534,-86.3562177,249.70999145507812,25.070667266845703,22.74066734313965,2433.68
2433780027,41.6055534,-86.3562212,249.70999145507812,25.07118034362793,22.741180419921875,2433.78
2433879934,41.6055535,-86.35622479999999,249.70999145507812,25.07551383972168,22.745513916015625,2433.88
2433979947,41.6055535,-86.3562286,249.70999145507812,25.0795841217041,22.749584197998047,2433.98
2434079877,41.6055534,-86.3562324,249.72000122070312,25.083450317382812,22.753450393676758,2434.08
2434179950,41.6055535,-86.35623629999999,249.72000122070312,25.087886810302734,22.75788688659668,2434.18
2434280010,41.6055535,-86.35624039999999,249.72999572753906,25.095989227294922,22.765989303588867,2434.28
2434379903,41.6055535,-86.3562445,249.739990234375,25.102245330810547,22.772245407104492,2434.38
2434479957,41.6055535,-86.3562488,249.739990234375,25.106351852416992,22.776351928710938,2434.48
2434579976,41.6055535,-86.3562532,249.75,25.110027313232422,22.780027389526367,2434.58
2434679999,41.6055535,-86.35625759999999,249.739990234375,25.10826301574707,22.778263092041016,2434.68
2434779889,41.6055536,-86.3562621,249.739990234375,25.102617263793945,22.77261734008789,2434.78
2434879907,41.6055536,-86.35626669999999,249.72999572753906,25.091842651367188,22.761842727661133,2434.88
2434979965,41.6055536,-86.3562714,249.70999145507812,25.07767677307129,22.747676849365234,2434.98
2435080096,41.6055536,-86.3562762,249.6999969482422,25.064151763916016,22.73415184020996,2435.08
2435179968,41.6055536,-86.356281,249.6899871826172,25.05133819580078,22.721338272094727,2435.18
2435280063,41.6055535,-86.3562859,249.67999267578125,25.044071197509766,22.71407127380371,2435.28
2435379959,41.6055535,-86.3562908,249.67999267578125,25.040353775024414,22.71035385131836,2435.38
2435480258,41.6055535,-86.35629569999999,249.6699981689453,25.036773681640625,22.70677375793457,2435.48
2435579947,41.6055535,-86.35630069999999,249.6699981689453,25.033130645751953,22.7031307220459,2435.58
2435679971,41.6055535,-86.3563058,249.6699981689453,25.031179428100586,22.70117950439453,2435.68
2435779889,41.6055535,-86.3563109,249.6699981689453,25.032014846801758,22.702014923095703,2435.78
2435879919,41.6055534,-86.35631599999999,249.6699981689453,25.032466888427734,22.70246696472168,2435.88
2435979897,41.6055534,-86.3563211,249.6699981689453,25.03130531311035,22.701305389404297,2435.98
2436079951,41.6055534,-86.3563262,249.6599884033203,25.028430938720703,22.69843101501465,2436.08
2436180024,41.6055533,-86.3563314,249.6599884033203,25.027362823486328,22.697362899780273,2436.18
2436280023,41.6055533,-86.3563365,249.6599884033203,25.027666091918945,22.69766616821289,2436.28
2436379964,41.6055533,-86.3563417,249.6599884033203,25.02701759338379,22.697017669677734,2436.38
2436480058,41.605553199999996,-86.35634689999999,249.6599884033203,25.024511337280273,22.69451141357422,2436.48
2436579968,41.605553199999996,-86.3563521,249.6599884033203,25.022262573242188,22.692262649536133,2436.58
2436679980,41.605553199999996,-86.3563573,249.6599884033203,25.022197723388672,22.692197799682617,2436.68
2436779996,41.605553199999996,-86.3563625,249.6599884033203,25.0209903717041,22.690990447998047,2436.78
2436880010,41.605553199999996,-86.35636769999999,249.6599884033203,25.021791458129883,22.691791534423828,2436.88
2436980075,41.605553199999996,-86.3563729,249.6599884033203,25.022157669067383,22.692157745361328,2436.98
2437079946,41.605553199999996,-86.35637799999999,249.6599884033203,25.020183563232422,22.690183639526367,2437.08
2437179930,41.605553199999996,-86.3563831,249.64999389648438,25.01796531677246,22.687965393066406,2437.18
2437279918,41.605553199999996,-86.35638809999999,249.64999389648438,25.01363754272461,22.683637619018555,2437.28
2437380054,41.605553199999996,-86.35639309999999,249.63999938964844,25.00759506225586,22.677595138549805,2437.38
2437479913,41.605553199999996,-86.35639809999999,249.62998962402344,24.999406814575195,22.66940689086914,2437.48
2437579909,41.605553199999996,-86.356403,249.62998962402344,24.994539260864258,22.664539337158203,2437.58
2437679939,41.6055533,-86.3564079,249.62998962402344,24.99012565612793,22.660125732421875,2437.68
2437779969,41.6055533,-86.35641269999999,249.6199951171875,24.986051559448242,22.656051635742188,2437.78
2437879977,41.6055533,-86.35641749999999,249.6199951171875,24.9819393157959,22.651939392089844,2437.88
2437979998,41.6055533,-86.3564221,249.61000061035156,24.978567123413086,22.64856719970703,2437.98
2438079964,41.6055534,-86.3564268,249.61000061035156,24.97844696044922,22.648447036743164,2438.08
2438179963,41.6055534,-86.3564313,249.6199951171875,24.981061935424805,22.65106201171875,2438.18
2438280002,41.6055534,-86.35643569999999,249.6199951171875,24.982572555541992,22.652572631835938,2438.28
2438380028,41.6055534,-86.35643999999999,249.6199951171875,24.983522415161133,22.653522491455078,2438.38
2438479976,41.6055534,-86.35644429999999,249.6199951171875,24.985515594482422,22.655515670776367,2438.48
2438579937,41.6055534,-86.35644839999999,249.62998962402344,24.989999771118164,22.65999984741211,2438.58
2438679917,41.6055535,-86.3564525,249.62998962402344,24.991540908813477,22.661540985107422,2438.68
2438779882,41.6055535,-86.3564564,249.62998962402344,24.991907119750977,22.661907196044922,2438.78
2438879936,41.6055536,-86.3564602,249.62998962402344,24.990381240844727,22.660381317138672,2438.88
2438979965,41.6055537,-86.3564639,249.6199951171875,24.98854637145996,22.658546447753906,2438.98
2439079889,41.605553799999996,-86.3564674,249.6199951171875,24.985849380493164,22.65584945678711,2439.08
2439179950,41.605553799999996,-86.3564708,249.6199951171875,24.982707977294922,22.652708053588867,2439.18
2439279946,41.6055539,-86.3564739,249.6199951171875,24.980018615722656,22.6500186920166,2439.28
2439380066,41.6055539,-86.35647689999999,249.61000061035156,24.976173400878906,22.64617347717285,2439.38
2439480046,41.6055539,-86.3564797,249.61000061035156,24.972652435302734,22.64265251159668,2439.48
2439579938,41.605554,-86.3564822,249.59999084472656,24.969562530517578,22.639562606811523,2439.58
2439679977,41.605554,-86.3564846,249.59999084472656,24.967058181762695,22.63705825805664,2439.68
2439780004,41.6055541,-86.3564868,249.59999084472656,24.966123580932617,22.636123657226562,2439.78
2439880186,41.6055541,-86.3564888,249.59999084472656,24.963886260986328,22.633886337280273,2439.88
2439980028,41.6055541,-86.3564906,249.59999084472656,24.960954666137695,22.63095474243164,2439.98
2440079958,41.6055543,-86.3564923,249.58999633789062,24.956817626953125,22.62681770324707,2440.08
2440179940,41.6055543,-86.3564937,249.58999633789062,24.953142166137695,22.62314224243164,2440.18
2440279890,41.6055543,-86.356495,249.58999633789062,24.95208740234375,22.622087478637695,2440.28
2440380023,41.6055543,-86.3564962,249.58999633789062,24.950885772705078,22.620885848999023,2440.38
2440479928,41.6055543,-86.35649719999999,249.5800018310547,24.949901580810547,22.619901657104492,2440.48
2440579963,41.6055543,-86.356498,249.5800018310547,24.94956398010254,22.619564056396484,2440.58
2440679937,41.6055543,-86.3564988,249.58999633789062,24.954729080200195,22.62472915649414,2440.68
2440779952,41.6055543,-86.35649939999999,249.59999084472656,24.961584091186523,22.63158416748047,2440.78
2440879998,41.6055543,-86.3564999,249.59999084472656,24.963787078857422,22.633787155151367,2440.88
2440980043,41.6055543,-86.3565004,249.59999084472656,24.96260643005371,22.632606506347656,2440.98
2441079905,41.6055545,-86.35650079999999,249.58999633789062,24.959796905517578,22.629796981811523,2441.08
2441179922,41.6055545,-86.3565011,249.58999633789062,24.955368041992188,22.625368118286133,2441.18
2441279975,41.6055545,-86.3565014,249.58999633789062,24.9526309967041,22.622631072998047,2441.28
2441380009,41.605554399999995,-86.3565016,249.58999633789062,24.950349807739258,22.620349884033203,2441.38
2441480121,41.605554399999995,-86.35650179999999,249.5800018310547,24.949077606201172,22.619077682495117,2441.48
2441580071,41.6055543,-86.3565019,249.5800018310547,24.949831008911133,22.619831085205078,2441.58
2441679959,41.6055543,-86.3565021,249.5800018310547,24.949195861816406,22.61919593811035,2441.68
2441779939,41.6055542,-86.3565021,249.5800018310547,24.94793128967285,22.617931365966797,2441.78
2441879993,41.6055542,-86.3565022,249.5800018310547,24.94695281982422,22.616952896118164,2441.88
2441979946,41.6055542,-86.3565022,249.5800018310547,24.94370460510254,22.613704681396484,2441.98
2442080010,41.6055542,-86.3565023,249.5699920654297,24.936983108520508,22.606983184814453,2442.08
2442179884,41.6055542,-86.3565023,249.55999755859375,24.92696189880371,22.596961975097656,2442.18
2442279932,41.6055542,-86.3565024,249.54998779296875,24.91635513305664,22.586355209350586,2442.28
2442379946,41.6055543,-86.3565024,249.5399932861328,24.903274536132812,22.573274612426758,2442.38
2442479968,41.6055543,-86.3565024,249.51998901367188,24.88921546936035,22.559215545654297,2442.48
2442579953,41.6055543,-86.35650249999999,249.50999450683594,24.877344131469727,22.547344207763672,2442.58
2442679909,41.605554399999995,-86.3565026,249.5,24.86522102355957,22.535221099853516,2442.68
2442780077,41.605554399999995,-86.3565026,249.489990234375,24.856786727905273,22.52678680419922,2442.78
2442880294,41.605554399999995,-86.3565027,249.489990234375,24.852813720703125,22.52281379699707,2442.88
2442979983,41.605554399999995,-86.3565028,249.47999572753906,24.849576950073242,22.519577026367188,2442.98
2443079926,41.605554399999995,-86.3565028,249.47999572753906,24.845367431640625,22.51536750793457,2443.08
2443179938,41.605554399999995,-86.3565029,249.47999572753906,24.841854095458984,22.51185417175293,2443.18
2443279944,41.605554399999995,-86.3565029,249.47000122070312,24.839509963989258,22.509510040283203,2443.28
2443379904,41.605554399999995,-86.35650299999999,249.47000122070312,24.839757919311523,22.50975799560547,2443.38
2443479924,41.605554399999995,-86.35650299999999,249.47999572753906,24.84303092956543,22.513031005859375,2443.48
2443579894,41.605554399999995,-86.35650299999999,249.47999572753906,24.84647560119629,22.516475677490234,2443.58
2443680041,41.605554399999995,-86.35650299999999,249.489990234375,24.85093116760254,22.520931243896484,2443.68
2443779912,41.605554399999995,-86.35650299999999,249.489990234375,24.854724884033203,22.52472496032715,2443.78
2443880071,41.605554399999995,-86.3565029,249.489990234375,24.858633041381836,22.52863311767578,2443.88
2443979955,41.605554399999995,-86.3565028,249.5,24.865137100219727,22.535137176513672,2443.98
2444080022,41.6055543,-86.3565027,249.50999450683594,24.87528419494629,22.545284271240234,2444.08
2444179910,41.6055543,-86.3565026,249.51998901367188,24.886343002319336,22.55634307861328,2444.18
2444279951,41.6055542,-86.35650249999999,249.52999877929688,24.895484924316406,22.56548500061035,2444.28
2444379977,41.6055542,-86.35650249999999,249.5399932861328,24.900787353515625,22.57078742980957,2444.38
2444480181,41.6055542,-86.3565024,249.5399932861328,24.900638580322266,22.57063865661621,2444.48
2444580009,41.6055541,-86.3565023,249.52999877929688,24.896665573120117,22.566665649414062,2444.58
2444680201,41.6055541,-86.3565022,249.52999877929688,24.892250061035156,22.5622501373291,2444.68
2444779937,41.605554,-86.3565022,249.51998901367188,24.889123916625977,22.559123992919922,2444.78
2444879982,41.605554,-86.3565021,249.51998901367188,24.887208938598633,22.557209014892578,2444.88
2444979918,41.6055539,-86.3565021,249.51998901367188,24.885257720947266,22.55525779724121,2444.98
2445079896,41.6055539,-86.3565021,249.51998901367188,24.88492202758789,22.554922103881836,2445.08
2445179901,41.6055539,-86.3565021,249.51998901367188,24.882282257080078,22.552282333374023,2445.18
2445280012,41.605553799999996,-86.3565021,249.51998901367188,24.880218505859375,22.55021858215332,2445.28
2445379935,41.605553799999996,-86.3565021,249.51998901367188,24.882734298706055,22.552734375,2445.38
2445480097,41.605553799999996,-86.3565021,249.51998901367188,24.8833065032959,22.553306579589844,2445.48
2445579954,41.605553799999996,-86.3565022,249.50999450683594,24.878681182861328,22.548681259155273,2445.58
2445680056,41.605553799999996,-86.3565022,249.50999450683594,24.871063232421875,22.54106330871582,2445.68
2445780044,41.605553799999996,-86.3565023,249.5,24.861841201782227,22.531841278076172,2445.78
2445879991,41.6055539,-86.3565023,249.489990234375,24.8519287109375,22.521928787231445,2445.88
2445979985,41.6055539,-86.3565023,249.47999572753906,24.844263076782227,22.514263153076172,2445.98
2446079936,41.6055539,-86.3565023,249.47000122070312,24.83966827392578,22.509668350219727,2446.08
2446180001,41.605554,-86.3565023,249.47000122070312,24.83607292175293,22.506072998046875,2446.18
2446279919,41.6055541,-86.3565023,249.47000122070312,24.83298683166504,22.502986907958984,2446.28
2446379995,41.6055542,-86.3565023,249.45999145507812,24.82963752746582,22.499637603759766,2446.38
2446479910,41.6055542,-86.3565022,249.47000122070312,24.83055305480957,22.500553131103516,2446.48
2446579889,41.6055543,-86.3565022,249.47000122070312,24.835025787353516,22.50502586364746,2446.58
2446679895,41.605554399999995,-86.3565021,249.47000122070312,24.839872360229492,22.509872436523438,2446.68
2446779929,41.605554399999995,-86.3565021,249.47999572753906,24.84368324279785,22.513683319091797,2446.78
2446879899,41.605554399999995,-86.3565021,249.47999572753906,24.84413719177246,22.514137268066406,2446.88
2446979990,41.605554399999995,-86.3565021,249.47999572753906,24.844011306762695,22.51401138305664,2446.98
2447080060,41.605554399999995,-86.3565021,249.47999572753906,24.846752166748047,22.516752243041992,2447.08
2447180055,41.605554399999995,-86.3565021,249.47999572753906,24.849212646484375,22.51921272277832,2447.18
2447280019,41.605554399999995,-86.3565021,249.489990234375,24.851655960083008,22.521656036376953,2447.28
2447380049,41.605554399999995,-86.3565021,249.489990234375,24.852914810180664,22.52291488647461,2447.38
2447479907,41.605554399999995,-86.3565021,249.489990234375,24.855453491210938,22.525453567504883,2447.48
2447579982,41.605554399999995,-86.3565021,249.489990234375,24.85675048828125,22.526750564575195,2447.58
2447680044,41.605554399999995,-86.3565021,249.489990234375,24.859407424926758,22.529407501220703,2447.68
2447779921,41.605554399999995,-86.3565022,249.489990234375,24.85970687866211,22.529706954956055,2447.78
2447880080,41.605554399999995,-86.3565022,249.5,24.860637664794922,22.530637741088867,2447.88
2447979946,41.605554399999995,-86.3565022,249.5,24.864456176757812,22.534456253051758,2447.98
2448079902,41.6055545,-86.3565022,249.5,24.865074157714844,22.53507423400879,2448.08
2448179936,41.6055545,-86.3565022,249.5,24.86343002319336,22.533430099487305,2448.18
2448279890,41.6055545,-86.3565022,249.5,24.863256454467773,22.53325653076172,2448.28
2448379891,41.6055545,-86.3565022,249.5,24.86376953125,22.533769607543945,2448.38
2448479910,41.6055545,-86.3565023,249.5,24.864423751831055,22.534423828125,2448.48
2448579941,41.6055545,-86.3565023,249.5,24.865907669067383,22.535907745361328,2448.58
2448679967,41.605554399999995,-86.3565024,249.5,24.86610984802246,22.536109924316406,2448.68
2448779958,41.605554399999995,-86.3565024,249.5,24.867464065551758,22.537464141845703,2448.78
2448879974,41.605554399999995,-86.35650249999999,249.50999450683594,24.87537956237793,22.545379638671875,2448.88
2448979911,41.6055543,-86.35650249999999,249.51998901367188,24.882530212402344,22.55253028869629,2448.98
2449079998,41.6055543,-86.3565026,249.52999877929688,24.890886306762695,22.56088638305664,2449.08
2449179952,41.6055542,-86.3565026,249.52999877929688,24.89959716796875,22.569597244262695,2449.18
2449279899,41.6055541,-86.3565027,249.5399932861328,24.904756546020508,22.574756622314453,2449.28
2449380174,41.605554,-86.3565027,249.5399932861328,24.905244827270508,22.575244903564453,2449.38
2449479899,41.6055539,-86.3565027,249.5399932861328,24.907472610473633,22.577472686767578,2449.48
2449579937,41.6055539,-86.3565027,249.54998779296875,24.911033630371094,22.58103370666504,2449.58
2449679905,41.605553799999996,-86.3565027,249.54998779296875,24.914623260498047,22.584623336791992,2449.68
2449779932,41.605553799999996,-86.3565027,249.54998779296875,24.9154052734375,22.585405349731445,2449.78
2449879907,41.605553799999996,-86.3565026,249.54998779296875,24.916688919067383,22.586688995361328,2449.88
2449980030,41.605553799999996,-86.3565026,249.54998779296875,24.91584014892578,22.585840225219727,2449.98
2450079890,41.6055539,-86.3565026,249.54998779296875,24.9148006439209,22.584800720214844,2450.08
2450179912,41.6055539,-86.3565026,249.54998779296875,24.915260314941406,22.58526039123535,2450.18
2450279893,41.6055539,-86.3565026,249.54998779296875,24.91154670715332,22.581546783447266,2450.28
2450379973,41.605554,-86.3565026,249.5399932861328,24.903993606567383,22.573993682861328,2450.38
2450479940,41.605554,-86.3565026,249.52999877929688,24.89698600769043,22.566986083984375,2450.48
2450579987,41.605554,-86.3565026,249.52999877929688,24.89145851135254,22.561458587646484,2450.58
2450679986,41.6055541,-86.3565027,249.51998901367188,24.888181686401367,22.558181762695312,2450.68
2450779973,41.6055541,-86.3565027,249.51998901367188,24.884366989135742,22.554367065429688,2450.78
2450880009,41.6055542,-86.3565027,249.50999450683594,24.879053115844727,22.549053192138672,2450.88
2450979947,41.6055542,-86.3565027,249.50999450683594,24.874074935913086,22.54407501220703,2450.98
2451079921,41.6055543,-86.3565027,249.50999450683594,24.872234344482422,22.542234420776367,2451.08
2451179872,41.6055543,-86.3565026,249.50999450683594,24.871200561523438,22.541200637817383,2451.18
2451279921,41.6055543,-86.3565026,249.50999450683594,24.87165069580078,22.541650772094727,2451.28
2451379910,41.605554399999995,-86.3565026,249.50999450683594,24.87017250061035,22.540172576904297,2451.38
2451479889,41.605554399999995,-86.3565026,249.5,24.869165420532227,22.539165496826172,2451.48
2451579952,41.605554399999995,-86.3565026,249.5,24.866897583007812,22.536897659301758,2451.58
2451679924,41.605554399999995,-86.35650249999999,249.5,24.865283966064453,22.5352840423584,2451.68
2451780022,41.6055545,-86.35650249999999,249.5,24.863740921020508,22.533740997314453,2451.78
2451879958,41.6055545,-86.3565024,249.5,24.861631393432617,22.531631469726562,2451.88
2451979984,41.6055545,-86.3565024,249.489990234375,24.859060287475586,22.52906036376953,2451.98
2452080086,41.6055545,-86.3565023,249.489990234375,24.85662269592285,22.526622772216797,2452.08
2452179963,41.6055545,-86.3565022,249.489990234375,24.854944229125977,22.524944305419922,2452.18
2452279933,41.6055545,-86.3565022,249.489990234375,24.85342025756836,22.523420333862305,2452.28
2452379968,41.6055545,-86.3565021,249.489990234375,24.85172462463379,22.521724700927734,2452.38
2452480020,41.6055545,-86.3565021,249.489990234375,24.850500106811523,22.52050018310547,2452.48
2452579943,41.6055545,-86.35650199999999,249.489990234375,24.850013732910156,22.5200138092041,2452.58
2452679975,41.6055545,-86.35650199999999,249.47999572753906,24.848323822021484,22.51832389831543,2452.68
2452779872,41.6055545,-86.3565019,249.47999572753906,24.846412658691406,22.51641273498535,2452.78
2452879936,41.605554399999995,-86.3565019,249.47999572753906,24.84847640991211,22.518476486206055,2452.88
2452979945,41.605554399999995,-86.3565019,249.489990234375,24.853553771972656,22.5235538482666,2452.98
2453079968,41.6055543,-86.3565019,249.5,24.860031127929688,22.530031204223633,2453.08
2453179901,41.6055543,-86.3565019,249.5,24.86338996887207,22.533390045166016,2453.18
2453279943,41.6055542,-86.3565019,249.5,24.867969512939453,22.5379695892334,2453.28
2453379959,41.6055542,-86.3565019,249.50999450683594,24.87242317199707,22.542423248291016,2453.38
2453479935,41.6055541,-86.3565019,249.50999450683594,24.876678466796875,22.54667854309082,2453.48
2453580028,41.6055541,-86.35650199999999,249.50999450683594,24.879961013793945,22.54996109008789,2453.58
2453679925,41.6055541,-86.35650199999999,249.50999450683594,24.879234313964844,22.54923439025879,2453.68
2453779993,41.605554,-86.35650199999999,249.50999450683594,24.87560272216797,22.545602798461914,2453.78
2453879982,41.605554,-86.35650199999999,249.50999450683594,24.873411178588867,22.543411254882812,2453.88
2453979978,41.605554,-86.35650199999999,249.50999450683594,24.87204933166504,22.542049407958984,2453.98
2454079906,41.605554,-86.35650199999999,249.50999450683594,24.873868942260742,22.543869018554688,2454.08
2454180037,41.605554,-86.35650199999999,249.50999450683594,24.874549865722656,22.5445499420166,2454.18
2454279909,41.605554,-86.35650199999999,249.50999450683594,24.87425994873047,22.544260025024414,2454.28
2454379933,41.605554,-86.35650199999999,249.50999450683594,24.875444412231445,22.54544448852539,2454.38
2454480008,41.605554,-86.35650199999999,249.50999450683594,24.87591552734375,22.545915603637695,2454.48
2454579881,41.605554,-86.35650199999999,249.50999450683594,24.876832962036133,22.546833038330078,2454.58
2454679891,41.605554,-86.35650199999999,249.51998901367188,24.880001068115234,22.55000114440918,2454.68
2454779993,41.6055541,-86.35650199999999,249.51998901367188,24.881561279296875,22.55156135559082,2454.78
2454880025,41.6055541,-86.3565019,249.51998901367188,24.88075065612793,22.550750732421875,2454.88
2454980071,41.6055541,-86.3565019,249.50999450683594,24.87737464904785,22.547374725341797,2454.98
2455079887,41.6055541,-86.3565019,249.50999450683594,24.87088394165039,22.540884017944336,2455.08
2455179919,41.6055541,-86.3565019,249.5,24.86089324951172,22.530893325805664,2455.18
2455279926,41.6055541,-86.3565019,249.489990234375,24.850812911987305,22.52081298828125,2455.28
2455380003,41.6055541,-86.3565019,249.47999572753906,24.840566635131836,22.51056671142578,2455.38
2455480030,41.6055541,-86.3565019,249.45999145507812,24.8292293548584,22.499229431152344,2455.48
2455580123,41.6055541,-86.3565019,249.4499969482422,24.819334030151367,22.489334106445312,2455.58
2455679933,41.6055541,-86.3565019,249.4499969482422,24.81159782409668,22.481597900390625,2455.68
2455779928,41.6055541,-86.3565019,249.4399871826172,24.80603790283203,22.476037979125977,2455.78
2455879926,41.6055542,-86.3565019,249.4399871826172,24.800601959228516,22.47060203552246,2455.88
2455979926,41.6055542,-86.35650199999999,249.42999267578125,24.796907424926758,22.466907501220703,2455.98
2456079927,41.6055543,-86.3565021,249.42999267578125,24.79633331298828,22.466333389282227,2456.08
2456179891,41.605554399999995,-86.3565021,249.42999267578125,24.796810150146484,22.46681022644043,2456.18
2456280312,41.6055545,-86.3565021,249.42999267578125,24.799455642700195,22.46945571899414,2456.28
2456379920,41.6055546,-86.3565022,249.4399871826172,24.802045822143555,22.4720458984375,2456.38
2456479960,41.6055548,-86.3565022,249.4399871826172,24.804258346557617,22.474258422851562,2456.48
2456579952,41.6055551,-86.3565023,249.4399871826172,24.807580947875977,22.477581024169922,2456.58
2456679897,41.6055554,-86.3565023,249.4399871826172,24.80942726135254,22.479427337646484,2456.68
2456779890,41.6055558,-86.3565024,249.4499969482422,24.81014633178711,22.480146408081055,2456.78
2456880054,41.605556199999995,-86.3565024,249.4399871826172,24.80975341796875,22.479753494262695,2456.88
2456979980,41.605556799999995,-86.3565024,249.4399871826172,24.808521270751953,22.4785213470459,2456.98
2457079893,41.605557399999995,-86.35650249999999,249.4399871826172,24.808855056762695,22.47885513305664,2457.08
2457179991,41.605558099999996,-86.35650249999999,249.4499969482422,24.811538696289062,22.481538772583008,2457.18
2457280296,41.605559,-86.35650249999999,249.4499969482422,24.81513786315918,22.485137939453125,2457.28
2457379948,41.605559899999996,-86.3565026,249.4499969482422,24.81791114807129,22.487911224365234,2457.38
2457479877,41.6055609,-86.3565026,249.45999145507812,24.821229934692383,22.491230010986328,2457.48
2457579899,41.6055621,-86.3565027,249.45999145507812,24.82489585876465,22.494895935058594,2457.58
2457679958,41.6055634,-86.3565028,249.45999145507812,24.828824996948242,22.498825073242188,2457.68
2457779948,41.605564799999996,-86.3565028,249.47000122070312,24.833850860595703,22.50385093688965,2457.78
2457879958,41.6055663,-86.3565029,249.47000122070312,24.838966369628906,22.50896644592285,2457.88
2457979906,41.6055679,-86.35650299999999,249.47999572753906,24.845170974731445,22.51517105102539,2457.98
2458080107,41.6055697,-86.3565031,249.47999572753906,24.84917449951172,22.519174575805664,2458.08
2458179900,41.6055716,-86.3565033,249.489990234375,24.850069046020508,22.520069122314453,2458.18
2458280089,41.6055736,-86.3565034,249.489990234375,24.851299285888672,22.521299362182617,2458.28
2458380143,41.6055758,-86.3565036,249.489990234375,24.852344512939453,22.5223445892334,2458.38
2458480024,41.605578,-86.35650369999999,249.489990234375,24.854202270507812,22.524202346801758,2458.48
2458579961,41.6055804,-86.3565038,249.489990234375,24.85732078552246,22.527320861816406,2458.58
2458679970,41.6055828,-86.35650389999999,249.5,24.860841751098633,22.530841827392578,2458.68
2458780005,41.6055852,-86.356504,249.5,24.862802505493164,22.53280258178711,2458.78
2458879940,41.605587799999995,-86.3565041,249.5,24.86557388305664,22.535573959350586,2458.88
2458979946,41.6055905,-86.3565041,249.5,24.868427276611328,22.538427352905273,2458.98
2459079866,41.6055932,-86.3565041,249.50999450683594,24.873193740844727,22.543193817138672,2459.08
2459179879,41.605596,-86.3565041,249.50999450683594,24.87943458557129,22.549434661865234,2459.18
2459279965,41.605598799999996,-86.35650419999999,249.51998901367188,24.884885787963867,22.554885864257812,2459.28
2459379935,41.6056017,-86.35650419999999,249.51998901367188,24.889463424682617,22.559463500976562,2459.38
2459479925,41.6056047,-86.35650419999999,249.52999877929688,24.89455795288086,22.564558029174805,2459.48
2459579908,41.6056077,-86.3565043,249.52999877929688,24.897048950195312,22.567049026489258,2459.58
2459679969,41.605610899999995,-86.3565043,249.52999877929688,24.898021697998047,22.568021774291992,2459.68
2459779898,41.6056141,-86.35650439999999,249.52999877929688,24.89737319946289,22.567373275756836,2459.78
2459880070,41.6056173,-86.3565045,249.52999877929688,24.89792251586914,22.567922592163086,2459.88
2459979981,41.605620699999996,-86.3565045,249.52999877929688,24.896577835083008,22.566577911376953,2459.98
2460079965,41.6056242,-86.3565047,249.52999877929688,24.895967483520508,22.565967559814453,2460.08
2460179949,41.6056277,-86.3565047,249.52999877929688,24.896055221557617,22.566055297851562,2460.18
2460280048,41.6056313,-86.3565047,249.5399932861328,24.902090072631836,22.57209014892578,2460.28
2460379931,41.605635,-86.3565047,249.5399932861328,24.908655166625977,22.578655242919922,2460.38
2460480007,41.6056387,-86.3565047,249.54998779296875,24.916797637939453,22.5867977142334,2460.48
2460579890,41.605642499999995,-86.3565047,249.55999755859375,24.92177391052246,22.591773986816406,2460.58
2460679920,41.6056464,-86.3565047,249.55999755859375,24.92616081237793,22.596160888671875,2460.68
2460779969,41.6056503,-86.3565047,249.55999755859375,24.92820167541504,22.598201751708984,2460.78
2460879876,41.6056544,-86.3565047,249.55999755859375,24.928354263305664,22.59835433959961,2460.88
2460979957,41.6056585,-86.3565047,249.55999755859375,24.925128936767578,22.595129013061523,2460.98
2461079903,41.605662699999996,-86.3565047,249.55999755859375,24.920148849487305,22.59014892578125,2461.08
2461179907,41.605667,-86.3565047,249.54998779296875,24.915664672851562,22.585664749145508,2461.18
2461279967,41.6056713,-86.3565047,249.54998779296875,24.9134521484375,22.583452224731445,2461.28
2461379948,41.6056757,-86.3565047,249.54998779296875,24.913414001464844,22.58341407775879,2461.38
2461479967,41.605680199999995,-86.3565047,249.54998779296875,24.91516876220703,22.585168838500977,2461.48
2461579967,41.6056847,-86.3565047,249.54998779296875,24.91475486755371,22.584754943847656,2461.58
2461680108,41.605689399999996,-86.3565047,249.54998779296875,24.91581153869629,22.585811614990234,2461.68
2461779973,41.6056941,-86.3565047,249.54998779296875,24.914812088012695,22.58481216430664,2461.78
2461879929,41.6056989,-86.3565047,249.54998779296875,24.914234161376953,22.5842342376709,2461.88
2461979921,41.6057037,-86.3565047,249.54998779296875,24.911884307861328,22.581884384155273,2461.98
2462079875,41.6057087,-86.35650489999999,249.5399932861328,24.90802764892578,22.578027725219727,2462.08
2462179991,41.6057136,-86.35650489999999,249.5399932861328,24.904590606689453,22.5745906829834,2462.18
2462279938,41.605718599999996,-86.35650489999999,249.52999877929688,24.897350311279297,22.567350387573242,2462.28
2462379962,41.6057236,-86.35650489999999,249.51998901367188,24.889087677001953,22.5590877532959,2462.38
2462479874,41.6057287,-86.35650489999999,249.51998901367188,24.885459899902344,22.55545997619629,2462.48
2462580181,41.605733799999996,-86.356505,249.51998901367188,24.881811141967773,22.55181121826172,2462.58
2462679904,41.6057389,-86.356505,249.51998901367188,24.880186080932617,22.550186157226562,2462.68
2462779911,41.605744099999995,-86.35650509999999,249.51998901367188,24.880952835083008,22.550952911376953,2462.78
2462879906,41.6057493,-86.35650509999999,249.50999450683594,24.87797737121582,22.547977447509766,2462.88
2462979912,41.605754499999996,-86.3565052,249.50999450683594,24.871957778930664,22.54195785522461,2462.98
2463079950,41.6057597,-86.3565052,249.5,24.867380142211914,22.53738021850586,2463.08
2463179941,41.605765,-86.3565053,249.5,24.860637664794922,22.530637741088867,2463.18
2463279977,41.605770299999996,-86.3565053,249.489990234375,24.852764129638672,22.522764205932617,2463.28
2463379991,41.6057756,-86.3565054,249.47999572753906,24.848434448242188,22.518434524536133,2463.38
2463479967,41.6057809,-86.3565054,249.47999572753906,24.849069595336914,22.51906967163086,2463.48
2463579954,41.6057862,-86.3565055,249.47999572753906,24.849985122680664,22.51998519897461,2463.58
2463679929,41.605791599999996,-86.35650559999999,249.489990234375,24.850126266479492,22.520126342773438,2463.68
2463779909,41.605796999999995,-86.3565057,249.489990234375,24.850746154785156,22.5207462310791,2463.78
2463879908,41.6058023,-86.3565057,249.489990234375,24.852392196655273,22.52239227294922,2463.88
2463979902,41.6058077,-86.3565058,249.489990234375,24.854942321777344,22.52494239807129,2463.98
2464079884,41.605813,-86.3565058,249.489990234375,24.858335494995117,22.528335571289062,2464.08
2464179953,41.6058184,-86.3565058,249.5,24.863067626953125,22.53306770324707,2464.18
2464279926,41.605823799999996,-86.3565058,249.5,24.86602210998535,22.536022186279297,2464.28
2464380019,41.6058291,-86.3565058,249.5,24.865812301635742,22.535812377929688,2464.38
2464479898,41.6058345,-86.3565058,249.5,24.86502456665039,22.535024642944336,2464.48
2464580013,41.6058398,-86.3565058,249.5,24.86353302001953,22.533533096313477,2464.58
2464680146,41.605845099999996,-86.3565058,249.5,24.862815856933594,22.53281593322754,2464.68
2464779954,41.605850499999995,-86.3565058,249.5,24.863445281982422,22.533445358276367,2464.78
2464879954,41.6058559,-86.3565057,249.5,24.861034393310547,22.531034469604492,2464.88
2464979926,41.6058613,-86.3565057,249.489990234375,24.85688591003418,22.526885986328125,2464.98
2465079938,41.6058667,-86.3565057,249.489990234375,24.8533935546875,22.523393630981445,2465.08
2465179906,41.6058721,-86.3565057,249.489990234375,24.853309631347656,22.5233097076416,2465.18
2465280046,41.6058775,-86.3565057,249.489990234375,24.85289764404297,22.522897720336914,2465.28
2465379918,41.6058829,-86.3565057,249.489990234375,24.8508243560791,22.520824432373047,2465.38
2465479900,41.6058883,-86.3565057,249.47999572753906,24.847721099853516,22.51772117614746,2465.48
2465579888,41.605893699999996,-86.3565057,249.47999572753906,24.843128204345703,22.51312828063965,2465.58
2465680038,41.605899,-86.3565058,249.47999572753906,24.84088134765625,22.510881423950195,2465.68
2465779947,41.6059044,-86.3565058,249.47999572753906,24.841670989990234,22.51167106628418,2465.78
2465879965,41.6059098,-86.3565058,249.47999572753906,24.844999313354492,22.514999389648438,2465.88
2465979969,41.6059152,-86.3565058,249.47999572753906,24.84792137145996,22.517921447753906,2465.98
2466079903,41.6059206,-86.3565058,249.489990234375,24.850404739379883,22.520404815673828,2466.08
2466180060,41.605926,-86.3565058,249.489990234375,24.85410499572754,22.524105072021484,2466.18
2466279983,41.6059315,-86.3565059,249.5,24.8603572845459,22.530357360839844,2466.28
2466379960,41.605936899999996,-86.356506,249.5,24.864818572998047,22.534818649291992,2466.38
2466479913,41.605942399999996,-86.35650609999999,249.5,24.867616653442383,22.537616729736328,2466.48
2466579921,41.6059479,-86.3565062,249.5,24.86974334716797,22.539743423461914,2466.58
2466679930,41.605953299999996,-86.35650629999999,249.50999450683594,24.873018264770508,22.543018341064453,2466.68
2466780011,41.605958799999996,-86.35650629999999,249.50999450683594,24.879579544067383,22.549579620361328,2466.78
2466879931,41.605964199999995,-86.3565064,249.51998901367188,24.889062881469727,22.559062957763672,2466.88
2466979880,41.6059696,-86.3565064,249.52999877929688,24.89655303955078,22.566553115844727,2466.98
2467079996,41.605975,-86.3565065,249.5399932861328,24.901844024658203,22.57184410095215,2467.08
2467179568,41.6059805,-86.3565066,249.5399932861328,24.902122497558594,22.57212257385254,2467.18
2467280437,41.6059859,-86.3565066,249.52999877929688,24.89889907836914,22.568899154663086,2467.28
2467379957,41.6059913,-86.3565067,249.52999877929688,24.896093368530273,22.56609344482422,2467.38
2467480487,41.6059967,-86.35650679999999,249.52999877929688,24.890838623046875,22.56083869934082,2467.48
2467579849,41.6060021,-86.35650679999999,249.51998901367188,24.886024475097656,22.5560245513916,2467.58
2467680445,41.6060075,-86.3565069,249.51998901367188,24.883522033691406,22.55352210998535,2467.68
2467779932,41.606012799999995,-86.3565069,249.51998901367188,24.88631820678711,22.556318283081055,2467.78
2467880478,41.6060182,-86.3565069,249.52999877929688,24.892393112182617,22.562393188476562,2467.88
2467979959,41.6060235,-86.356507,249.52999877929688,24.8967342376709,22.566734313964844,2467.98
2468080461,41.6060289,-86.356507,249.52999877929688,24.897869110107422,22.567869186401367,2468.08
2468179833,41.606034199999996,-86.3565071,249.52999877929688,24.89594268798828,22.565942764282227,2468.18
2468280417,41.606039599999995,-86.3565071,249.52999877929688,24.897724151611328,22.567724227905273,2468.28
2468379975,41.606044999999995,-86.3565072,249.5399932861328,24.904708862304688,22.574708938598633,2468.38
2468480416,41.6060504,-86.3565072,249.54998779296875,24.915010452270508,22.585010528564453,2468.48
2468579850,41.6060557,-86.3565072,249.55999755859375,24.924877166748047,22.594877243041992,2468.58
2468680412,41.6060611,-86.35650729999999,249.55999755859375,24.927724838256836,22.59772491455078,2468.68
2468779823,41.6060665,-86.35650729999999,249.55999755859375,24.92557716369629,22.595577239990234,2468.78
2468880650,41.606071899999996,-86.35650729999999,249.55999755859375,24.921817779541016,22.59181785583496,2468.881
2468979903,41.606077299999995,-86.35650729999999,249.54998779296875,24.917110443115234,22.58711051940918,2468.98
2469080406,41.606082699999995,-86.35650729999999,249.54998779296875,24.91594696044922,22.585947036743164,2469.08
2469179849,41.6060881,-86.35650729999999,249.54998779296875,24.919618606567383,22.589618682861328,2469.18
2469280467,41.6060935,-86.3565074,249.55999755859375,24.92357635498047,22.593576431274414,2469.28
2469379921,41.6060989,-86.3565074,249.55999755859375,24.925264358520508,22.595264434814453,2469.38
2469480497,41.6061043,-86.35650749999999,249.55999755859375,24.924272537231445,22.59427261352539,2469.48
2469580054,41.6061098,-86.3565076,249.55999755859375,24.92078971862793,22.590789794921875,2469.58
2469680456,41.6061152,-86.3565077,249.54998779296875,24.916990280151367,22.586990356445312,2469.68
2469779888,41.6061206,-86.3565078,249.54998779296875,24.918180465698242,22.588180541992188,2469.78
2469880451,41.606125899999995,-86.3565079,249.55999755859375,24.923799514770508,22.593799591064453,2469.88
2469979865,41.6061313,-86.3565079,249.5699920654297,24.93404197692871,22.604042053222656,2469.98
2470080424,41.6061366,-86.35650799999999,249.5800018310547,24.943523406982422,22.613523483276367,2470.08
2470179784,41.606141799999996,-86.3565081,249.5800018310547,24.94816017150879,22.618160247802734,2470.18
2470280397,41.606147,-86.3565082,249.5800018310547,24.949247360229492,22.619247436523438,2470.28
2470379892,41.6061522,-86.3565083,249.5800018310547,24.946880340576172,22.616880416870117,2470.38
2470480451,41.6061573,-86.3565084,249.5800018310547,24.940404891967773,22.61040496826172,2470.48
2470579822,41.606162399999995,-86.35650849999999,249.5699920654297,24.93303871154785,22.603038787841797,2470.58
2470680556,41.6061675,-86.3565086,249.55999755859375,24.92599868774414,22.595998764038086,2470.681
2470779946,41.6061725,-86.3565086,249.54998779296875,24.91795539855957,22.587955474853516,2470.78
2470880485,41.6061775,-86.3565086,249.54998779296875,24.910858154296875,22.58085823059082,2470.88
2470979973,41.6061826,-86.3565086,249.5399932861328,24.903886795043945,22.57388687133789,2470.98
2471080428,41.6061876,-86.35650869999999,249.5399932861328,24.901182174682617,22.571182250976562,2471.08
2471179854,41.6061925,-86.35650869999999,249.5399932861328,24.901901245117188,22.571901321411133,2471.18
2471280521,41.6061975,-86.3565088,249.5399932861328,24.904367446899414,22.57436752319336,2471.281
2471379923,41.6062024,-86.3565088,249.54998779296875,24.910388946533203,22.58038902282715,2471.38
2471480451,41.6062073,-86.3565089,249.54998779296875,24.916505813598633,22.586505889892578,2471.48
2471579887,41.6062122,-86.3565089,249.54998779296875,24.919288635253906,22.58928871154785,2471.58
2471680410,41.606217099999995,-86.356509,249.55999755859375,24.92049789428711,22.590497970581055,2471.68
2471779857,41.6062219,-86.356509,249.55999755859375,24.921470642089844,22.59147071838379,2471.78
2471880453,41.6062266,-86.356509,249.55999755859375,24.92374038696289,22.593740463256836,2471.88
2471979898,41.6062313,-86.3565091,249.55999755859375,24.929582595825195,22.59958267211914,2471.98
2472080397,41.606235999999996,-86.35650919999999,249.5699920654297,24.937089920043945,22.60708999633789,2472.08
2472179838,41.6062407,-86.35650919999999,249.5800018310547,24.943599700927734,22.61359977722168,2472.18
2472280459,41.6062453,-86.3565093,249.5800018310547,24.944812774658203,22.61481285095215,2472.28
2472379910,41.606249899999995,-86.3565094,249.5800018310547,24.941911697387695,22.61191177368164,2472.38
2472480532,41.6062544,-86.3565095,249.5699920654297,24.935827255249023,22.60582733154297,2472.481
2472579923,41.6062589,-86.3565096,249.55999755859375,24.929101943969727,22.599102020263672,2472.58
2472680425,41.606263299999995,-86.35650969999999,249.55999755859375,24.92401123046875,22.594011306762695,2472.68
2472779893,41.6062677,-86.35650989999999,249.55999755859375,24.921428680419922,22.591428756713867,2472.78
2472880483,41.6062721,-86.35651,249.55999755859375,24.92194938659668,22.591949462890625,2472.88
2472979853,41.6062764,-86.3565102,249.55999755859375,24.921289443969727,22.591289520263672,2472.98
2473080506,41.6062806,-86.3565103,249.54998779296875,24.919157028198242,22.589157104492188,2473.081
2473179883,41.6062848,-86.35651039999999,249.54998779296875,24.917888641357422,22.587888717651367,2473.18
2473280446,41.606289,-86.3565105,249.54998779296875,24.91891860961914,22.588918685913086,2473.28
2473379915,41.606293099999995,-86.3565106,249.55999755859375,24.921390533447266,22.59139060974121,2473.38
2473480399,41.6062972,-86.3565107,249.55999755859375,24.92444610595703,22.594446182250977,2473.48
2473579874,41.6063012,-86.3565107,249.55999755859375,24.927200317382812,22.597200393676758,2473.58
2473680400,41.6063051,-86.3565108,249.5699920654297,24.93056297302246,22.600563049316406,2473.68
2473779838,41.606308999999996,-86.3565108,249.5699920654297,24.932933807373047,22.602933883666992,2473.78
2473880461,41.6063129,-86.35651089999999,249.5699920654297,24.933685302734375,22.60368537902832,2473.88
2473979896,41.6063167,-86.35651089999999,249.5699920654297,24.933671951293945,22.60367202758789,2473.98
2474080514,41.606320499999995,-86.356511,249.5699920654297,24.936887741088867,22.606887817382812,2474.081
2474179852,41.606324199999996,-86.356511,249.5699920654297,24.939481735229492,22.609481811523438,2474.18
2474280533,41.606327799999995,-86.35651109999999,249.5800018310547,24.940296173095703,22.61029624938965,2474.281
2474379892,41.606331399999995,-86.35651109999999,249.5800018310547,24.94052505493164,22.610525131225586,2474.38
2474480437,41.606335,-86.35651109999999,249.5800018310547,24.94196319580078,22.611963272094727,2474.48
2474579848,41.6063385,-86.3565112,249.5800018310547,24.942384719848633,22.612384796142578,2474.58
2474680401,41.606342,-86.3565112,249.5800018310547,24.94416046142578,22.614160537719727,2474.68
2474779965,41.606345499999996,-86.3565113,249.5800018310547,24.94802474975586,22.618024826049805,2474.78
2474880449,41.606349,-86.3565113,249.58999633789062,24.951519012451172,22.621519088745117,2474.88
2474979860,41.6063524,-86.3565114,249.58999633789062,24.955224990844727,22.625225067138672,2474.98
2475080403,41.606355799999996,-86.3565114,249.58999633789062,24.9576473236084,22.627647399902344,2475.08
2475180022,41.6063592,-86.3565115,249.58999633789062,24.95915985107422,22.629159927368164,2475.18
2475280484,41.6063626,-86.3565115,249.59999084472656,24.960132598876953,22.6301326751709,2475.28
2475379848,41.606366,-86.3565115,249.58999633789062,24.956510543823242,22.626510620117188,2475.38
2475480406,41.6063693,-86.35651159999999,249.58999633789062,24.954750061035156,22.6247501373291,2475.48
2475579868,41.6063727,-86.3565117,249.58999633789062,24.95616340637207,22.626163482666016,2475.58
2475680423,41.6063761,-86.3565117,249.58999633789062,24.957313537597656,22.6273136138916,2475.68
2475779946,41.6063794,-86.35651179999999,249.58999633789062,24.959524154663086,22.62952423095703,2475.78
2475880566,41.6063828,-86.35651179999999,249.58999633789062,24.959762573242188,22.629762649536133,2475.881
2475979881,41.606386099999995,-86.3565119,249.58999633789062,24.957902908325195,22.62790298461914,2475.98
2476080453,41.6063895,-86.3565119,249.58999633789062,24.952651977539062,22.622652053833008,2476.08
2476179874,41.606392899999996,-86.356512,249.5800018310547,24.945850372314453,22.6158504486084,2476.18
2476280562,41.6063963,-86.356512,249.5699920654297,24.93939208984375,22.609392166137695,2476.281
2476379908,41.6063997,-86.356512,249.5699920654297,24.9318904876709,22.601890563964844,2476.38
2476480370,41.606403,-86.35651209999999,249.55999755859375,24.928464889526367,22.598464965820312,2476.48
2476579838,41.6064064,-86.35651209999999,249.55999755859375,24.927366256713867,22.597366333007812,2476.58
2476680461,41.6064098,-86.35651209999999,249.55999755859375,24.929550170898438,22.599550247192383,2476.68
2476779909,41.6064132,-86.3565122,249.5699920654297,24.932825088500977,22.602825164794922,2476.78
2476880721,41.606416499999995,-86.3565122,249.5699920654297,24.939029693603516,22.60902976989746,2476.881
2476979904,41.6064199,-86.35651229999999,249.5800018310547,24.944448471069336,22.61444854736328,2476.98
2477080424,41.606423199999995,-86.3565124,249.5800018310547,24.94644546508789,22.616445541381836,2477.08
2477179895,41.6064265,-86.3565125,249.5800018310547,24.946504592895508,22.616504669189453,2477.18
2477280804,41.6064298,-86.3565126,249.5800018310547,24.94403648376465,22.614036560058594,2477.281
2477379890,41.6064332,-86.35651279999999,249.5800018310547,24.941707611083984,22.61170768737793,2477.38
2477480610,41.6064365,-86.3565129,249.5699920654297,24.93770980834961,22.607709884643555,2477.481
2477579844,41.6064398,-86.35651299999999,249.5699920654297,24.932865142822266,22.60286521911621,2477.58
2477680483,41.606443,-86.3565131,249.55999755859375,24.926355361938477,22.596355438232422,2477.68
2477779841,41.606446299999995,-86.3565132,249.54998779296875,24.919885635375977,22.589885711669922,2477.78
2477880502,41.6064496,-86.3565133,249.54998779296875,24.91754722595215,22.587547302246094,2477.881
2477979860,41.6064529,-86.3565134,249.54998779296875,24.91594696044922,22.585947036743164,2477.98
2478080398,41.606456099999996,-86.35651349999999,249.54998779296875,24.917701721191406,22.58770179748535,2478.08
2478179841,41.6064594,-86.3565136,249.55999755859375,24.92161750793457,22.591617584228516,2478.18
2478280467,41.6064627,-86.3565136,249.55999755859375,24.926136016845703,22.59613609313965,2478.28
2478379859,41.606465899999996,-86.3565137,249.5699920654297,24.930376052856445,22.60037612915039,2478.38
2478480399,41.6064692,-86.3565138,249.5699920654297,24.936893463134766,22.60689353942871,2478.48
2478579877,41.606472499999995,-86.3565138,249.5800018310547,24.943422317504883,22.613422393798828,2478.58
2478680471,41.6064757,-86.3565139,249.58999633789062,24.950363159179688,22.620363235473633,2478.68
2478779938,41.6064789,-86.35651399999999,249.58999633789062,24.953433990478516,22.62343406677246,2478.78
2478880528,41.6064821,-86.35651399999999,249.58999633789062,24.953231811523438,22.623231887817383,2478.881
2478979893,41.6064852,-86.3565141,249.58999633789062,24.952808380126953,22.6228084564209,2478.98
2479080479,41.606488299999995,-86.35651419999999,249.58999633789062,24.950868606567383,22.620868682861328,2479.08
2479179830,41.606491399999996,-86.35651419999999,249.5800018310547,24.949058532714844,22.61905860900879,2479.18
2479280446,41.606494399999995,-86.35651419999999,249.5800018310547,24.94760513305664,22.617605209350586,2479.28
2479379963,41.606497399999995,-86.35651419999999,249.5800018310547,24.946178436279297,22.616178512573242,2479.38
2479480445,41.6065003,-86.35651419999999,249.5800018310547,24.94447135925293,22.614471435546875,2479.48
2479579853,41.6065032,-86.35651419999999,249.5800018310547,24.940523147583008,22.610523223876953,2479.58
2479680488,41.606505999999996,-86.35651419999999,249.5699920654297,24.936601638793945,22.60660171508789,2479.68
2479779812,41.6065088,-86.3565143,249.5699920654297,24.93362808227539,22.603628158569336,2479.78
2479880486,41.606511499999996,-86.3565143,249.55999755859375,24.929672241210938,22.599672317504883,2479.88
2479979850,41.6065141,-86.3565144,249.55999755859375,24.92703628540039,22.597036361694336,2479.98
2480080426,41.6065166,-86.3565145,249.55999755859375,24.925783157348633,22.595783233642578,2480.08
2480179868,41.606519,-86.3565145,249.55999755859375,24.925182342529297,22.595182418823242,2480.18
2480280494,41.6065213,-86.3565146,249.55999755859375,24.924943923950195,22.59494400024414,2480.28
2480379960,41.606523599999996,-86.35651469999999,249.55999755859375,24.92448616027832,22.594486236572266,2480.38
2480480439,41.6065257,-86.35651469999999,249.55999755859375,24.921390533447266,22.59139060974121,2480.48
2480579933,41.6065277,-86.3565148,249.54998779296875,24.9173583984375,22.587358474731445,2480.58
2480680425,41.606529699999996,-86.3565149,249.54998779296875,24.911821365356445,22.58182144165039,2480.68
2480779825,41.606531499999996,-86.356515,249.5399932861328,24.90666961669922,22.576669692993164,2480.78
2480880435,41.6065331,-86.356515,249.5399932861328,24.901050567626953,22.5710506439209,2480.88
2480979824,41.6065347,-86.3565151,249.52999877929688,24.896595001220703,22.56659507751465,2480.98
2481080422,41.6065362,-86.3565151,249.52999877929688,24.8951358795166,22.565135955810547,2481.08
2481179819,41.606537499999995,-86.35651519999999,249.52999877929688,24.89532470703125,22.565324783325195,2481.18
2481280462,41.6065387,-86.35651519999999,249.52999877929688,24.892871856689453,22.5628719329834,2481.28
2481379883,41.6065397,-86.3565153,249.51998901367188,24.88795280456543,22.557952880859375,2481.38
2481480627,41.6065407,-86.3565153,249.51998901367188,24.881711959838867,22.551712036132812,2481.481
2481579878,41.6065415,-86.3565153,249.50999450683594,24.875476837158203,22.54547691345215,2481.58
2481680479,41.6065421,-86.3565153,249.5,24.868938446044922,22.538938522338867,2481.68
2481779795,41.6065427,-86.3565153,249.5,24.862407684326172,22.532407760620117,2481.78
2481880506,41.6065432,-86.3565153,249.489990234375,24.85663414001465,22.526634216308594,2481.881
2481979938,41.6065435,-86.3565153,249.489990234375,24.851177215576172,22.521177291870117,2481.98
2482080480,41.6065438,-86.3565153,249.47999572753906,24.844886779785156,22.5148868560791,2482.08
2482179887,41.606544,-86.3565153,249.47000122070312,24.838579177856445,22.50857925415039,2482.18
2482280446,41.6065441,-86.3565153,249.47000122070312,24.831178665161133,22.501178741455078,2482.28
2482379998,41.606544199999995,-86.3565153,249.45999145507812,24.82295799255371,22.492958068847656,2482.38
2482480397,41.606544299999996,-86.35651539999999,249.4499969482422,24.816869735717773,22.48686981201172,2482.48
2482579858,41.606544299999996,-86.35651539999999,249.4499969482422,24.810314178466797,22.480314254760742,2482.58
2482680410,41.606544299999996,-86.35651539999999,249.4399871826172,24.80530548095703,22.475305557250977,2482.68
2482779960,41.606544299999996,-86.35651539999999,249.4399871826172,24.80193519592285,22.471935272216797,2482.78
2482880444,41.606544199999995,-86.3565155,249.42999267578125,24.79900550842285,22.469005584716797,2482.88
2482979902,41.606544199999995,-86.3565155,249.42999267578125,24.794931411743164,22.46493148803711,2482.98
2483080425,41.606544199999995,-86.3565155,249.4199981689453,24.788936614990234,22.45893669128418,2483.08
2483179837,41.606544199999995,-86.3565156,249.4199981689453,24.78089714050293,22.450897216796875,2483.18
2483280540,41.606544199999995,-86.3565156,249.4099884033203,24.770435333251953,22.4404354095459,2483.281
2483379911,41.6065441,-86.3565156,249.38999938964844,24.75636863708496,22.426368713378906,2483.38
2483480418,41.606544199999995,-86.3565156,249.3699951171875,24.735965728759766,22.40596580505371,2483.48
2483580004,41.606544199999995,-86.3565156,249.33999633789062,24.707056045532227,22.377056121826172,2483.58
2483680427,41.606544299999996,-86.3565156,249.30999755859375,24.67654800415039,22.346548080444336,2483.68
2483780056,41.6065444,-86.3565156,249.27999877929688,24.64649200439453,22.316492080688477,2483.78
2483880466,41.6065445,-86.3565156,249.25,24.61735725402832,22.287357330322266,2483.88
2483979985,41.6065445,-86.3565156,249.22000122070312,24.58791160583496,22.257911682128906,2483.98
2484080396,41.6065446,-86.3565156,249.1899871826172,24.559017181396484,22.22901725769043,2484.08
2484180011,41.6065447,-86.3565156,249.1699981689453,24.53299903869629,22.202999114990234,2484.18
2484280385,41.606544899999996,-86.3565155,249.13999938964844,24.508670806884766,22.17867088317871,2484.28
2484379876,41.606545,-86.35651539999999,249.1199951171875,24.484027862548828,22.154027938842773,2484.38
2484480380,41.6065451,-86.3565153,249.08999633789062,24.459716796875,22.129716873168945,2484.48
2484579921,41.6065453,-86.3565151,249.0699920654297,24.434968948364258,22.104969024658203,2484.58
2484680368,41.606545399999995,-86.3565149,249.04998779296875,24.411169052124023,22.08116912841797,2484.68
2484779768,41.606545499999996,-86.35651469999999,249.01998901367188,24.38697624206543,22.056976318359375,2484.78
2484880510,41.6065456,-86.3565144,249.0,24.360944747924805,22.03094482421875,2484.881
2484979911,41.6065456,-86.3565141,248.97000122070312,24.335039138793945,22.00503921508789,2484.98
2485080524,41.6065457,-86.3565136,248.9399871826172,24.3077449798584,21.977745056152344,2485.081
2485179844,41.6065458,-86.3565131,248.9099884033203,24.277318954467773,21.94731903076172,2485.18
2485280452,41.6065459,-86.3565125,248.88999938964844,24.250165939331055,21.920166015625,2485.28
2485379903,41.606546,-86.35651179999999,248.86000061035156,24.22313690185547,21.893136978149414,2485.38
2485480438,41.606546099999996,-86.356511,248.8300018310547,24.194196701049805,21.86419677734375,2485.48
2485579821,41.606546099999996,-86.3565101,248.79998779296875,24.164928436279297,21.834928512573242,2485.58
2485680549,41.6065462,-86.3565091,248.76998901367188,24.135902404785156,21.8059024810791,2485.681
2485779856,41.6065463,-86.3565079,248.739990234375,24.10833740234375,21.778337478637695,2485.78
2485880455,41.6065463,-86.3565066,248.70999145507812,24.079120635986328,21.749120712280273,2485.88
2485979896,41.6065464,-86.35650509999999,248.67999267578125,24.04803466796875,21.718034744262695,2485.98
2486080452,41.6065464,-86.3565034,248.64999389648438,24.017446517944336,21.68744659423828,2486.08
2486179853,41.6065465,-86.3565016,248.6199951171875,23.987831115722656,21.6578311920166,2486.18
2486280407,41.6065465,-86.35649959999999,248.58999633789062,23.95926284790039,21.629262924194336,2486.28
2486379881,41.6065466,-86.3564974,248.5699920654297,23.930118560791016,21.60011863708496,2486.38
2486480476,41.606546699999996,-86.356495,248.5399932861328,23.90082359313965,21.570823669433594,2486.48
2486579903,41.606546699999996,-86.3564925,248.5,23.869895935058594,21.53989601135254,2486.58
2486680513,41.6065468,-86.3564899,248.47999572753906,23.84227752685547,21.512277603149414,2486.681
2486779870,41.6065469,-86.35648719999999,248.4499969482422,23.81622314453125,21.486223220825195,2486.78
2486880515,41.606547,-86.3564844,248.42999267578125,23.791961669921875,21.46196174621582,2486.881
2486979854,41.6065471,-86.35648139999999,248.39999389648438,23.767902374267578,21.437902450561523,2486.98
2487080422,41.606547299999995,-86.3564784,248.37998962402344,23.74320411682129,21.413204193115234,2487.08
2487179846,41.6065474,-86.3564753,248.34999084472656,23.71603012084961,21.386030197143555,2487.18
2487280448,41.6065476,-86.3564722,248.3199920654297,23.689189910888672,21.359189987182617,2487.28
2487379869,41.6065477,-86.3564689,248.29998779296875,23.662551879882812,21.332551956176758,2487.38
2487480408,41.606547899999995,-86.35646559999999,248.26998901367188,23.636070251464844,21.30607032775879,2487.48
2487579857,41.6065481,-86.3564622,248.25,23.610456466674805,21.28045654296875,2487.58
2487680396,41.6065483,-86.35645869999999,248.22000122070312,23.58405876159668,21.254058837890625,2487.68
2487780046,41.606548499999995,-86.3564552,248.1899871826172,23.555505752563477,21.225505828857422,2487.78
2487880478,41.6065487,-86.3564516,248.1599884033203,23.525493621826172,21.195493698120117,2487.88
2487979860,41.6065488,-86.35644789999999,248.12998962402344,23.493871688842773,21.16387176513672,2487.98
2488080466,41.606549,-86.3564442,248.09999084472656,23.46112823486328,21.131128311157227,2488.08
2488179886,41.606549099999995,-86.3564403,248.05999755859375,23.429283142089844,21.09928321838379,2488.18
2488280518,41.6065493,-86.3564363,248.0399932861328,23.40104866027832,21.071048736572266,2488.281
2488379898,41.6065493,-86.3564323,248.00999450683594,23.37578010559082,21.045780181884766,2488.38
2488480462,41.6065494,-86.3564282,247.989990234375,23.35299301147461,21.022993087768555,2488.48
2488579873,41.6065496,-86.3564241,247.97000122070312,23.33098602294922,21.000986099243164,2488.58
2488680535,41.606549699999995,-86.35642,247.9399871826172,23.307313919067383,20.977313995361328,2488.681
2488779843,41.606549799999996,-86.3564157,247.9199981689453,23.282320022583008,20.952320098876953,2488.78
2488880549,41.6065499,-86.35641129999999,247.88999938964844,23.257591247558594,20.92759132385254,2488.881
2488979942,41.60655,-86.3564068,247.8699951171875,23.23225212097168,20.902252197265625,2488.98
2489080440,41.6065501,-86.3564023,247.83999633789062,23.207244873046875,20.87724494934082,2489.08
2489179855,41.6065502,-86.3563977,247.80999755859375,23.178630828857422,20.848630905151367,2489.18
2489280476,41.606550299999995,-86.356393,247.77999877929688,23.14679527282715,20.816795349121094,2489.28
2489379928,41.606550399999996,-86.35638829999999,247.75,23.113237380981445,20.78323745727539,2489.38
2489480477,41.6065505,-86.3563836,247.70999145507812,23.079862594604492,20.749862670898438,2489.48
2489580199,41.6065506,-86.3563788,247.67999267578125,23.04936408996582,20.719364166259766,2489.58
2489680465,41.6065507,-86.3563739,247.6599884033203,23.021825790405273,20.69182586669922,2489.68
2489779870,41.6065508,-86.356369,247.62998962402344,22.99439239501953,20.664392471313477,2489.78
2489880620,41.606550899999995,-86.3563641,247.59999084472656,22.963125228881836,20.63312530517578,2489.881
2489979897,41.606550999999996,-86.35635909999999,247.5699920654297,22.93111228942871,20.601112365722656,2489.98
2490080429,41.6065511,-86.356354,247.52999877929688,22.899168014526367,20.569168090820312,2490.08
2490179816,41.6065513,-86.356349,247.5,22.867347717285156,20.5373477935791,2490.18
2490280460,41.6065514,-86.3563439,247.47000122070312,22.83629608154297,20.506296157836914,2490.28
2490379890,41.606551599999996,-86.3563389,247.4399871826172,22.805198669433594,20.47519874572754,2490.38
2490480564,41.6065517,-86.3563338,247.4099884033203,22.773229598999023,20.44322967529297,2490.481
2490580013,41.6065518,-86.3563286,247.37998962402344,22.74083137512207,20.410831451416016,2490.58
2490680434,41.606552,-86.3563235,247.33999633789062,22.70798683166504,20.377986907958984,2490.68
2490779827,41.606552099999995,-86.3563183,247.30999755859375,22.67333221435547,20.343332290649414,2490.78
2490880439,41.606552199999996,-86.356313,247.26998901367188,22.636911392211914,20.30691146850586,2490.88
2490979859,41.6065524,-86.3563077,247.22999572753906,22.598798751831055,20.268798828125,2490.98
2491080456,41.6065525,-86.35630239999999,247.1999969482422,22.563364028930664,20.23336410522461,2491.08
2491179897,41.6065526,-86.356297,247.1599884033203,22.527036666870117,20.197036743164062,2491.18
2491280421,41.606552699999995,-86.3562917,247.1199951171875,22.4887752532959,20.158775329589844,2491.28
2491379957,41.606552799999996,-86.3562863,247.08999633789062,22.45017433166504,20.120174407958984,2491.38
2491480431,41.6065529,-86.356281,247.0399932861328,22.408910751342773,20.07891082763672,2491.48
2491579969,41.606553,-86.3562757,247.0,22.366119384765625,20.03611946105957,2491.58
2491680392,41.6065532,-86.3562704,246.95999145507812,22.324481964111328,19.994482040405273,2491.68
2491779825,41.6065533,-86.3562652,246.9199981689453,22.28082275390625,19.950822830200195,2491.78
2491880443,41.606553399999996,-86.3562599,246.8699951171875,22.2365779876709,19.906578063964844,2491.88
2491979972,41.6065535,-86.3562547,246.8300018310547,22.195384979248047,19.865385055541992,2491.98
2492080397,41.6065537,-86.3562496,246.77999877929688,22.14975357055664,19.819753646850586,2492.08
2492179860,41.6065539,-86.3562445,246.72999572753906,22.09813690185547,19.768136978149414,2492.18
2492280487,41.6065541,-86.3562396,246.67999267578125,22.044219970703125,19.71422004699707,2492.28
2492379858,41.6065543,-86.3562347,246.6199951171875,21.986040115356445,19.65604019165039,2492.38
2492480395,41.6065545,-86.3562299,246.55999755859375,21.92608642578125,19.596086502075195,2492.48
2492579880,41.6065548,-86.3562251,246.5,21.86348533630371,19.533485412597656,2492.58
2492680470,41.6065551,-86.35622029999999,246.4399871826172,21.80095863342285,19.470958709716797,2492.68
2492779899,41.6065553,-86.3562156,246.3699951171875,21.738414764404297,19.408414840698242,2492.78
2492880523,41.6065556,-86.3562108,246.30999755859375,21.672544479370117,19.342544555664062,2492.881
2492979929,41.6065559,-86.3562062,246.239990234375,21.60504722595215,19.275047302246094,2492.98
2493080430,41.6065561,-86.3562015,246.1699981689453,21.531888961791992,19.201889038085938,2493.08
2493179932,41.606556399999995,-86.3561967,246.08999633789062,21.456724166870117,19.126724243164062,2493.18
2493280473,41.6065566,-86.3561921,246.01998901367188,21.38190460205078,19.051904678344727,2493.28
2493379853,41.6065569,-86.3561874,245.9399871826172,21.307510375976562,18.977510452270508,2493.38
2493480437,41.606557099999996,-86.3561828,245.8699951171875,21.238481521606445,18.90848159790039,2493.48
2493580030,41.6065573,-86.3561783,245.79998779296875,21.167226791381836,18.83722686767578,2493.58
2493680448,41.6065575,-86.3561738,245.72999572753906,21.092588424682617,18.762588500976562,2493.68
2493779862,41.6065578,-86.35616929999999,245.64999389648438,21.01738929748535,18.687389373779297,2493.78
2493880463,41.606558,-86.3561649,245.5699920654297,20.939481735229492,18.609481811523438,2493.88
2493979903,41.606558199999995,-86.3561605,245.489990234375,20.857162475585938,18.527162551879883,2493.98
2494080631,41.6065585,-86.3561563,245.4099884033203,20.772506713867188,18.442506790161133,2494.081
2494179840,41.6065587,-86.3561522,245.3199920654297,20.686397552490234,18.35639762878418,2494.18
2494280482,41.606558899999996,-86.35614819999999,245.239990234375,20.604415893554688,18.274415969848633,2494.28
2494379956,41.606559,-86.35614439999999,245.1599884033203,20.52511215209961,18.195112228393555,2494.38
2494480572,41.6065592,-86.35614079999999,245.0800018310547,20.44905662536621,18.119056701660156,2494.481
2494579866,41.606559399999995,-86.3561373,245.01998901367188,20.38016128540039,18.050161361694336,2494.58
2494680602,41.6065596,-86.35613389999999,244.9499969482422,20.317049026489258,17.987049102783203,2494.681
2494779888,41.6065598,-86.3561307,244.88999938964844,20.259910583496094,17.92991065979004,2494.78
2494880558,41.606559999999995,-86.3561275,244.83999633789062,20.204708099365234,17.87470817565918,2494.881
2494979895,41.6065602,-86.35612449999999,244.7899932861328,20.153087615966797,17.823087692260742,2494.98
2495080402,41.6065605,-86.3561216,244.739990234375,20.109731674194336,17.77973175048828,2495.08
2495179861,41.6065608,-86.3561189,244.70999145507812,20.070356369018555,17.7403564453125,2495.18
2495280464,41.6065611,-86.35611639999999,244.6699981689453,20.032310485839844,17.70231056213379,2495.28
2495379859,41.6065614,-86.3561142,244.62998962402344,19.998430252075195,17.66843032836914,2495.38
2495480373,41.6065617,-86.3561122,244.59999084472656,19.96895408630371,17.638954162597656,2495.48
2495579924,41.606561899999996,-86.3561103,244.5800018310547,19.943727493286133,17.613727569580078,2495.58
2495680455,41.6065622,-86.3561087,244.55999755859375,19.922773361206055,17.5927734375,2495.68
2495779860,41.606562499999995,-86.3561072,244.54998779296875,19.910308837890625,17.58030891418457,2495.78
2495880523,41.6065627,-86.3561059,244.5399932861328,19.907041549682617,17.577041625976562,2495.881
2495979832,41.6065628,-86.35610489999999,244.54998779296875,19.910070419311523,17.58007049560547,2495.98
2496080451,41.6065629,-86.356104,244.54998779296875,19.91461944580078,17.584619522094727,2496.08
2496180044,41.606563,-86.35610319999999,244.55999755859375,19.920804977416992,17.590805053710938,2496.18
2496280437,41.606563099999995,-86.3561026,244.55999755859375,19.929855346679688,17.599855422973633,2496.28
2496379877,41.6065632,-86.3561021,244.5699920654297,19.93947410583496,17.609474182128906,2496.38
2496480436,41.6065632,-86.3561017,244.5800018310547,19.948284149169922,17.618284225463867,2496.48
2496579889,41.6065633,-86.35610129999999,244.58999633789062,19.9553165435791,17.625316619873047,2496.58
2496680421,41.6065633,-86.356101,244.59999084472656,19.961292266845703,17.63129234313965,2496.68
2496779872,41.6065633,-86.3561008,244.59999084472656,19.964052200317383,17.634052276611328,2496.78
2496880450,41.6065633,-86.35610059999999,244.59999084472656,19.966394424438477,17.636394500732422,2496.88
2496979890,41.6065633,-86.3561004,244.59999084472656,19.968425750732422,17.638425827026367,2496.98
2497080391,41.6065633,-86.35610009999999,244.59999084472656,19.969154357910156,17.6391544342041,2497.08
2497179857,41.6065633,-86.35610009999999,244.59999084472656,19.96851921081543,17.638519287109375,2497.18
2497280410,41.6065633,-86.35610009999999,244.59999084472656,19.966970443725586,17.63697052001953,2497.28
2497379890,41.6065633,-86.3561,244.59999084472656,19.964820861816406,17.63482093811035,2497.38
2497480496,41.6065633,-86.35609989999999,244.59999084472656,19.965892791748047,17.635892868041992,2497.48
2497579860,41.6065633,-86.35609989999999,244.59999084472656,19.966249465942383,17.636249542236328,2497.58
2497680521,41.6065633,-86.3560998,244.59999084472656,19.96253776550293,17.632537841796875,2497.681
2497779887,41.6065633,-86.3560998,244.58999633789062,19.95778465270996,17.627784729003906,2497.78
2497880452,41.6065633,-86.35609989999999,244.58999633789062,19.952436447143555,17.6224365234375,2497.88
2497979847,41.6065633,-86.35609989999999,244.5800018310547,19.949445724487305,17.61944580078125,2497.98
2498080410,41.6065634,-86.3560998,244.5800018310547,19.946136474609375,17.61613655090332,2498.08
2498179839,41.6065634,-86.35609989999999,244.5800018310547,19.941551208496094,17.61155128479004,2498.18
2498280607,41.6065634,-86.3561,244.5699920654297,19.93682861328125,17.606828689575195,2498.281
2498379914,41.6065634,-86.35610009999999,244.5699920654297,19.931543350219727,17.601543426513672,2498.38
2498480458,41.6065635,-86.3561002,244.55999755859375,19.927335739135742,17.597335815429688,2498.48
2498579912,41.6065635,-86.3561003,244.55999755859375,19.926372528076172,17.596372604370117,2498.58
2498680520,41.6065635,-86.3561005,244.55999755859375,19.929439544677734,17.59943962097168,2498.681
2498779836,41.6065636,-86.35610059999999,244.5699920654297,19.9334774017334,17.603477478027344,2498.78
2498880476,41.606563699999995,-86.3561007,244.5699920654297,19.934959411621094,17.60495948791504,2498.88
2498979933,41.606563699999995,-86.3561008,244.5699920654297,19.9354190826416,17.605419158935547,2498.98
2499080500,41.606563799999996,-86.3561009,244.5699920654297,19.939226150512695,17.60922622680664,2499.081
2499180054,41.6065639,-86.35610109999999,244.5800018310547,19.942359924316406,17.61236000061035,2499.18
2499280466,41.6065639,-86.3561012,244.5800018310547,19.94568634033203,17.615686416625977,2499.28
2499380025,41.606564,-86.3561014,244.5800018310547,19.94485855102539,17.614858627319336,2499.38
2499480553,41.606564,-86.3561015,244.5800018310547,19.94516944885254,17.615169525146484,2499.481
2499579855,41.6065641,-86.3561016,244.5800018310547,19.94392967224121,17.613929748535156,2499.58
2499680392,41.6065641,-86.35610179999999,244.5800018310547,19.942615509033203,17.61261558532715,2499.68
2499779837,41.6065641,-86.3561019,244.5800018310547,19.940019607543945,17.61001968383789,2499.78
2499880456,41.6065642,-86.35610199999999,244.5699920654297,19.936477661132812,17.606477737426758,2499.88
2499979909,41.6065642,-86.3561021,244.5699920654297,19.931194305419922,17.601194381713867,2499.98
2500080450,41.606564399999996,-86.3561022,244.55999755859375,19.92723274230957,17.597232818603516,2500.08
2500179881,41.606564399999996,-86.35610229999999,244.55999755859375,19.926950454711914,17.59695053100586,2500.18
2500280449,41.606564399999996,-86.3561024,244.55999755859375,19.926923751831055,17.596923828125,2500.28
2500380038,41.606564399999996,-86.35610249999999,244.55999755859375,19.92713737487793,17.597137451171875,2500.38
2500480588,41.606564399999996,-86.3561026,244.55999755859375,19.927249908447266,17.59724998474121,2500.481
2500579899,41.606564399999996,-86.3561027,244.55999755859375,19.927316665649414,17.59731674194336,2500.58
2500680489,41.606564399999996,-86.3561028,244.55999755859375,19.928882598876953,17.5988826751709,2500.68
2500779862,41.606564399999996,-86.3561029,244.5699920654297,19.931241989135742,17.601242065429688,2500.78
2500880464,41.606564399999996,-86.3561029,244.5699920654297,19.931318283081055,17.601318359375,2500.88
2500979938,41.606564299999995,-86.35610299999999,244.5699920654297,19.931602478027344,17.60160255432129,2500.98
2501080430,41.606564299999995,-86.3561031,244.5699920654297,19.930932998657227,17.600933074951172,2501.08
2501179826,41.606564299999995,-86.3561031,244.5699920654297,19.932008743286133,17.602008819580078,2501.18
2501280485,41.606564299999995,-86.35610319999999,244.5699920654297,19.933513641357422,17.603513717651367,2501.28
2501379878,41.606564299999995,-86.35610319999999,244.5699920654297,19.936113357543945,17.60611343383789,2501.38
2501480486,41.606564299999995,-86.3561033,244.5699920654297,19.939075469970703,17.60907554626465,2501.48
2501579858,41.606564299999995,-86.3561033,244.5800018310547,19.942535400390625,17.61253547668457,2501.58
2501680456,41.606564299999995,-86.3561033,244.5800018310547,19.94314193725586,17.613142013549805,2501.68
2501779883,41.606564299999995,-86.3561033,244.5800018310547,19.942523956298828,17.612524032592773,2501.78
2501880489,41.606564399999996,-86.3561033,244.5800018310547,19.943540573120117,17.613540649414062,2501.88
2501980012,41.606564399999996,-86.35610319999999,244.5800018310547,19.946739196777344,17.61673927307129,2501.98
2502080619,41.606564399999996,-86.3561033,244.5800018310547,19.944725036621094,17.61472511291504,2502.081
2502179982,41.606564399999996,-86.3561033,244.5800018310547,19.9426326751709,17.612632751464844,2502.18
2502280524,41.606564399999996,-86.3561033,244.5800018310547,19.94210433959961,17.612104415893555,2502.281
2502379913,41.606564399999996,-86.3561033,244.5800018310547,19.943422317504883,17.613422393798828,2502.38
2502480651,41.606564399999996,-86.3561033,244.5800018310547,19.943628311157227,17.613628387451172,2502.481
2502579849,41.606564399999996,-86.3561033,244.5800018310547,19.944381713867188,17.614381790161133,2502.58
2502680434,41.606564399999996,-86.35610319999999,244.5800018310547,19.945220947265625,17.61522102355957,2502.68
2502779917,41.606564399999996,-86.35610319999999,244.5800018310547,19.946887969970703,17.61688804626465,2502.78
2502880445,41.606564399999996,-86.35610319999999,244.5800018310547,19.949668884277344,17.61966896057129,2502.88
2502979915,41.606564399999996,-86.35610319999999,244.58999633789062,19.952211380004883,17.622211456298828,2502.98
2503080473,41.606564399999996,-86.3561031,244.58999633789062,19.9526424407959,17.622642517089844,2503.08
2503179844,41.606564399999996,-86.3561031,244.58999633789062,19.956628799438477,17.626628875732422,2503.18
2503280472,41.606564399999996,-86.35610319999999,244.58999633789062,19.95741844177246,17.627418518066406,2503.28
2503379904,41.606564399999996,-86.35610319999999,244.58999633789062,19.95836067199707,17.628360748291016,2503.38
2503480520,41.606564399999996,-86.35610319999999,244.58999633789062,19.95795249938965,17.627952575683594,2503.481
2503579880,41.606564399999996,-86.35610319999999,244.58999633789062,19.955835342407227,17.625835418701172,2503.58
2503680469,41.606564399999996,-86.35610319999999,244.58999633789062,19.953397750854492,17.623397827148438,2503.68
2503779855,41.606564399999996,-86.3561033,244.5800018310547,19.948108673095703,17.61810874938965,2503.78
2503880531,41.606564399999996,-86.3561033,244.5800018310547,19.940227508544922,17.610227584838867,2503.881
2503980001,41.606564399999996,-86.3561034,244.5699920654297,19.93349838256836,17.603498458862305,2503.98
2504080423,41.6065645,-86.3561034,244.55999755859375,19.926671981811523,17.59667205810547,2504.08
2504179894,41.6065645,-86.3561034,244.55999755859375,19.921964645385742,17.591964721679688,2504.18
2504280455,41.6065645,-86.3561034,244.54998779296875,19.91733741760254,17.587337493896484,2504.28
2504379865,41.6065645,-86.3561034,244.54998779296875,19.910144805908203,17.58014488220215,2504.38
2504480441,41.6065645,-86.3561034,244.5399932861328,19.901857376098633,17.571857452392578,2504.48
2504580054,41.6065646,-86.3561034,244.52999877929688,19.892255783081055,17.562255859375,2504.58
2504680437,41.6065646,-86.3561034,244.51998901367188,19.88515281677246,17.555152893066406,2504.68
2504779997,41.6065646,-86.3561034,244.50999450683594,19.879301071166992,17.549301147460938,2504.78
2504880594,41.6065646,-86.3561033,244.50999450683594,19.87482452392578,17.544824600219727,2504.881
2504980057,41.6065647,-86.3561033,244.50999450683594,19.8707218170166,17.540721893310547,2504.98
2505080404,41.6065647,-86.3561033,244.5,19.867664337158203,17.53766441345215,2505.08
2505179863,41.6065647,-86.35610319999999,244.5,19.864879608154297,17.534879684448242,2505.18
2505280530,41.6065647,-86.3561031,244.5,19.865623474121094,17.53562355041504,2505.281
2505380080,41.6065648,-86.35610299999999,244.5,19.86587905883789,17.535879135131836,2505.38
2505480528,41.606564899999995,-86.3561028,244.5,19.868183135986328,17.538183212280273,2505.481
2505579924,41.606564999999996,-86.3561026,244.50999450683594,19.87217903137207,17.542179107666016,2505.58
2505680422,41.6065651,-86.3561024,244.50999450683594,19.876665115356445,17.54666519165039,2505.68
2505779899,41.6065653,-86.3561021,244.51998901367188,19.88335609436035,17.553356170654297,2505.78
2505880453,41.606565599999996,-86.35610179999999,244.51998901367188,19.88941192626953,17.559412002563477,2505.88
2505979871,41.6065659,-86.3561015,244.52999877929688,19.89617156982422,17.566171646118164,2505.98
2506080409,41.606566199999996,-86.3561012,244.5399932861328,19.90213394165039,17.572134017944336,2506.08
2506179749,41.606566699999995,-86.3561008,244.5399932861328,19.90656089782715,17.576560974121094,2506.18
2506280461,41.6065672,-86.3561003,244.54998779296875,19.91097068786621,17.580970764160156,2506.28
2506379908,41.6065678,-86.35609989999999,244.54998779296875,19.91335678100586,17.583356857299805,2506.38
2506480525,41.6065685,-86.35609939999999,244.54998779296875,19.91292381286621,17.582923889160156,2506.481
2506579853,41.6065694,-86.356099,244.54998779296875,19.911026000976562,17.581026077270508,2506.58
2506680622,41.6065703,-86.3560985,244.5399932861328,19.90570640563965,17.575706481933594,2506.681
2506779799,41.6065713,-86.3560979,244.5399932861328,19.901897430419922,17.571897506713867,2506.78
2506880520,41.6065725,-86.3560974,244.52999877929688,19.897846221923828,17.567846298217773,2506.881
2506979960,41.6065737,-86.3560968,244.52999877929688,19.89365577697754,17.563655853271484,2506.98
2507080436,41.6065751,-86.35609629999999,244.52999877929688,19.89301872253418,17.563018798828125,2507.08
2507179844,41.6065766,-86.3560957,244.52999877929688,19.892438888549805,17.56243896484375,2507.18
2507280438,41.6065782,-86.3560952,244.52999877929688,19.891645431518555,17.5616455078125,2507.28
2507379892,41.6065798,-86.35609459999999,244.52999877929688,19.89080238342285,17.560802459716797,2507.38
2507480579,41.6065816,-86.356094,244.52999877929688,19.894309997558594,17.56431007385254,2507.481
2507579892,41.6065835,-86.35609339999999,244.52999877929688,19.898658752441406,17.56865882873535,2507.58
2507680473,41.6065855,-86.3560929,244.5399932861328,19.901281356811523,17.57128143310547,2507.68
2507779868,41.606587499999996,-86.3560923,244.5399932861328,19.902284622192383,17.572284698486328,2507.78
2507880479,41.6065896,-86.3560918,244.5399932861328,19.904647827148438,17.574647903442383,2507.88
2507979883,41.606591699999996,-86.3560913,244.5399932861328,19.90959358215332,17.579593658447266,2507.98
2508080425,41.6065939,-86.35609079999999,244.54998779296875,19.91348648071289,17.583486557006836,2508.08
2508179863,41.6065961,-86.35609029999999,244.54998779296875,19.91875648498535,17.588756561279297,2508.18
2508280539,41.606598399999996,-86.3560899,244.55999755859375,19.92258644104004,17.592586517333984,2508.281
2508379901,41.6066007,-86.3560894,244.5699920654297,19.930063247680664,17.60006332397461,2508.38
2508480584,41.606603,-86.3560889,244.5800018310547,19.941442489624023,17.61144256591797,2508.481
2508579871,41.6066054,-86.35608839999999,244.58999633789062,19.951086044311523,17.62108612060547,2508.58
2508680452,41.6066078,-86.35608789999999,244.58999633789062,19.957345962524414,17.62734603881836,2508.68
2508779960,41.6066103,-86.3560873,244.59999084472656,19.96328353881836,17.633283615112305,2508.78
2508880453,41.6066127,-86.3560868,244.59999084472656,19.96767234802246,17.637672424316406,2508.88
2508979839,41.6066152,-86.3560862,244.61000061035156,19.97230339050293,17.642303466796875,2508.98
2509080396,41.606617799999995,-86.35608549999999,244.61000061035156,19.972875595092773,17.64287567138672,2509.08
2509179870,41.606620299999996,-86.3560849,244.61000061035156,19.973304748535156,17.6433048248291,2509.18
2509280445,41.6066229,-86.3560842,244.61000061035156,19.977508544921875,17.64750862121582,2509.28
2509379910,41.6066255,-86.3560834,244.6199951171875,19.982463836669922,17.652463912963867,2509.38
2509480479,41.606628199999996,-86.3560826,244.6199951171875,19.986825942993164,17.65682601928711,2509.48
2509579889,41.6066308,-86.3560818,244.62998962402344,19.991125106811523,17.66112518310547,2509.58
2509680411,41.6066335,-86.3560809,244.62998962402344,19.992740631103516,17.66274070739746,2509.68
2509779859,41.6066363,-86.35607999999999,244.62998962402344,19.994922637939453,17.6649227142334,2509.78
2509880482,41.606639,-86.356079,244.63999938964844,20.00110626220703,17.671106338500977,2509.88
2509979894,41.6066418,-86.35607809999999,244.63999938964844,20.004640579223633,17.674640655517578,2509.98
2510080538,41.606644599999996,-86.3560772,244.63999938964844,20.00783348083496,17.677833557128906,2510.081
2510179905,41.6066473,-86.35607619999999,244.63999938964844,20.008970260620117,17.678970336914062,2510.18
2510280494,41.606650099999996,-86.3560753,244.64999389648438,20.010498046875,17.680498123168945,2510.28
2510379839,41.6066529,-86.3560744,244.64999389648438,20.01384162902832,17.683841705322266,2510.38
2510480413,41.606655599999996,-86.3560734,244.64999389648438,20.01760482788086,17.687604904174805,2510.48
2510579825,41.6066583,-86.3560724,244.64999389648438,20.019943237304688,17.689943313598633,2510.58
2510680435,41.6066609,-86.3560713,244.6599884033203,20.024581909179688,17.694581985473633,2510.68
2510779888,41.606663499999996,-86.3560703,244.6599884033203,20.027448654174805,17.69744873046875,2510.78
2510880514,41.6066661,-86.3560692,244.6599884033203,20.02969741821289,17.699697494506836,2510.881
2510979817,41.6066686,-86.3560681,244.6599884033203,20.0294246673584,17.699424743652344,2510.98
2511080440,41.606671,-86.356067,244.6599884033203,20.02941131591797,17.699411392211914,2511.08
2511179939,41.6066735,-86.35606589999999,244.6599884033203,20.026836395263672,17.696836471557617,2511.18
2511280420,41.6066758,-86.35606469999999,244.6599884033203,20.020832061767578,17.690832138061523,2511.28
2511379891,41.606678099999996,-86.35606369999999,244.64999389648438,20.013795852661133,17.683795928955078,2511.38
2511480472,41.6066803,-86.3560626,244.63999938964844,20.005184173583984,17.67518424987793,2511.48
2511579832,41.6066824,-86.3560615,244.62998962402344,19.99943733215332,17.669437408447266,2511.58
2511680456,41.6066843,-86.35606039999999,244.62998962402344,19.992826461791992,17.662826538085938,2511.68
2511779883,41.6066862,-86.35605939999999,244.6199951171875,19.986976623535156,17.6569766998291,2511.78
2511880469,41.606688,-86.3560583,244.6199951171875,19.985830307006836,17.65583038330078,2511.88
2511979839,41.606689599999996,-86.3560574,244.6199951171875,19.988943099975586,17.65894317626953,2511.98
2512080454,41.6066912,-86.3560564,244.6199951171875,19.98946762084961,17.659467697143555,2512.08
2512179808,41.606692599999995,-86.3560555,244.6199951171875,19.989553451538086,17.65955352783203,2512.18
2512280539,41.606693899999996,-86.3560547,244.6199951171875,19.98876953125,17.658769607543945,2512.281
2512379978,41.606694999999995,-86.3560538,244.6199951171875,19.98593521118164,17.655935287475586,2512.38
2512480376,41.6066961,-86.3560531,244.6199951171875,19.980995178222656,17.6509952545166,2512.48
2512579992,41.606697,-86.35605249999999,244.61000061035156,19.976837158203125,17.64683723449707,2512.58
2512680489,41.6066978,-86.3560519,244.61000061035156,19.970462799072266,17.64046287536621,2512.68
2512780045,41.6066985,-86.3560514,244.59999084472656,19.96238136291504,17.632381439208984,2512.78
2512880457,41.6066991,-86.356051,244.58999633789062,19.951618194580078,17.621618270874023,2512.88
2512980229,41.6066996,-86.35605059999999,244.5699920654297,19.937971115112305,17.60797119140625,2512.98
2513080487,41.6067,-86.35605029999999,244.55999755859375,19.924978256225586,17.59497833251953,2513.08
2513179858,41.6067004,-86.35605009999999,244.5399932861328,19.908531188964844,17.57853126525879,2513.18
2513280472,41.6067007,-86.3560499,244.52999877929688,19.894115447998047,17.564115524291992,2513.28
2513379936,41.6067009,-86.3560497,244.50999450683594,19.87929344177246,17.549293518066406,2513.38
2513480421,41.606701099999995,-86.35604959999999,244.5,19.865806579589844,17.53580665588379,2513.48
2513579873,41.606701199999996,-86.3560495,244.489990234375,19.855825424194336,17.52582550048828,2513.58
2513680466,41.606701199999996,-86.35604939999999,244.47999572753906,19.84345054626465,17.513450622558594,2513.68
2513779822,41.6067013,-86.35604939999999,244.47000122070312,19.831554412841797,17.501554489135742,2513.78
2513880468,41.6067013,-86.35604939999999,244.45999145507812,19.821971893310547,17.491971969604492,2513.88
2513979908,41.6067013,-86.3560493,244.4499969482422,19.81535530090332,17.485355377197266,2513.98
2514080452,41.6067014,-86.3560492,244.4399871826172,19.80928611755371,17.479286193847656,2514.08
2514179877,41.6067013,-86.3560492,244.4399871826172,19.802270889282227,17.472270965576172,2514.18
2514280425,41.6067013,-86.3560492,244.42999267578125,19.798233032226562,17.468233108520508,2514.28
2514379872,41.606701199999996,-86.3560492,244.42999267578125,19.793092727661133,17.463092803955078,2514.38
2514480451,41.606701199999996,-86.3560492,244.4199981689453,19.78293228149414,17.452932357788086,2514.48
2514579939,41.606701099999995,-86.3560492,244.39999389648438,19.76910400390625,17.439104080200195,2514.58
2514680491,41.606701099999995,-86.3560492,244.37998962402344,19.747676849365234,17.41767692565918,2514.68
2514779946,41.606701099999995,-86.3560492,244.34999084472656,19.716201782226562,17.386201858520508,2514.78
2514880487,41.606701099999995,-86.3560492,244.30999755859375,19.67289161682129,17.342891693115234,2514.88
2514980040,41.606701099999995,-86.3560492,244.25,19.61913299560547,17.289133071899414,2514.98
2515080538,41.606701199999996,-86.3560492,244.1899871826172,19.553184509277344,17.22318458557129,2515.081
2515179839,41.606701199999996,-86.3560492,244.11000061035156,19.47632598876953,17.146326065063477,2515.18
2515280416,41.606701199999996,-86.3560492,244.01998901367188,19.38676643371582,17.056766510009766,2515.28
2515379879,41.606701199999996,-86.35604909999999,243.9199981689453,19.283720016479492,16.953720092773438,2515.38
2515480440,41.6067013,-86.35604909999999,243.79998779296875,19.165624618530273,16.83562469482422,2515.48
2515579886,41.6067013,-86.35604909999999,243.6699981689453,19.03658103942871,16.706581115722656,2515.58
2515680540,41.6067013,-86.35604909999999,243.52999877929688,18.89664077758789,16.566640853881836,2515.681
2515779905,41.6067013,-86.35604909999999,243.37998962402344,18.744060516357422,16.414060592651367,2515.78
2515880446,41.6067013,-86.3560492,243.22000122070312,18.580482482910156,16.2504825592041,2515.88
2515979889,41.6067013,-86.3560493,243.04998779296875,18.410104751586914,16.08010482788086,2515.98
2516080411,41.6067013,-86.35604939999999,242.8699951171875,18.237197875976562,15.907196998596191,2516.08
2516179893,41.6067013,-86.35604939999999,242.6999969482422,18.06648063659668,15.736480712890625,2516.18
2516280498,41.6067014,-86.3560495,242.52999877929688,17.892799377441406,15.562799453735352,2516.28
2516379957,41.6067014,-86.35604959999999,242.36000061035156,17.722278594970703,15.392278671264648,2516.38
2516480469,41.6067014,-86.35604959999999,242.1899871826172,17.55971336364746,15.22971248626709,2516.48
2516579939,41.6067014,-86.3560495,242.0399932861328,17.401248931884766,15.071249008178711,2516.58
2516680435,41.6067014,-86.3560495,241.87998962402344,17.24528694152832,14.91528606414795,2516.68
2516779842,41.6067014,-86.35604939999999,241.72999572753906,17.093568801879883,14.763568878173828,2516.78
2516880470,41.6067013,-86.35604939999999,241.5800018310547,16.94866180419922,14.618660926818848,2516.88
2516979871,41.6067013,-86.3560493,241.4399871826172,16.80774688720703,14.477746963500977,2516.98
2517080482,41.606701199999996,-86.3560493,241.29998779296875,16.667827606201172,14.337827682495117,2517.08
2517179969,41.606701099999995,-86.3560492,241.1599884033203,16.528011322021484,14.19801139831543,2517.18
2517280531,41.606701,-86.3560492,241.02999877929688,16.393083572387695,14.063082695007324,2517.281
2517379898,41.6067009,-86.3560492,240.89999389648438,16.261091232299805,13.93109130859375,2517.38
2517480566,41.6067008,-86.3560492,240.75999450683594,16.128772735595703,13.798771858215332,2517.481
2517579852,41.6067007,-86.3560492,240.62998962402344,15.99364185333252,13.663641929626465,2517.58
2517680619,41.606700599999996,-86.3560493,240.489990234375,15.859058380126953,13.529058456420898,2517.681
2517779904,41.606700599999996,-86.3560493,240.36000061035156,15.724308013916016,13.394308090209961,2517.78
2517880499,41.606700599999996,-86.3560493,240.22000122070312,15.58853816986084,13.258538246154785,2517.88
2517979885,41.606700599999996,-86.35604939999999,240.08999633789062,15.450234413146973,13.120234489440918,2517.98
2518080443,41.606700599999996,-86.35604939999999,239.9499969482422,15.31093692779541,12.980937004089355,2518.08
2518179902,41.6067007,-86.3560495,239.79998779296875,15.167482376098633,12.837482452392578,2518.18
2518280419,41.6067007,-86.35604959999999,239.64999389648438,15.018256187438965,12.68825626373291,2518.28
2518379933,41.6067007,-86.3560497,239.5,14.867255210876465,12.53725528717041,2518.38
2518480451,41.6067007,-86.3560498,239.34999084472656,14.716665267944336,12.386665344238281,2518.48
2518579850,41.6067008,-86.35605,239.1999969482422,14.56644058227539,12.236440658569336,2518.58
2518680394,41.6067009,-86.35605009999999,239.04998779296875,14.416890144348145,12.08689022064209,2518.68
2518779860,41.6067009,-86.3560502,238.89999389648438,14.26420783996582,11.934207916259766,2518.78
2518880560,41.606701,-86.3560504,238.739990234375,14.107470512390137,11.777470588684082,2518.881
2518979903,41.606701,-86.3560505,238.5800018310547,13.948098182678223,11.618098258972168,2518.98
2519080448,41.606701,-86.35605059999999,238.4199981689453,13.788890838623047,11.458890914916992,2519.08
2519179848,41.606701,-86.3560507,238.26998901367188,13.632161140441895,11.30216121673584,2519.18
2519280691,41.6067009,-86.3560507,238.11000061035156,13.478729248046875,11.14872932434082,2519.281
2519379947,41.6067008,-86.35605079999999,237.95999145507812,13.325145721435547,10.995145797729492,2519.38
2519480455,41.6067008,-86.35605079999999,237.80999755859375,13.173598289489746,10.843598365783691,2519.48
2519579909,41.6067007,-86.3560507,237.6599884033203,13.021100044250488,10.691100120544434,2519.58
2519680423,41.606700599999996,-86.3560507,237.5,12.866854667663574,10.53685474395752,2519.68
2519779895,41.606700499999995,-86.3560507,237.34999084472656,12.71238899230957,10.382389068603516,2519.78
2519880462,41.6067004,-86.3560507,237.1899871826172,12.555339813232422,10.225339889526367,2519.88
2519979899,41.6067004,-86.35605059999999,237.02999877929688,12.39622974395752,10.066229820251465,2519.98
2520080424,41.6067004,-86.35605059999999,236.8699951171875,12.239407539367676,9.909407615661621,2520.08
2520179884,41.6067004,-86.35605059999999,236.72000122070312,12.085196495056152,9.755196571350098,2520.18
2520280424,41.6067004,-86.35605059999999,236.5699920654297,11.933236122131348,9.603236198425293,2520.28
2520380061,41.6067003,-86.3560505,236.4199981689453,11.785181999206543,9.455182075500488,2520.38
2520480479,41.6067003,-86.3560505,236.27999877929688,11.643600463867188,9.313600540161133,2520.48
2520579874,41.6067002,-86.3560504,236.13999938964844,11.503673553466797,9.173673629760742,2520.58
2520680462,41.6067001,-86.35605029999999,236.0,11.369056701660156,9.039056777954102,2520.68
2520779867,41.6067,-86.3560502,235.8699951171875,11.237054824829102,8.907054901123047,2520.78
2520880602,41.606699899999995,-86.3560502,235.739990234375,11.101831436157227,8.771831512451172,2520.881
2520979946,41.606699899999995,-86.35605009999999,235.58999633789062,10.959871292114258,8.629871368408203,2520.98
2521080535,41.6066998,-86.35605009999999,235.4499969482422,10.815214157104492,8.485214233398438,2521.081
2521179872,41.6066998,-86.35605009999999,235.29998779296875,10.669881820678711,8.339881896972656,2521.18
2521280514,41.6066998,-86.3560502,235.1599884033203,10.523919105529785,8.19391918182373,2521.281
2521380018,41.606699899999995,-86.35605029999999,235.00999450683594,10.37996768951416,8.049967765808105,2521.38
2521480402,41.6067,-86.35605029999999,234.8699951171875,10.234654426574707,7.904654026031494,2521.48
2521579890,41.6067001,-86.35605029999999,234.72000122070312,10.086396217346191,7.756396293640137,2521.58
2521680415,41.6067001,-86.3560504,234.55999755859375,9.929803848266602,7.599803924560547,2521.68
2521779886,41.6067001,-86.3560504,234.39999389648438,9.768767356872559,7.438767433166504,2521.78
2521880663,41.6067002,-86.3560505,234.25,9.611235618591309,7.281235218048096,2521.881
2521979920,41.6067001,-86.3560505,234.08999633789062,9.452848434448242,7.1228485107421875,2521.98
2522080409,41.6067002,-86.35605059999999,233.92999267578125,9.290632247924805,6.96063232421875,2522.08
2522179860,41.6067002,-86.3560507,233.76998901367188,9.131050109863281,6.801050186157227,2522.18
2522280478,41.6067001,-86.3560507,233.6199951171875,8.98317813873291,6.653177738189697,2522.28
2522379912,41.6067001,-86.35605059999999,233.489990234375,8.850953102111816,6.520953178405762,2522.38
2522480484,41.6067,-86.3560505,233.36000061035156,8.728872299194336,6.398871898651123,2522.48
2522579864,41.6067,-86.3560504,233.25,8.616599082946777,6.286599159240723,2522.58
2522680561,41.6067,-86.35605029999999,233.14999389648438,8.519135475158691,6.1891350746154785,2522.681
2522779900,41.6067,-86.3560502,233.0699920654297,8.436209678649902,6.106209754943848,2522.78
2522880866,41.6067,-86.35605009999999,233.0,8.368210792541504,6.038210391998291,2522.881
2522979850,41.6067,-86.35605,232.9499969482422,8.314355850219727,5.984355926513672,2522.98
2523080403,41.6067,-86.3560498,232.9099884033203,8.272745132446289,5.942744731903076,2523.08
2523179862,41.6067,-86.3560497,232.87998962402344,8.240513801574707,5.910513877868652,2523.18
2523280454,41.6067,-86.3560497,232.84999084472656,8.215109825134277,5.885109901428223,2523.28
2523379898,41.6067002,-86.3560498,232.8300018310547,8.19461727142334,5.864616870880127,2523.38
2523480551,41.6067003,-86.3560498,232.80999755859375,8.175923347473145,5.845922946929932,2523.481
2523579900,41.6067004,-86.3560499,232.7899932861328,8.156742095947266,5.826742172241211,2523.58
2523680477,41.606700499999995,-86.35605,232.76998901367188,8.133932113647461,5.803932189941406,2523.68
2523779906,41.606700599999996,-86.35605009999999,232.739990234375,8.10608959197998,5.776089191436768,2523.78
2523880739,41.606700599999996,-86.35605029999999,232.70999145507812,8.073452949523926,5.743453025817871,2523.881
2523979920,41.6067007,-86.3560504,232.6699981689453,8.037199974060059,5.707199573516846,2523.98
2524080521,41.6067008,-86.3560505,232.63999938964844,8.000547409057617,5.6705474853515625,2524.081
2524179851,41.6067009,-86.3560507,232.59999084472656,7.9660773277282715,5.636077404022217,2524.18
2524280494,41.6067009,-86.3560507,232.5699920654297,7.931573390960693,5.601573467254639,2524.28
2524379917,41.606701,-86.35605079999999,232.52999877929688,7.895618915557861,5.565618991851807,2524.38
2524480527,41.606701,-86.35605079999999,232.489990234375,7.857864856719971,5.527864933013916,2524.481
2524579844,41.606701,-86.3560509,232.4499969482422,7.815253734588623,5.485253810882568,2524.58
2524680495,41.606701,-86.35605079999999,232.39999389648438,7.767460823059082,5.437460899353027,2524.68
2524779865,41.606701,-86.35605079999999,232.34999084472656,7.718634605407715,5.38863468170166,2524.78
2524880595,41.6067009,-86.35605079999999,232.29998779296875,7.6695404052734375,5.339540481567383,2524.881
2524979862,41.6067008,-86.3560507,232.25,7.619079113006592,5.289079189300537,2524.98
2525080470,41.6067007,-86.35605059999999,232.20999145507812,7.5725998878479,5.242599964141846,2525.08
2525179927,41.6067007,-86.35605059999999,232.1599884033203,7.527512550354004,5.197512626647949,2525.18
2525280483,41.6067007,-86.3560505,232.1199951171875,7.484246730804443,5.154246807098389,2525.28
2525379895,41.606700599999996,-86.3560505,232.0800018310547,7.443371295928955,5.1133713722229,2525.38
2525480458,41.606700499999995,-86.35605029999999,232.0399932861328,7.401411533355713,5.071411609649658,2525.48
2525580082,41.606700499999995,-86.3560502,231.989990234375,7.3577775955200195,5.027777671813965,2525.58
2525680513,41.606700499999995,-86.35605009999999,231.9499969482422,7.313961505889893,4.983961582183838,2525.681
2525779876,41.6067004,-86.35605,231.9099884033203,7.273425579071045,4.94342565536499,2525.78
2525880469,41.6067004,-86.35605,231.8699951171875,7.235278129577637,4.905278205871582,2525.88
2525979893,41.606700499999995,-86.35605,231.8300018310547,7.198205471038818,4.868205547332764,2525.98
2526080413,41.606700499999995,-86.3560499,231.79998779296875,7.161776065826416,4.831776142120361,2526.08
2526179860,41.606700499999995,-86.3560499,231.75999450683594,7.12352991104126,4.793529987335205,2526.18
2526280489,41.606700599999996,-86.3560499,231.72000122070312,7.086241245269775,4.756241321563721,2526.28
2526379881,41.606700599999996,-86.3560499,231.67999267578125,7.0497260093688965,4.719726085662842,2526.38
2526480568,41.606700599999996,-86.3560499,231.64999389648438,7.011346817016602,4.681346893310547,2526.481
2526579895,41.606700599999996,-86.3560499,231.61000061035156,6.9721760749816895,4.642176151275635,2526.58
2526680466,41.6067007,-86.3560498,231.5699920654297,6.931360244750977,4.601360321044922,2526.68
2526779900,41.6067007,-86.3560498,231.51998901367188,6.889543056488037,4.559543132781982,2526.78
2526880502,41.6067007,-86.3560499,231.489990234375,6.851437568664551,4.521437644958496,2526.881
2526979857,41.6067007,-86.3560499,231.4499969482422,6.813016414642334,4.483016490936279,2526.98
2527080458,41.6067007,-86.3560499,231.4099884033203,6.771797180175781,4.441797256469727,2527.08
2527179908,41.6067007,-86.3560498,231.3699951171875,6.730123519897461,4.400123596191406,2527.18
2527280456,41.6067007,-86.3560498,231.3199920654297,6.689034938812256,4.359035015106201,2527.28
2527379924,41.6067007,-86.3560498,231.27999877929688,6.648093223571777,4.318093299865723,2527.38
2527480443,41.606700599999996,-86.3560498,231.239990234375,6.609257221221924,4.279257297515869,2527.48
2527579904,41.606700599999996,-86.3560498,231.20999145507812,6.570580005645752,4.240580081939697,2527.58
2527680539,41.606700599999996,-86.3560498,231.1699981689453,6.531631946563721,4.201632022857666,2527.681
2527779831,41.606700599999996,-86.3560498,231.12998962402344,6.493661403656006,4.163661479949951,2527.78
2527880435,41.606700599999996,-86.3560498,231.08999633789062,6.4557719230651855,4.125771999359131,2527.88
2527979868,41.606700499999995,-86.3560498,231.04998779296875,6.417679309844971,4.087679386138916,2527.98
2528080471,41.606700499999995,-86.3560498,231.01998901367188,6.3821001052856445,4.05210018157959,2528.08
2528179894,41.606700499999995,-86.3560499,230.97999572753906,6.347301959991455,4.0173020362854,2528.18
2528280513,41.606700499999995,-86.3560499,230.94000244140625,6.309019088745117,3.9790189266204834,2528.281
2528379894,41.606700599999996,-86.3560499,230.9099884033203,6.271047115325928,3.941046953201294,2528.38
2528480513,41.606700599999996,-86.3560499,230.8699951171875,6.235906600952148,3.9059064388275146,2528.481
2528579893,41.606700599999996,-86.3560499,230.83999633789062,6.200658798217773,3.8706586360931396,2528.58
2528680470,41.606700599999996,-86.3560499,230.79998779296875,6.166686534881592,3.836686611175537,2528.68
2528779945,41.606700599999996,-86.3560499,230.76998901367188,6.131080627441406,3.8010804653167725,2528.78
2528880470,41.606700599999996,-86.35605,230.72999572753906,6.094175338745117,3.7641754150390625,2528.88
2528979914,41.606700599999996,-86.35605,230.69000244140625,6.057570457458496,3.7275702953338623,2528.98
2529080451,41.6067007,-86.35605,230.6599884033203,6.020656585693359,3.6906566619873047,2529.08
2529179898,41.6067008,-86.35605009999999,230.6199951171875,5.981276035308838,3.651275873184204,2529.18
2529280407,41.6067008,-86.35605,230.5800018310547,5.94072151184082,3.6107213497161865,2529.28
2529379903,41.6067008,-86.35605,230.52999877929688,5.898898601531982,3.5688986778259277,2529.38
2529480433,41.6067008,-86.3560499,230.489990234375,5.8529767990112305,3.522976875305176,2529.48
2529579852,41.6067008,-86.35605,230.44000244140625,5.805530548095703,3.4755306243896484,2529.58
2529680410,41.6067008,-86.3560499,230.39999389648438,5.760520935058594,3.43052077293396,2529.68
2529779971,41.6067008,-86.3560499,230.34999084472656,5.7167840003967285,3.3867838382720947,2529.78
2529880611,41.6067008,-86.3560498,230.30999755859375,5.673628330230713,3.343628406524658,2529.881
2529979884,41.6067008,-86.3560498,230.26998901367188,5.631129741668701,3.3011295795440674,2529.98
2530080588,41.6067008,-86.3560498,230.22999572753906,5.590743541717529,3.2607433795928955,2530.081
2530179867,41.6067008,-86.3560498,230.19000244140625,5.551654815673828,3.2216548919677734,2530.18
2530280487,41.6067007,-86.3560498,230.14999389648438,5.511534690856934,3.181534767150879,2530.28
2530379938,41.6067007,-86.3560498,230.11000061035156,5.472431659698486,3.1424314975738525,2530.38
2530480455,41.6067007,-86.3560498,230.0699920654297,5.433941841125488,3.1039416790008545,2530.48
2530579895,41.606700599999996,-86.3560498,230.02999877929688,5.394207000732422,3.064206838607788,2530.58
2530680452,41.606700599999996,-86.3560498,229.989990234375,5.355925559997559,3.025925636291504,2530.68
2530779911,41.606700599999996,-86.3560498,229.9499969482422,5.3171162605285645,2.9871163368225098,2530.78
2530880412,41.606700499999995,-86.3560498,229.9199981689453,5.280262470245361,2.9502623081207275,2530.88
2530979944,41.606700499999995,-86.3560498,229.87998962402344,5.244631290435791,2.9146311283111572,2530.98
2531080457,41.606700499999995,-86.3560498,229.83999633789062,5.2057719230651855,2.8757717609405518,2531.08
2531179867,41.606700599999996,-86.3560498,229.79998779296875,5.162184715270996,2.8321847915649414,2531.18
2531280464,41.606700599999996,-86.3560498,229.75,5.117509841918945,2.7875099182128906,2531.28
2531379909,41.606700599999996,-86.3560498,229.70999145507812,5.075598239898682,2.745598077774048,2531.38
2531480507,41.606700599999996,-86.3560499,229.6699981689453,5.037313938140869,2.7073140144348145,2531.481
2531579883,41.606700599999996,-86.3560499,229.63999938964844,5.0007500648498535,2.6707499027252197,2531.58
2531680452,41.606700599999996,-86.3560499,229.59999084472656,4.963284492492676,2.633284330368042,2531.68
2531779915,41.606700599999996,-86.35605,229.55999755859375,4.924349784851074,2.5943496227264404,2531.78
2531880693,41.606700599999996,-86.35605,229.51998901367188,4.886247634887695,2.5562477111816406,2531.881
2531979880,41.606700599999996,-86.35605,229.47999572753906,4.849437713623047,2.519437551498413,2531.98
2532080480,41.606700599999996,-86.35605,229.4499969482422,4.81336784362793,2.483367919921875,2532.08
2532179838,41.606700499999995,-86.35605,229.4099884033203,4.777815341949463,2.447815179824829,2532.18
2532280501,41.606700499999995,-86.35605,229.3699951171875,4.739623069763184,2.40962290763855,2532.281
2532379869,41.606700499999995,-86.35605,229.33999633789062,4.700229167938232,2.3702292442321777,2532.38
2532480438,41.606700499999995,-86.35605,229.2899932861328,4.6598591804504395,2.3298590183258057,2532.48
2532579906,41.606700499999995,-86.35605,229.25,4.616755485534668,2.286755323410034,2532.58
2532680381,41.606700499999995,-86.35605009999999,229.20999145507812,4.574808597564697,2.2448086738586426,2532.68
2532779906,41.606700499999995,-86.35605009999999,229.1699981689453,4.534621715545654,2.2046215534210205,2532.78
2532880466,41.6067004,-86.35605,229.12998962402344,4.49918794631958,2.1691877841949463,2532.88
2532979933,41.606700499999995,-86.35605,229.09999084472656,4.465217113494873,2.1352171897888184,2532.98
2533080406,41.6067004,-86.35605,229.0699920654297,4.430451393127441,2.1004512310028076,2533.08
2533179855,41.6067004,-86.35605009999999,229.02999877929688,4.395095348358154,2.0650954246520996,2533.18
2533280590,41.6067004,-86.35605009999999,228.989990234375,4.359709739685059,2.029709577560425,2533.281
2533379965,41.6067004,-86.35605009999999,228.95999145507812,4.323885917663574,1.993886113166809,2533.38
2533480550,41.6067004,-86.35605009999999,228.9199981689453,4.285955429077148,1.9559553861618042,2533.481
2533579889,41.6067004,-86.35605009999999,228.87998962402344,4.2450385093688965,1.9150387048721313,2533.58
2533680498,41.6067004,-86.35605009999999,228.83999633789062,4.202394485473633,1.8723944425582886,2533.68
2533779862,41.6067004,-86.3560502,228.79998779296875,4.160369396209717,1.8303695917129517,2533.78
2533880437,41.606700499999995,-86.3560502,228.75,4.1179986000061035,1.7879987955093384,2533.88
2533980132,41.606700499999995,-86.3560502,228.70999145507812,4.074930191040039,1.7449301481246948,2533.98
2534080413,41.606700499999995,-86.3560502,228.6699981689453,4.030896186828613,1.7008960247039795,2534.08
2534179871,41.6067004,-86.3560502,228.6199951171875,3.984339714050293,1.6543397903442383,2534.18
2534280465,41.606700499999995,-86.3560502,228.5699920654297,3.9370460510253906,1.607046127319336,2534.28
2534379926,41.606700499999995,-86.3560502,228.52999877929688,3.8901336193084717,1.5601335763931274,2534.38
2534480470,41.606700499999995,-86.3560502,228.47999572753906,3.847656011581421,1.5176559686660767,2534.48
2534579982,41.6067004,-86.3560502,228.44000244140625,3.8071165084838867,1.4771164655685425,2534.58
2534680425,41.6067004,-86.3560502,228.39999389648438,3.7657814025878906,1.435781478881836,2534.68
2534779894,41.6067004,-86.3560502,228.36000061035156,3.7251198291778564,1.3951197862625122,2534.78
2534880502,41.6067004,-86.3560502,228.3199920654297,3.685211181640625,1.3552111387252808,2534.881
2534980003,41.6067004,-86.3560502,228.27999877929688,3.6439576148986816,1.3139575719833374,2534.98
2535080455,41.6067004,-86.3560502,228.239990234375,3.601243257522583,1.2712432146072388,2535.08
2535179869,41.6067004,-86.3560502,228.19000244140625,3.5592122077941895,1.2292121648788452,2535.18
2535280515,41.6067004,-86.35605009999999,228.14999389648438,3.5164363384246826,1.186436414718628,2535.281
2535379894,41.6067004,-86.35605,228.11000061035156,3.4733946323394775,1.1433947086334229,2535.38
2535480501,41.6067004,-86.35605,228.0699920654297,3.4337573051452637,1.103757381439209,2535.481
2535579851,41.6067004,-86.3560499,228.02999877929688,3.398892879486084,1.0688928365707397,2535.58
2535680436,41.6067004,-86.3560498,228.0,3.3648242950439453,1.034824252128601,2535.68
2535779874,41.6067004,-86.3560499,227.95999145507812,3.328770160675049,0.9987702369689941,2535.78
2535880481,41.6067004,-86.3560498,227.92999267578125,3.291498899459839,0.9614988565444946,2535.88
2535980101,41.6067004,-86.3560498,227.88999938964844,3.2533068656921387,0.9233068227767944,2535.98
2536080022,41.606700499999995,-86.3560498,227.84999084472656,3.215280294418335,0.8852802515029907,2536.08
2536180023,41.606700499999995,-86.3560498,227.8199920654297,3.180943727493286,0.8509436845779419,2536.18
2536279991,41.606700499999995,-86.3560498,227.77999877929688,3.1479713916778564,0.8179714679718018,2536.28
2536380023,41.606700499999995,-86.3560498,227.75,3.114272117614746,0.7842720746994019,2536.38
2536479969,41.606700599999996,-86.3560498,227.70999145507812,3.0772459506988525,0.7472459673881531,2536.48
2536579994,41.606700599999996,-86.3560498,227.6699981689453,3.038374662399292,0.7083746790885925,2536.58
2536679983,41.606700599999996,-86.3560499,227.62998962402344,2.996941566467285,0.6669417023658752,2536.68
2536779931,41.606700599999996,-86.3560499,227.58999633789062,2.9530904293060303,0.623090386390686,2536.78
2536880031,41.6067007,-86.3560499,227.5399932861328,2.9080429077148438,0.5780429244041443,2536.88
2536979931,41.6067007,-86.3560499,227.5,2.8632543087005615,0.5332544445991516,2536.98
2537079915,41.6067007,-86.35605,227.45999145507812,2.8210904598236084,0.4910906255245209,2537.08
2537179922,41.606700599999996,-86.35605009999999,227.4199981689453,2.783118486404419,0.45311859250068665,2537.18
2537280032,41.6067007,-86.35605009999999,227.37998962402344,2.7428054809570312,0.4128055274486542,2537.28
2537379921,41.6067007,-86.3560502,227.3300018310547,2.699315071105957,0.3693152368068695,2537.38
2537479887,41.6067008,-86.3560502,227.2899932861328,2.6532468795776367,0.32324689626693726,2537.48
2537579967,41.6067009,-86.35605029999999,227.239990234375,2.603917121887207,0.27391716837882996,2537.58
2537679952,41.6067009,-86.3560504,227.19000244140625,2.554651975631714,0.22465212643146515,2537.68
2537779972,41.606701,-86.3560504,227.13999938964844,2.504199266433716,0.17419923841953278,2537.78
2537879947,41.606701,-86.3560504,227.08999633789062,2.4517228603363037,0.1217229962348938,2537.88
2537980013,41.606701,-86.3560504,227.0399932861328,2.400571584701538,0.07057161629199982,2537.98
2538079974,41.606701,-86.3560505,226.989990234375,2.351182222366333,0.021182270720601082,2538.08
2538180158,41.606701099999995,-86.3560505,226.94000244140625,2.305072069168091,-0.024927860125899315,2538.18
2538280015,41.606701099999995,-86.3560505,226.89999389648438,2.2615432739257812,-0.06845657527446747,2538.28
2538379954,41.606701099999995,-86.3560505,226.84999084472656,2.218090772628784,-0.11190919578075409,2538.38
2538479925,41.606701099999995,-86.3560505,226.80999755859375,2.173902750015259,-0.15609711408615112,2538.48
2538579942,41.606701099999995,-86.3560505,226.76998901367188,2.1318912506103516,-0.1981087177991867,2538.58
2538679898,41.606701,-86.3560505,226.72000122070312,2.0897293090820312,-0.2402706742286682,2538.68
2538779956,41.6067009,-86.3560505,226.67999267578125,2.047365188598633,-0.28263476490974426,2538.78
2538879982,41.6067009,-86.3560505,226.63999938964844,2.004943370819092,-0.32505664229393005,2538.88
2538979892,41.6067008,-86.35605059999999,226.59999084472656,1.9611579179763794,-0.3688419759273529,2538.98
2539079981,41.6067008,-86.35605059999999,226.54998779296875,1.9179617166519165,-0.4120381772518158,2539.08
2539180040,41.6067007,-86.35605059999999,226.50999450683594,1.8713209629058838,-0.4586789608001709,2539.18
2539279952,41.6067007,-86.35605059999999,226.4499969482422,1.8194563388824463,-0.5105435848236084,2539.28
2539379969,41.6067007,-86.35605059999999,226.39999389648438,1.7676738500595093,-0.5623260736465454,2539.38
2539480005,41.606700599999996,-86.3560505,226.34999084472656,1.7169189453125,-0.6130810379981995,2539.48
2539579955,41.606700599999996,-86.3560505,226.29998779296875,1.6632028818130493,-0.6667970418930054,2539.58
2539679942,41.606700599999996,-86.3560505,226.25,1.6111032962799072,-0.7188966274261475,2539.68
2539780034,41.606700599999996,-86.3560505,226.1999969482422,1.560102939605713,-0.7698970437049866,2539.78
2539880016,41.606700499999995,-86.3560505,226.13999938964844,1.5092159509658813,-0.8207840323448181,2539.88
2539979966,41.606700499999995,-86.3560504,226.08999633789062,1.4580514430999756,-0.8719485402107239,2539.98
2540079944,41.606700499999995,-86.3560504,226.0399932861328,1.4055498838424683,-0.9244500994682312,2540.08
2540179931,41.606700499999995,-86.35605029999999,225.989990234375,1.356170892715454,-0.9738290309906006,2540.18
2540280001,41.606700499999995,-86.35605029999999,225.94000244140625,1.3097916841506958,-1.0202082395553589,2540.28
2540379945,41.606700499999995,-86.35605029999999,225.89999389648438,1.2624086141586304,-1.0675913095474243,2540.38
2540479881,41.606700499999995,-86.3560502,225.84999084472656,1.2135366201400757,-1.116463303565979,2540.48
2540579939,41.606700499999995,-86.3560502,225.79998779296875,1.1653934717178345,-1.1646064519882202,2540.58
2540679948,41.606700499999995,-86.35605009999999,225.75999450683594,1.1205437183380127,-1.209456205368042,2540.68
2540779994,41.606700499999995,-86.35605009999999,225.70999145507812,1.0799752473831177,-1.250024676322937,2540.78
2540880053,41.606700499999995,-86.35605,225.67999267578125,1.0415583848953247,-1.28844153881073,2540.88
2540979969,41.606700499999995,-86.35605,225.63999938964844,1.0031356811523438,-1.326864242553711,2540.98
2541079948,41.606700499999995,-86.35605,225.59999084472656,0.967042088508606,-1.3629578351974487,2541.08
2541179987,41.606700499999995,-86.3560499,225.55999755859375,0.928783655166626,-1.4012162685394287,2541.18
2541279997,41.606700499999995,-86.3560499,225.51998901367188,0.88726806640625,-1.4427318572998047,2541.28
2541380006,41.606700499999995,-86.3560499,225.47999572753906,0.8431882858276367,-1.486811637878418,2541.38
2541479928,41.606700599999996,-86.3560499,225.42999267578125,0.7999880313873291,-1.5300118923187256,2541.48
2541579946,41.606700599999996,-86.3560499,225.38999938964844,0.7562226057052612,-1.5737773180007935,2541.58
2541679963,41.606700599999996,-86.3560499,225.33999633789062,0.7069255113601685,-1.6230744123458862,2541.68
2541779957,41.6067007,-86.3560499,225.2899932861328,0.6563893556594849,-1.6736105680465698,2541.78
2541879935,41.6067007,-86.3560499,225.239990234375,0.6084921360015869,-1.7215077877044678,2541.88
2541979909,41.6067007,-86.35605,225.1999969482422,0.5633007287979126,-1.766699194908142,2541.98
2542079955,41.6067007,-86.35605,225.1599884033203,0.5241600275039673,-1.8058398962020874,2542.08
2542179915,41.6067008,-86.35605,225.12998962402344,0.4910462200641632,-1.8389537334442139,2542.18
2542279935,41.6067008,-86.35605,225.09999084472656,0.46415331959724426,-1.8658466339111328,2542.28
2542380059,41.6067008,-86.35605,225.0699920654297,0.43622663617134094,-1.8937733173370361,2542.38
2542479985,41.6067008,-86.35605,225.0399932861328,0.4031883776187897,-1.9268115758895874,2542.48
2542579990,41.6067008,-86.35605,225.0,0.3673352301120758,-1.9626647233963013,2542.58
2542680088,41.6067007,-86.35605,224.97000122070312,0.3317239582538605,-1.9982759952545166,2542.68
2542779985,41.6067007,-86.35605,224.92999267578125,0.29665520787239075,-2.0333447456359863,2542.78
2542879986,41.6067007,-86.35605009999999,224.89999389648438,0.26205065846443176,-2.0679492950439453,2542.88
2542980001,41.6067007,-86.35605009999999,224.86000061035156,0.2251606285572052,-2.104839324951172,2542.98
2543079995,41.6067007,-86.35605009999999,224.8199920654297,0.18581798672676086,-2.144181966781616,2543.08
2543179911,41.6067007,-86.35605009999999,224.77999877929688,0.14085152745246887,-2.189148426055908,2543.18
2543279874,41.6067007,-86.35605009999999,224.72999572753906,0.09341313689947128,-2.236586809158325,2543.28
2543379940,41.6067007,-86.35605009999999,224.67999267578125,0.04578878730535507,-2.2842111587524414,2543.38
2543479901,41.6067007,-86.35605009999999,224.63999938964844,0.0008270982652902603,-2.3291728496551514,2543.48
2543580004,41.6067007,-86.35605009999999,224.58999633789062,-0.04056856781244278,-2.3705685138702393,2543.58
2543679901,41.6067007,-86.35605009999999,224.55999755859375,-0.07817957550287247,-2.408179521560669,2543.68
2543779889,41.6067007,-86.35605009999999,224.51998901367188,-0.1152791753411293,-2.445279121398926,2543.78
2543880000,41.6067007,-86.35605009999999,224.47999572753906,-0.1503715217113495,-2.4803714752197266,2543.88
2543979974,41.6067007,-86.35605009999999,224.4499969482422,-0.18837854266166687,-2.518378496170044,2543.98
2544079909,41.6067007,-86.35605009999999,224.4099884033203,-0.22351166605949402,-2.553511619567871,2544.08
2544179986,41.6067007,-86.35605009999999,224.37998962402344,-0.2512147128582001,-2.581214666366577,2544.18
2544280069,41.6067007,-86.35605009999999,224.36000061035156,-0.27333399653434753,-2.6033339500427246,2544.28
2544379951,41.606700599999996,-86.35605009999999,224.33999633789062,-0.29687950015068054,-2.6268794536590576,2544.38
2544480059,41.606700599999996,-86.3560502,224.30999755859375,-0.3258785903453827,-2.6558785438537598,2544.48
2544580024,41.606700599999996,-86.3560502,224.26998901367188,-0.36057159304618835,-2.6905715465545654,2544.58
2544679924,41.606700599999996,-86.3560502,224.239990234375,-0.3958129584789276,-2.7258129119873047,2544.68
2544779940,41.606700599999996,-86.3560502,224.1999969482422,-0.4363100230693817,-2.766309976577759,2544.78
2544879917,41.606700599999996,-86.3560502,224.1599884033203,-0.47281143069267273,-2.80281138420105,2544.88
2544979934,41.606700599999996,-86.3560502,224.12998962402344,-0.5047552585601807,-2.8347551822662354,2544.98
2545079901,41.606700599999996,-86.3560502,224.09999084472656,-0.5351800918579102,-2.865180015563965,2545.08
2545179894,41.606700599999996,-86.3560502,224.0699920654297,-0.564793586730957,-2.8947935104370117,2545.18
2545279923,41.6067007,-86.3560502,224.0399932861328,-0.593696117401123,-2.9236960411071777,2545.28
2545380041,41.6067007,-86.3560502,224.00999450683594,-0.6213293075561523,-2.951329231262207,2545.38
2545479968,41.6067007,-86.3560502,223.989990234375,-0.6460645198822021,-2.976064443588257,2545.48
2545579976,41.6067007,-86.3560502,223.97000122070312,-0.6671409606933594,-2.997140884399414,2545.58
2545679892,41.6067007,-86.3560502,223.9499969482422,-0.6879732608795166,-3.0179731845855713,2545.68
2545779957,41.6067007,-86.3560502,223.92999267578125,-0.7089786529541016,-3.0389785766601562,2545.78
2545880071,41.6067007,-86.3560502,223.9099884033203,-0.728175163269043,-3.0581750869750977,2545.88
2545980016,41.6067007,-86.3560502,223.88999938964844,-0.7476646900177002,-3.077664613723755,2545.98
2546080006,41.6067007,-86.3560502,223.8699951171875,-0.7654623985290527,-3.0954623222351074,2546.08
2546179920,41.6067007,-86.35605029999999,223.84999084472656,-0.7808256149291992,-3.110825538635254,2546.18
2546279981,41.6067007,-86.35605029999999,223.83999633789062,-0.7961571216583252,-3.12615704536438,2546.28
2546379909,41.6067007,-86.35605029999999,223.8199920654297,-0.812359094619751,-3.1423590183258057,2546.38
2546479890,41.6067007,-86.3560504,223.80999755859375,-0.8278350830078125,-3.157835006713867,2546.48
2546580029,41.6067007,-86.3560504,223.7899932861328,-0.8425216674804688,-3.1725215911865234,2546.58
2546679898,41.6067008,-86.3560505,223.77999877929688,-0.8561475276947021,-3.186147451400757,2546.68
2546779885,41.6067008,-86.3560505,223.76998901367188,-0.8689894676208496,-3.1989893913269043,2546.78
2546879938,41.6067008,-86.35605059999999,223.75999450683594,-0.8798565864562988,-3.2098565101623535,2546.88
2546980039,41.6067008,-86.35605059999999,223.75,-0.8887150287628174,-3.218714952468872,2546.98
2547079955,41.6067008,-86.3560507,223.739990234375,-0.8943641185760498,-3.2243640422821045,2547.08
2547179981,41.6067008,-86.3560507,223.739990234375,-0.8961844444274902,-3.226184368133545,2547.18
2547279897,41.6067009,-86.3560507,223.739990234375,-0.8955678939819336,-3.2255678176879883,2547.28
2547379970,41.6067009,-86.35605079999999,223.739990234375,-0.8928158283233643,-3.222815752029419,2547.38
2547479968,41.6067009,-86.35605079999999,223.75,-0.8873434066772461,-3.217343330383301,2547.48
2547580005,41.6067009,-86.35605079999999,223.75,-0.8806898593902588,-3.2106897830963135,2547.58
2547679980,41.6067009,-86.3560509,223.75999450683594,-0.8736093044281006,-3.2036092281341553,2547.68
2547779919,41.6067009,-86.3560509,223.76998901367188,-0.8666448593139648,-3.1966447830200195,2547.78
2547880001,41.606701,-86.3560509,223.77999877929688,-0.8582823276519775,-3.1882822513580322,2547.88
2547979894,41.606701,-86.356051,223.7899932861328,-0.8490900993347168,-3.1790900230407715,2547.98
2548079939,41.606701,-86.356051,223.79998779296875,-0.8395404815673828,-3.1695404052734375,2548.08
2548179873,41.606701,-86.356051,223.79998779296875,-0.8300185203552246,-3.1600184440612793,2548.18
2548279846,41.606701,-86.356051,223.8199920654297,-0.8196935653686523,-3.149693489074707,2548.28
2548379888,41.606701,-86.356051,223.8300018310547,-0.8095474243164062,-3.139547348022461,2548.38
2548479894,41.606701099999995,-86.3560511,223.83999633789062,-0.7986977100372314,-3.128697633743286,2548.48
2548579968,41.606701099999995,-86.3560511,223.84999084472656,-0.7874603271484375,-3.117460250854492,2548.58
2548680031,41.606701099999995,-86.3560511,223.86000061035156,-0.7747101783752441,-3.104710102081299,2548.68
2548779944,41.606701199999996,-86.3560511,223.8699951171875,-0.762467622756958,-3.0924675464630127,2548.78
2548879954,41.606701199999996,-86.3560512,223.87998962402344,-0.7501406669616699,-3.0801405906677246,2548.88
2548979975,41.606701199999996,-86.3560512,223.89999389648438,-0.7389991283416748,-3.0689990520477295,2548.98
2549079930,41.6067013,-86.35605129999999,223.9099884033203,-0.7278592586517334,-3.057859182357788,2549.08
2549179903,41.6067013,-86.35605129999999,223.9199981689453,-0.7168998718261719,-3.0468997955322266,2549.18
2549279891,41.6067013,-86.35605129999999,223.92999267578125,-0.7066564559936523,-3.036656379699707,2549.28
2549379907,41.6067013,-86.3560514,223.94000244140625,-0.6960997581481934,-3.026099681854248,2549.38
2549479875,41.6067013,-86.3560514,223.9499969482422,-0.6857106685638428,-3.0157105922698975,2549.48
2549579852,41.6067013,-86.35605149999999,223.95999145507812,-0.675269365310669,-3.0052692890167236,2549.58
2549679899,41.6067014,-86.35605149999999,223.97000122070312,-0.6628036499023438,-2.9928035736083984,2549.68
2549779865,41.6067014,-86.3560516,223.989990234375,-0.6495003700256348,-2.9795002937316895,2549.78
2549879990,41.6067014,-86.3560516,224.0,-0.6362361907958984,-2.966236114501953,2549.88
2549979868,41.6067014,-86.3560517,224.00999450683594,-0.6230173110961914,-2.953017234802246,2549.98
2550079883,41.6067015,-86.3560517,224.02999877929688,-0.6098284721374512,-2.939828395843506,2550.08
2550179885,41.6067015,-86.3560518,224.0399932861328,-0.5970962047576904,-2.927096128463745,2550.18
2550279861,41.6067016,-86.3560518,224.04998779296875,-0.5849714279174805,-2.914971351623535,2550.28
2550379930,41.6067016,-86.3560519,224.05999755859375,-0.5735175609588623,-2.903517484664917,2550.38
2550479877,41.6067016,-86.3560519,224.0699920654297,-0.5622520446777344,-2.892251968383789,2550.48
2550579963,41.606701699999995,-86.35605199999999,224.0800018310547,-0.5509035587310791,-2.880903482437134,2550.58
2550679909,41.606701699999995,-86.3560521,224.09999084472656,-0.5384125709533691,-2.868412494659424,2550.68
2550780140,41.606701799999996,-86.3560521,224.11000061035156,-0.5251803398132324,-2.855180263519287,2550.78
2550879923,41.606701799999996,-86.3560522,224.1199951171875,-0.5126383304595947,-2.8426382541656494,2550.88
2550979891,41.6067019,-86.3560522,224.13999938964844,-0.49988147616386414,-2.829881429672241,2550.98
2551079842,41.6067019,-86.3560523,224.14999389648438,-0.4874400794506073,-2.8174400329589844,2551.08
2551179849,41.6067019,-86.3560523,224.1599884033203,-0.4753367602825165,-2.8053367137908936,2551.18
2551279857,41.6067019,-86.3560523,224.1699981689453,-0.46468278765678406,-2.794682741165161,2551.28
2551379920,41.606701799999996,-86.3560523,224.17999267578125,-0.45491907000541687,-2.784919023513794,2551.38
2551479910,41.606701799999996,-86.3560523,224.19000244140625,-0.4444539248943329,-2.77445387840271,2551.48
2551579867,41.606701799999996,-86.3560524,224.1999969482422,-0.43356844782829285,-2.76356840133667,2551.58
2551679882,41.606701799999996,-86.3560524,224.20999145507812,-0.4212760627269745,-2.7512760162353516,2551.68
2551779916,41.606701799999996,-86.3560524,224.22999572753906,-0.4084486663341522,-2.7384486198425293,2551.78
2551879876,41.606701799999996,-86.3560524,224.239990234375,-0.39493176341056824,-2.7249317169189453,2551.88
2551979890,41.606701799999996,-86.35605249999999,224.25,-0.38185688853263855,-2.7118568420410156,2551.98
2552079915,41.606701799999996,-86.3560526,224.26998901367188,-0.3696453273296356,-2.6996452808380127,2552.08
2552179847,41.606701699999995,-86.3560526,224.27999877929688,-0.35712453722953796,-2.687124490737915,2552.18
2552279877,41.606701799999996,-86.35605269999999,224.2899932861328,-0.3452770411968231,-2.6752769947052,2552.28
2552379899,41.606701799999996,-86.35605269999999,224.29998779296875,-0.3334488570690155,-2.6634488105773926,2552.38
2552479886,41.606701799999996,-86.35605269999999,224.30999755859375,-0.32189151644706726,-2.6518914699554443,2552.48
2552579948,41.606701799999996,-86.3560528,224.3199920654297,-0.3101818263530731,-2.64018177986145,2552.58
2552679888,41.606701799999996,-86.3560528,224.33999633789062,-0.2986588180065155,-2.6286587715148926,2552.68
2552779869,41.606701799999996,-86.3560528,224.34999084472656,-0.28794237971305847,-2.6179423332214355,2552.78
2552879974,41.606701799999996,-86.3560529,224.36000061035156,-0.27805063128471375,-2.608050584793091,2552.88
2552979836,41.606701799999996,-86.3560529,224.3699951171875,-0.2686555087566376,-2.5986554622650146,2552.98
2553079884,41.606701799999996,-86.356053,224.37998962402344,-0.25998803973197937,-2.5899879932403564,2553.08
2553179830,41.6067019,-86.3560531,224.37998962402344,-0.25192925333976746,-2.5819292068481445,2553.18
2553279968,41.6067019,-86.3560531,224.38999938964844,-0.24423477053642273,-2.5742347240448,2553.28
2553379869,41.6067019,-86.35605319999999,224.39999389648438,-0.23647066950798035,-2.5664706230163574,2553.38
2553479899,41.6067019,-86.35605319999999,224.4099884033203,-0.22831818461418152,-2.5583181381225586,2553.48
2553579890,41.606702,-86.3560533,224.4099884033203,-0.22034737467765808,-2.550347328186035,2553.58
2553679945,41.606702,-86.3560534,224.4199981689453,-0.2125069797039032,-2.5425069332122803,2553.68
2553779938,41.606702,-86.3560535,224.42999267578125,-0.2038421332836151,-2.533842086791992,2553.78
2553879940,41.606702,-86.3560536,224.44000244140625,-0.1958586871623993,-2.5258586406707764,2553.88
2553979896,41.606702,-86.3560536,224.4499969482422,-0.18812009692192078,-2.518120050430298,2553.98
2554079939,41.6067021,-86.35605369999999,224.4499969482422,-0.180218905210495,-2.510218858718872,2554.08
2554179875,41.6067021,-86.35605369999999,224.45999145507812,-0.172908753156662,-2.502908706665039,2554.18
2554279880,41.6067021,-86.3560538,224.47000122070312,-0.1655268371105194,-2.4955267906188965,2554.28
2554379951,41.6067021,-86.3560538,224.47999572753906,-0.15741559863090515,-2.4874155521392822,2554.38
2554479847,41.6067021,-86.3560538,224.489990234375,-0.1493644416332245,-2.4793643951416016,2554.48
2554579859,41.6067022,-86.35605389999999,224.489990234375,-0.14143535494804382,-2.471435308456421,2554.58
2554679921,41.6067022,-86.35605389999999,224.5,-0.13359186053276062,-2.4635918140411377,2554.68
2554779832,41.6067022,-86.356054,224.50999450683594,-0.12545058131217957,-2.4554505348205566,2554.78
2554879897,41.606702299999995,-86.3560541,224.51998901367188,-0.1172308698296547,-2.447230815887451,2554.88
2554979993,41.606702299999995,-86.3560541,224.52999877929688,-0.10912320762872696,-2.4391231536865234,2554.98
2555079878,41.606702399999996,-86.3560541,224.52999877929688,-0.10100195556879044,-2.431001901626587,2555.08
2555179890,41.606702399999996,-86.3560542,224.5399932861328,-0.09234235435724258,-2.422342300415039,2555.18
2555279991,41.606702399999996,-86.3560542,224.54998779296875,-0.08377406746149063,-2.413774013519287,2555.28
2555379942,41.6067025,-86.3560543,224.55999755859375,-0.07540080696344376,-2.4054007530212402,2555.38
2555479872,41.6067025,-86.3560543,224.5699920654297,-0.06798455864191055,-2.397984504699707,2555.48
2555579889,41.6067025,-86.35605439999999,224.5699920654297,-0.06077144294977188,-2.3907713890075684,2555.58
2555679850,41.6067026,-86.3560545,224.5800018310547,-0.05259750038385391,-2.3825974464416504,2555.68
2555779843,41.6067026,-86.3560545,224.58999633789062,-0.04435084015130997,-2.3743507862091064,2555.78
2555879866,41.6067026,-86.3560545,224.59999084472656,-0.03647420555353165,-2.366474151611328,2555.88
2555979931,41.6067026,-86.3560546,224.61000061035156,-0.028825974091887474,-2.358825922012329,2555.98
2556079821,41.6067027,-86.3560546,224.61000061035156,-0.021555399522185326,-2.351555347442627,2556.08
2556180256,41.6067027,-86.3560547,224.6199951171875,-0.01482078991830349,-2.344820737838745,2556.18
2556279859,41.6067027,-86.3560547,224.62998962402344,-0.0080475565046072,-2.338047504425049,2556.28
2556380040,41.6067028,-86.3560547,224.62998962402344,-0.00129697285592556,-2.331296920776367,2556.38
2556479868,41.6067028,-86.3560548,224.63999938964844,0.0067708734422922134,-2.3232290744781494,2556.48
2556579881,41.6067028,-86.3560548,224.64999389648438,0.015594983473420143,-2.3144049644470215,2556.58
2556679802,41.6067028,-86.3560548,224.6599884033203,0.02432110346853733,-2.3056788444519043,2556.68
2556779882,41.606702899999995,-86.3560548,224.6699981689453,0.0331888422369957,-2.296811103820801,2556.78
2556879959,41.606702899999995,-86.3560548,224.67999267578125,0.04076244682073593,-2.2892374992370605,2556.88
2556979869,41.606702899999995,-86.35605489999999,224.67999267578125,0.04719259589910507,-2.2828073501586914,2556.98
2557080037,41.606702899999995,-86.35605489999999,224.69000244140625,0.053947947919368744,-2.2760519981384277,2557.08
2557180250,41.606702899999995,-86.35605489999999,224.6999969482422,0.06092860549688339,-2.269071340560913,2557.18
2557279841,41.606702899999995,-86.356055,224.6999969482422,0.06738235801458359,-2.262617588043213,2557.28
2557379860,41.606702999999996,-86.356055,224.70999145507812,0.07307746261358261,-2.256922483444214,2557.38
2557479853,41.606702999999996,-86.35605509999999,224.70999145507812,0.07804491370916367,-2.251955032348633,2557.48
2557579948,41.606702999999996,-86.35605509999999,224.72000122070312,0.08248760551214218,-2.2475123405456543,2557.58
2557679852,41.606702999999996,-86.3560552,224.72000122070312,0.08729555457830429,-2.242704391479492,2557.68
2557779884,41.606702999999996,-86.3560552,224.72999572753906,0.09244825690984726,-2.237551689147949,2557.78
2557879889,41.606702999999996,-86.3560552,224.72999572753906,0.09705450385808945,-2.232945442199707,2557.88
2557979974,41.606702999999996,-86.3560552,224.739990234375,0.10042669624090195,-2.2295732498168945,2557.98
2558079850,41.606702999999996,-86.3560553,224.739990234375,0.10337831825017929,-2.226621627807617,2558.08
2558180145,41.606702999999996,-86.3560553,224.739990234375,0.10609819740056992,-2.2239017486572266,2558.18
2558279878,41.6067031,-86.3560554,224.739990234375,0.10884382575750351,-2.221156120300293,2558.28
2558379949,41.6067031,-86.3560554,224.75,0.11190130561590195,-2.2180986404418945,2558.38
2558479870,41.6067031,-86.3560555,224.75,0.11559893935918808,-2.2144010066986084,2558.48
2558579899,41.6067031,-86.3560555,224.75,0.1196606382727623,-2.210339307785034,2558.58
2558679895,41.6067031,-86.3560555,224.75999450683594,0.12334396690130234,-2.206655979156494,2558.68
2558779881,41.6067031,-86.35605559999999,224.75999450683594,0.1264365017414093,-2.2035634517669678,2558.78
2558879941,41.6067031,-86.35605559999999,224.75999450683594,0.12898877263069153,-2.2010111808776855,2558.88
2558979841,41.6067031,-86.3560557,224.76998901367188,0.13095501065254211,-2.199044942855835,2558.98
2559079859,41.6067031,-86.3560558,224.76998901367188,0.1337771713733673,-2.1962227821350098,2559.08
2559180021,41.6067032,-86.3560559,224.76998901367188,0.1373298466205597,-2.1926701068878174,2559.18
2559279872,41.6067032,-86.3560559,224.77999877929688,0.14054420590400696,-2.18945574760437,2559.28
2559379881,41.6067032,-86.3560559,224.77999877929688,0.1440432369709015,-2.1859567165374756,2559.38
2559479837,41.6067032,-86.356056,224.77999877929688,0.14768674969673157,-2.1823132038116455,2559.48
2559579897,41.6067032,-86.356056,224.7899932861328,0.151995450258255,-2.178004503250122,2559.58
2559679854,41.6067032,-86.356056,224.7899932861328,0.15716102719306946,-2.1728389263153076,2559.68
2559780078,41.6067032,-86.35605609999999,224.79998779296875,0.16154006123542786,-2.168459892272949,2559.78
2559879917,41.6067032,-86.35605609999999,224.79998779296875,0.1658046543598175,-2.1641952991485596,2559.88
2559979941,41.6067033,-86.35605609999999,224.79998779296875,0.16937211155891418,-2.160627841949463,2559.98
2560079939,41.6067033,-86.3560562,224.80999755859375,0.17232659459114075,-2.1576733589172363,2560.08
2560180016,41.6067034,-86.3560562,224.80999755859375,0.17593219876289368,-2.1540677547454834,2560.18
2560279865,41.6067034,-86.35605629999999,224.8199920654297,0.1808493435382843,-2.1491506099700928,2560.28
2560379892,41.6067034,-86.35605629999999,224.8199920654297,0.18612173199653625,-2.143878221511841,2560.38
2560479928,41.6067034,-86.35605629999999,224.8300018310547,0.19101384282112122,-2.138986110687256,2560.48
2560579849,41.606703499999995,-86.3560564,224.8300018310547,0.1952228844165802,-2.134777069091797,2560.58
2560679897,41.606703499999995,-86.3560564,224.8300018310547,0.19899466633796692,-2.13100528717041,2560.68
2560779833,41.606703599999996,-86.3560565,224.83999633789062,0.20227840542793274,-2.1277215480804443,2560.78
2560879889,41.606703599999996,-86.3560565,224.83999633789062,0.20470717549324036,-2.1252927780151367,2560.88
2560979886,41.606703599999996,-86.3560565,224.83999633789062,0.20667293667793274,-2.1233270168304443,2560.98
2561079857,41.6067037,-86.3560566,224.83999633789062,0.20823171734809875,-2.1217682361602783,2561.08
2561179873,41.6067037,-86.3560566,224.83999633789062,0.209610253572464,-2.120389699935913,2561.18
2561279947,41.6067037,-86.3560567,224.84999084472656,0.2125585377216339,-2.117441415786743,2561.28
2561379908,41.6067038,-86.3560567,224.84999084472656,0.21604564785957336,-2.1139543056488037,2561.38
2561479912,41.6067038,-86.3560567,224.84999084472656,0.21994689106941223,-2.110053062438965,2561.48
2561579975,41.6067038,-86.3560567,224.86000061035156,0.22404316067695618,-2.105956792831421,2561.58
2561679900,41.6067038,-86.3560567,224.86000061035156,0.22773697972297668,-2.1022629737854004,2561.68
2561779873,41.6067038,-86.3560567,224.8699951171875,0.23094919323921204,-2.099050760269165,2561.78
2561879889,41.6067038,-86.3560567,224.8699951171875,0.23274973034858704,-2.09725022315979,2561.88
2561979847,41.6067038,-86.3560567,224.8699951171875,0.23321369290351868,-2.0967862606048584,2561.98
2562079854,41.6067038,-86.35605679999999,224.8699951171875,0.23398473858833313,-2.096015214920044,2562.08
2562179880,41.6067038,-86.3560569,224.8699951171875,0.2351231873035431,-2.094876766204834,2562.18
2562279889,41.6067039,-86.3560569,224.8699951171875,0.23658540844917297,-2.093414545059204,2562.28
2562379879,41.6067039,-86.35605699999999,224.8699951171875,0.2382543385028839,-2.091745615005493,2562.38
2562479900,41.6067039,-86.35605699999999,224.87998962402344,0.24078872799873352,-2.0892112255096436,2562.48
2562579873,41.606704,-86.3560571,224.87998962402344,0.24468782544136047,-2.0853121280670166,2562.58
2562679846,41.606704,-86.3560571,224.87998962402344,0.2480194866657257,-2.0819804668426514,2562.68
2562779845,41.606704099999995,-86.3560572,224.88999938964844,0.25135543942451477,-2.0786445140838623,2562.78
2562879880,41.606704099999995,-86.3560572,224.88999938964844,0.25458744168281555,-2.0754125118255615,2562.88
2562979924,41.606704099999995,-86.35605729999999,224.88999938964844,0.2578728497028351,-2.072127103805542,2562.98
2563079902,41.606704099999995,-86.35605729999999,224.89999389648438,0.26096728444099426,-2.069032669067383,2563.08
2563179946,41.606704199999996,-86.35605729999999,224.89999389648438,0.26377323269844055,-2.0662267208099365,2563.18
2563279896,41.606704199999996,-86.35605729999999,224.89999389648438,0.26679304242134094,-2.063206911087036,2563.28
2563380084,41.606704199999996,-86.35605729999999,224.89999389648438,0.26887038350105286,-2.061129570007324,2563.38
2563479897,41.606704199999996,-86.35605729999999,224.9099884033203,0.2719462215900421,-2.058053731918335,2563.48
